timestamp,scenario,source,rule_name,strategy_name,strategy_hash,strategy_status,adaptation_type,adaptation_status,success,iou,vehicle_iou,road_iou,gt_failure_name,is_gt_failure
177788318,,/evaluator_log,,,0,0,0,0,False,0.5758379697799683,0.596036434173584,0.9657858610153198,,False
317787007,,/evaluator_log,,,0,0,0,0,False,0.567213237285614,0.5685916543006897,0.9673824310302734,,False
327782603,,/evaluator_log,,,0,0,0,0,False,0.5454676747322083,0.4455137252807617,0.9673227667808533,,False
422794570,,/evaluator_log,,,0,0,0,0,False,0.5193779468536377,0.28688523173332214,0.9692474603652954,,False
527787543,,/evaluator_log,,,0,0,0,0,False,0.5201601386070251,0.44179895520210266,0.9694640040397644,,False
622792626,,/evaluator_log,,,0,0,0,0,False,0.532633364200592,0.9237056970596313,0.9684301614761353,,False
727791600,,/evaluator_log,,,0,0,0,0,False,0.5085535645484924,0.897172212600708,0.9674443602561951,,False
827805895,,/evaluator_log,,,0,0,0,0,False,0.48409977555274963,0.45049506425857544,0.9702792167663574,,False
927798940,,/evaluator_log,,,0,0,0,0,False,0.4939456582069397,0.917475700378418,0.9670359492301941,,False
1002810531,_027,scenario_executor,,,0,0,0,0,False,0.0,0.0,0.0,do_drop_segmentation,False
1002810531,_027,scenario_executor,,,0,0,0,0,False,0.0,0.0,0.0,image_degradation,False
1002810531,_027,scenario_executor,,,0,0,0,0,False,0.0,0.0,0.0,autofocus_needed,False
1022818079,,/evaluator_log,,,0,0,0,0,False,0.4771357774734497,0.9146919250488281,0.9674641489982605,,False
1122805533,,/evaluator_log,,,0,0,0,0,False,0.48493415117263794,0.9044288992881775,0.9686749577522278,,False
1222804004,,/evaluator_log,,,0,0,0,0,False,0.48416459560394287,0.898004412651062,0.9655604362487793,,False
1327817028,,/evaluator_log,,,0,0,0,0,False,0.4567387104034424,0.4553191363811493,0.9668986797332764,,False
1422811046,,/evaluator_log,,,0,0,0,0,False,0.4587119519710541,0.4604700803756714,0.9675349593162537,,False
1662821290,,analyzer,AutoFocusNeeded,,0,0,0,0,False,0.0,0.0,0.0,,False
1667825283,,planning,AutoFocusNeeded,autofocus_strategy,18274997830408420195,1,0,0,False,0.0,0.0,0.0,,False
1667825283,,execution_parametrization,,,0,0,0,1,False,0.0,0.0,0.0,,False
2062835521,,analyzer,AutoFocusNeeded,autofocus_strategy,18274997830408420195,3,0,0,True,0.0,0.0,0.0,,False
2867857136,,execution_parametrization,,,0,0,0,3,True,0.0,0.0,0.0,,False
5667924957,,analyzer,SegmentationDead,,0,0,0,0,False,0.0,0.0,0.0,,False
5672924679,,planning,SegmentationDead,segmentation_restart,3804427162940246793,1,0,0,False,0.0,0.0,0.0,,False
5672924679,,execution_lifecycle_change,,,0,0,0,1,False,0.0,0.0,0.0,,False
5727919492,,/evaluator_log,,,0,0,0,0,False,0.2607802152633667,0.11701607704162598,0.39688822627067566,,False
5817921658,,/evaluator_log,,,0,0,0,0,False,0.25733643770217896,0.11818180978298187,0.40964630246162415,,False
5922931373,,/evaluator_log,,,0,0,0,0,False,0.26289594173431396,0.11455968767404556,0.45064735412597656,,False
6022928580,,/evaluator_log,,,0,0,0,0,False,0.25516965985298157,0.12814855575561523,0.4482468068599701,,False
6067934842,,analyzer,SegmentationBad,,0,0,0,0,False,0.0,0.0,0.0,,False
6067934842,,analyzer,SegmentationDead,segmentation_restart,3804427162940246793,3,0,0,True,0.0,0.0,0.0,,False
6072936335,,planning,SegmentationBad,recalibration,12522202132277569776,1,0,0,False,0.0,0.0,0.0,,False
6072936335,,execution_lifecycle_change,,,0,0,0,3,True,0.0,0.0,0.0,,False
6122932367,,/evaluator_log,,,0,0,0,0,False,0.27370256185531616,0.10380952060222626,0.4532054662704468,,False
6222929736,,/evaluator_log,,,0,0,0,0,False,0.2645605504512787,0.13079267740249634,0.46124783158302307,,False
6322937522,,/evaluator_log,,,0,0,0,0,False,0.26269644498825073,0.13179722428321838,0.4388333857059479,,False
6422943887,,/evaluator_log,,,0,0,0,0,False,0.27475598454475403,0.10588236153125763,0.4300685226917267,,False
6472945752,,execution_parametrization,,,0,0,0,1,False,0.0,0.0,0.0,,False
6522946978,,/evaluator_log,,,0,0,0,0,False,0.2890617251396179,0.15597979724407196,0.42182156443595886,,False
6622945919,,/evaluator_log,,,0,0,0,0,False,0.27871060371398926,0.12523365020751953,0.40320268273353577,,False
6727952377,,/evaluator_log,,,0,0,0,0,False,0.3023328185081482,0.13615022599697113,0.43453624844551086,,False
6817944078,,/evaluator_log,,,0,0,0,0,False,0.2908933758735657,0.11983470618724823,0.40285611152648926,,False
6872954832,,execution_parametrization,,,0,0,0,3,True,0.0,0.0,0.0,,False
6922951256,,/evaluator_log,,,0,0,0,0,False,0.2790133059024811,0.12769952416419983,0.39163273572921753,,False
7022950317,,/evaluator_log,,,0,0,0,0,False,0.28053078055381775,0.13155555725097656,0.40398886799812317,,False
7122960964,,/evaluator_log,,,0,0,0,0,False,0.2756847143173218,0.11338583379983902,0.387290894985199,,False
7222964365,,/evaluator_log,,,0,0,0,0,False,0.2714793384075165,0.12894736230373383,0.4274672865867615,,False
7322960408,,/evaluator_log,,,0,0,0,0,False,0.26587989926338196,0.1143939346075058,0.39462968707084656,,False
7422969571,,/evaluator_log,,,0,0,0,0,False,0.27025163173675537,0.1225225180387497,0.4149533808231354,,False
7522972670,,/evaluator_log,,,0,0,0,0,False,0.26329097151756287,0.11375464498996735,0.4163608253002167,,False
7622964460,,/evaluator_log,,,0,0,0,0,False,0.2579888701438904,0.0939297154545784,0.34292447566986084,,False
7667967166,,analyzer,SegmentationBad,recalibration,12522202132277569776,4,0,0,False,0.0,0.0,0.0,,False
7672967207,,planning,SegmentationBad,enhancement_deactivate,18219604205592285671,1,0,0,False,0.0,0.0,0.0,,False
7672967207,,execution_lifecycle_change,,,0,0,0,1,False,0.0,0.0,0.0,,False
7672967207,,execution_comm_change,,,0,0,5,1,False,0.0,0.0,0.0,,False
7717973943,,/evaluator_log,,,0,0,0,0,False,0.26621365547180176,0.13025209307670593,0.39118102192878723,,False
7822970738,,/evaluator_log,,,0,0,0,0,False,0.2580900192260742,0.09878049045801163,0.3753863573074341,,False
7927994533,,/evaluator_log,,,0,0,0,0,False,0.25066080689430237,0.08454258739948273,0.34116631746292114,,False
8022995811,,/evaluator_log,,,0,0,0,0,False,0.26237010955810547,0.13203124701976776,0.3695709705352783,,False
8072984587,,execution_lifecycle_change,,,0,0,0,3,False,0.0,0.0,0.0,,False
8123001312,,/evaluator_log,,,0,0,0,0,False,0.25828468799591064,0.12051282078027725,0.33687520027160645,,False
8217981993,,/evaluator_log,,,0,0,0,0,False,0.25864365696907043,0.14684684574604034,0.29431724548339844,,False
8322982457,,/evaluator_log,,,0,0,0,0,False,0.25670039653778076,0.12133891880512238,0.2991143465042114,,False
8422984865,,/evaluator_log,,,0,0,0,0,False,0.25518491864204407,0.13490566611289978,0.28725355863571167,,False
8472995378,,execution_comm_change,,,0,0,0,3,True,0.0,0.0,0.0,,False
8522990688,,/evaluator_log,,,0,0,0,0,False,0.2553761601448059,0.13079848885536194,0.2664135694503784,,False
8622993346,,/evaluator_log,,,0,0,0,0,False,0.25507843494415283,0.1347457617521286,0.29218989610671997,,False
8728001025,,/evaluator_log,,,0,0,0,0,False,0.2567105293273926,0.13333334028720856,0.24322737753391266,,False
8822994349,,/evaluator_log,,,0,0,0,0,False,0.25557366013526917,0.1169811338186264,0.2628996670246124,,False
8923005731,,/evaluator_log,,,0,0,0,0,False,0.2666674554347992,0.12841328978538513,0.26028987765312195,,False
9023002420,,/evaluator_log,,,0,0,0,0,False,0.26460397243499756,0.1295880228281021,0.21606773138046265,,False
9123005052,,/evaluator_log,,,0,0,0,0,False,0.29250526428222656,0.15019455552101135,0.2578273117542267,,False
9223007934,,/evaluator_log,,,0,0,0,0,False,0.2916375696659088,0.13155892491340637,0.2312103509902954,,False
9323004742,,/evaluator_log,,,0,0,0,0,False,0.29819923639297485,0.14436089992523193,0.27635064721107483,,False
9418016958,,/evaluator_log,,,0,0,0,0,False,0.2817077338695526,0.11986301094293594,0.23712125420570374,,False
9528016011,,/evaluator_log,,,0,0,0,0,False,0.2991611063480377,0.1481751799583435,0.2686586081981659,,False
9618016548,,/evaluator_log,,,0,0,0,0,False,0.2905331552028656,0.12854459881782532,0.23606105148792267,,False
9668014920,,analyzer,SegmentationBad,enhancement_deactivate,18219604205592285671,4,0,0,False,0.0,0.0,0.0,,False
9673022041,,planning,SegmentationBad,enhancement_activate,8888226150480900823,1,0,0,False,0.0,0.0,0.0,,False
9673022041,,execution_lifecycle_change,,,0,0,0,1,False,0.0,0.0,0.0,,False
9673022041,,execution_comm_change,,,0,0,5,1,False,0.0,0.0,0.0,,False
9723026399,,/evaluator_log,,,0,0,0,0,False,0.48578569293022156,0.3868735432624817,0.9608904719352722,,False
9823028829,,/evaluator_log,,,0,0,0,0,False,0.5195212960243225,0.47977519035339355,0.9615176916122437,,False
9923031117,,/evaluator_log,,,0,0,0,0,False,0.49268922209739685,0.38365331292152405,0.9576442837715149,,False
10023032737,,/evaluator_log,,,0,0,0,0,False,0.5497097373008728,0.44485801458358765,0.9628542065620422,,False
10068034880,,analyzer,SegmentationBad,enhancement_activate,8888226150480900823,3,0,0,True,0.0,0.0,0.0,,False
10073035281,,execution_lifecycle_change,,,0,0,0,3,True,0.0,0.0,0.0,,False
10073035281,,execution_comm_change,,,0,0,0,3,True,0.0,0.0,0.0,,False
10123035861,,/evaluator_log,,,0,0,0,0,False,0.531718909740448,0.37135496735572815,0.9602189660072327,,False
10223030779,,/evaluator_log,,,0,0,0,0,False,0.5688152313232422,0.4205071032047272,0.9627084732055664,,False
10323031182,,/evaluator_log,,,0,0,0,0,False,0.5624940991401672,0.38349342346191406,0.9618117809295654,,False
10423032526,,/evaluator_log,,,0,0,0,0,False,0.5499382615089417,0.3884473145008087,0.958633542060852,,False
10523037432,,/evaluator_log,,,0,0,0,0,False,0.5528474450111389,0.41903939843177795,0.956508219242096,,False
10623048078,,/evaluator_log,,,0,0,0,0,False,0.5619865655899048,0.4356355667114258,0.9617108702659607,,False
10723049766,,/evaluator_log,,,0,0,0,0,False,0.5333515405654907,0.41407090425491333,0.9626902937889099,,False
10823043221,,/evaluator_log,,,0,0,0,0,False,0.5316376090049744,0.38811367750167847,0.962467610836029,,False
10923048089,,/evaluator_log,,,0,0,0,0,False,0.5213850736618042,0.4228300452232361,0.964588463306427,,False
11023046601,,/evaluator_log,,,0,0,0,0,False,0.5163746476173401,0.37951841950416565,0.9633393883705139,,False
11123052768,,/evaluator_log,,,0,0,0,0,False,0.5066598057746887,0.36220964789390564,0.9651525020599365,,False
11218062606,,/evaluator_log,,,0,0,0,0,False,0.5720590353012085,0.49645864963531494,0.9683635830879211,,False
11323056985,,/evaluator_log,,,0,0,0,0,False,0.588093101978302,0.5204260945320129,0.9674477577209473,,False
11423060389,,/evaluator_log,,,0,0,0,0,False,0.5699391961097717,0.43039655685424805,0.9635815620422363,,False
11528069989,,/evaluator_log,,,0,0,0,0,False,0.5876377820968628,0.4520273208618164,0.9617102742195129,,False
11623073340,,/evaluator_log,,,0,0,0,0,False,0.5863057374954224,0.4802696108818054,0.959855318069458,,False
11723075318,,/evaluator_log,,,0,0,0,0,False,0.5660625696182251,0.304497092962265,0.9619722366333008,,False
11928080405,,/evaluator_log,,,0,0,0,0,False,0.5935221910476685,0.4110981523990631,0.9636207818984985,,False
12023077610,,/evaluator_log,,,0,0,0,0,False,0.5572599172592163,0.35820579528808594,0.9682022929191589,,False
12123076179,,/evaluator_log,,,0,0,0,0,False,0.535964846611023,0.3050254285335541,0.9679363369941711,,False
12218088348,,/evaluator_log,,,0,0,0,0,False,0.5561468601226807,0.3037383258342743,0.9670852422714233,,False
12323090868,,/evaluator_log,,,0,0,0,0,False,0.5950107574462891,0.4994089603424072,0.9661693572998047,,False
12423086076,,/evaluator_log,,,0,0,0,0,False,0.516674816608429,0.22735589742660522,0.962096631526947,,False
12523090006,,/evaluator_log,,,0,0,0,0,False,0.5332502126693726,0.44175466895103455,0.9648038148880005,,False
12623092495,,/evaluator_log,,,0,0,0,0,False,0.6291046142578125,0.4968317449092865,0.962212324142456,,False
12723099038,,/evaluator_log,,,0,0,0,0,False,0.5961061120033264,0.3059239685535431,0.9617335796356201,,False
12823101799,,/evaluator_log,,,0,0,0,0,False,0.6270754933357239,0.5634738802909851,0.9601832032203674,,False
12923104780,,/evaluator_log,,,0,0,0,0,False,0.5788451433181763,0.3705174922943115,0.960882306098938,,False
13018098306,,/evaluator_log,,,0,0,0,0,False,0.6232233643531799,0.4985578954219818,0.9618032574653625,,False
13123106450,,/evaluator_log,,,0,0,0,0,False,0.6123567223548889,0.36367881298065186,0.9622926712036133,,False
13223106609,,/evaluator_log,,,0,0,0,0,False,0.5940719842910767,0.39025697112083435,0.9633353352546692,,False
13323110068,,/evaluator_log,,,0,0,0,0,False,0.5867248177528381,0.30816832184791565,0.9644157886505127,,False
13423116573,,/evaluator_log,,,0,0,0,0,False,0.5942391157150269,0.31386861205101013,0.9661709666252136,,False
13523121788,,/evaluator_log,,,0,0,0,0,False,0.5917015075683594,0.3373015820980072,0.9660162925720215,,False
13623112756,,/evaluator_log,,,0,0,0,0,False,0.5780602693557739,0.5003300309181213,0.9656188488006592,,False
13728119284,,/evaluator_log,,,0,0,0,0,False,0.5460036993026733,0.2976680397987366,0.9672253131866455,,False
13828121959,,/evaluator_log,,,0,0,0,0,False,0.5151551961898804,0.2222222238779068,0.9644282460212708,,False
13923122951,,/evaluator_log,,,0,0,0,0,False,0.5384346842765808,0.23333333432674408,0.9668387770652771,,False
14023132992,,/evaluator_log,,,0,0,0,0,False,0.48005741834640503,0.0,0.9690515398979187,,False
14123134552,,/evaluator_log,,,0,0,0,0,False,0.532198965549469,0.1031746044754982,0.9715670943260193,,False
14223137671,,/evaluator_log,,,0,0,0,0,False,0.5281937718391418,0.17493796348571777,0.9692113995552063,,False
14323140142,,/evaluator_log,,,0,0,0,0,False,0.5515991449356079,0.1590413898229599,0.9727163314819336,,False
14428143686,,/evaluator_log,,,0,0,0,0,False,0.5976963639259338,0.3523809611797333,0.974644660949707,,False
14523151725,,/evaluator_log,,,0,0,0,0,False,0.5369047522544861,0.2063492089509964,0.9734534621238708,,False
14623146035,,/evaluator_log,,,0,0,0,0,False,0.5081157088279724,0.24547719955444336,0.9714851975440979,,False
14728144618,,/evaluator_log,,,0,0,0,0,False,0.5286353230476379,0.35592249035835266,0.9702056050300598,,False
14823149350,,/evaluator_log,,,0,0,0,0,False,0.546244204044342,0.37052062153816223,0.9717331528663635,,False
14923148752,,/evaluator_log,,,0,0,0,0,False,0.5749825835227966,0.4642857015132904,0.9700555801391602,,False
15018153388,,/evaluator_log,,,0,0,0,0,False,0.5231437087059021,0.28337061405181885,0.9697096347808838,,False
15123153689,,/evaluator_log,,,0,0,0,0,False,0.5848590135574341,0.3844245970249176,0.9691731929779053,,False
15223153027,,/evaluator_log,,,0,0,0,0,False,0.5444660186767578,0.20060060918331146,0.9697059988975525,,False
15323164478,,/evaluator_log,,,0,0,0,0,False,0.4929567575454712,0.09803921729326248,0.9701030254364014,,False
15423167394,,/evaluator_log,,,0,0,0,0,False,0.5143243074417114,0.1428571492433548,0.9713312983512878,,False
15523165690,,/evaluator_log,,,0,0,0,0,False,0.5309504270553589,0.1764705926179886,0.9724919199943542,,False
15623162416,,/evaluator_log,,,0,0,0,0,False,0.48871904611587524,0.02777777798473835,0.9716362953186035,,False
15728175391,,/evaluator_log,,,0,0,0,0,False,0.4911832809448242,0.0,0.9747270345687866,,False
15823168666,,/evaluator_log,,,0,0,0,0,False,0.49242475628852844,0.06818182021379471,0.9727085828781128,,False
15928174399,,/evaluator_log,,,0,0,0,0,False,0.4778924286365509,0.0,0.9694451093673706,,False
16023180563,,/evaluator_log,,,0,0,0,0,False,0.49366623163223267,0.0,0.9692867398262024,,False
16123179157,,/evaluator_log,,,0,0,0,0,False,0.474953830242157,0.03125,0.9675297737121582,,False
16218176666,,/evaluator_log,,,0,0,0,0,False,0.5156716108322144,0.1666666716337204,0.9702746272087097,,False
16323182611,,/evaluator_log,,,0,0,0,0,False,0.5060756206512451,0.1304347813129425,0.9658376574516296,,False
16423192177,,/evaluator_log,,,0,0,0,0,False,0.45607173442840576,0.13333334028720856,0.9678029417991638,,False
16523187523,,/evaluator_log,,,0,0,0,0,False,0.4310709536075592,0.08771929889917374,0.9649018049240112,,False
16618186316,,/evaluator_log,,,0,0,0,0,False,0.43661004304885864,0.12121212482452393,0.9647977948188782,,False
16723193976,,/evaluator_log,,,0,0,0,0,False,0.4353315830230713,0.10344827175140381,0.9642462730407715,,False
16823202318,,/evaluator_log,,,0,0,0,0,False,0.4465601146221161,0.1304347813129425,0.9660032987594604,,False
16928201295,,/evaluator_log,,,0,0,0,0,False,0.458130419254303,0.15485313534736633,0.9668011665344238,,False
17028207557,,/evaluator_log,,,0,0,0,0,False,0.457879900932312,0.1967165768146515,0.9623022079467773,,False
17123209918,,/evaluator_log,,,0,0,0,0,False,0.4224069118499756,0.1308642029762268,0.9631917476654053,,False
17218205101,,/evaluator_log,,,0,0,0,0,False,0.43482324481010437,0.07088809460401535,0.9620488882064819,,False
17323217313,,/evaluator_log,,,0,0,0,0,False,0.4384281635284424,0.053333330899477005,0.9647306799888611,,False
17423211381,,/evaluator_log,,,0,0,0,0,False,0.42134594917297363,0.11428571492433548,0.9686053395271301,,False
17523214130,,/evaluator_log,,,0,0,0,0,False,0.3983817994594574,0.09767206758260727,0.9678360819816589,,False
17623221850,,/evaluator_log,,,0,0,0,0,False,0.39821141958236694,0.1071428582072258,0.9679155349731445,,False
17723218651,,/evaluator_log,,,0,0,0,0,False,0.4228309690952301,0.15295815467834473,0.9679577350616455,,False
17818218768,,/evaluator_log,,,0,0,0,0,False,0.41665515303611755,0.23005147278308868,0.9696148037910461,,False
17923229433,,/evaluator_log,,,0,0,0,0,False,0.3846472501754761,0.04518872871994972,0.9676710963249207,,False
18023232238,,/evaluator_log,,,0,0,0,0,False,0.37712180614471436,0.0,0.962771475315094,,False
18118226479,,/evaluator_log,,,0,0,0,0,False,0.41116631031036377,0.0683760717511177,0.9585795998573303,,False
18218229864,,/evaluator_log,,,0,0,0,0,False,0.3801974952220917,0.03809523954987526,0.9551637768745422,,False
18323232540,,/evaluator_log,,,0,0,0,0,False,0.40158677101135254,0.016260161995887756,0.9531792998313904,,False
18428255563,,/evaluator_log,,,0,0,0,0,False,0.40634211897850037,0.0,0.9505499601364136,,False
18523237529,,/evaluator_log,,,0,0,0,0,False,0.4119999408721924,0.011904762126505375,0.9504534006118774,,False
18623239538,,/evaluator_log,,,0,0,0,0,False,0.38792043924331665,0.04901960864663124,0.9485169649124146,,False
18723249651,,/evaluator_log,,,0,0,0,0,False,0.38155046105384827,0.0,0.9479799866676331,,False
18818246678,,/evaluator_log,,,0,0,0,0,False,0.3865319788455963,0.06534391641616821,0.9476912021636963,,False
18928254832,,/evaluator_log,,,0,0,0,0,False,0.4152509272098541,0.06201550364494324,0.9519662261009216,,False
19018256529,,/evaluator_log,,,0,0,0,0,False,0.4036237597465515,0.038596492260694504,0.9509508609771729,,False
19123259454,,/evaluator_log,,,0,0,0,0,False,0.42743629217147827,0.08761509507894516,0.9523674845695496,,False
19223261959,,/evaluator_log,,,0,0,0,0,False,0.4070952832698822,0.026819923892617226,0.9564641714096069,,False
19323267906,,/evaluator_log,,,0,0,0,0,False,0.4131174087524414,0.0602409653365612,0.9552546143531799,,False
19418258379,,/evaluator_log,,,0,0,0,0,False,0.434784859418869,0.12455859035253525,0.9573487639427185,,False
19523259254,,/evaluator_log,,,0,0,0,0,False,0.42656010389328003,0.0798611119389534,0.958204448223114,,False
19623275294,,/evaluator_log,,,0,0,0,0,False,0.4119740426540375,0.0624176561832428,0.960953950881958,,False
19723275040,,/evaluator_log,,,0,0,0,0,False,0.4369451105594635,0.1514478176832199,0.9641204476356506,,False
19818275353,,/evaluator_log,,,0,0,0,0,False,0.4211771786212921,0.030901722609996796,0.9612032175064087,,False
19923288038,,/evaluator_log,,,0,0,0,0,False,0.426678866147995,0.07615546137094498,0.9655631184577942,,False
20023285219,,/evaluator_log,,,0,0,0,0,False,0.4174771010875702,0.0868692621588707,0.964406430721283,,False
20118278971,,/evaluator_log,,,0,0,0,0,False,0.41738784313201904,0.0339113287627697,0.9653669595718384,,False
20223276862,,/evaluator_log,,,0,0,0,0,False,0.41667571663856506,0.09734513610601425,0.9653582572937012,,False
20323283855,,/evaluator_log,,,0,0,0,0,False,0.4128778278827667,0.07903090864419937,0.9654226303100586,,False
20423291300,,/evaluator_log,,,0,0,0,0,False,0.41967782378196716,0.03556005284190178,0.9657300114631653,,False
20523293879,,/evaluator_log,,,0,0,0,0,False,0.4198237657546997,0.095238097012043,0.9662883281707764,,False
20623290697,,/evaluator_log,,,0,0,0,0,False,0.4148688316345215,0.02430555410683155,0.9650062918663025,,False
20723291404,,/evaluator_log,,,0,0,0,0,False,0.41987910866737366,0.07344632595777512,0.9662442207336426,,False
20823294153,,/evaluator_log,,,0,0,0,0,False,0.4048973321914673,0.13803653419017792,0.9655649065971375,,False
20928303900,,/evaluator_log,,,0,0,0,0,False,0.4230349659919739,0.0954044759273529,0.9662741422653198,,False
21028301052,,/evaluator_log,,,0,0,0,0,False,0.41475382447242737,0.07547169923782349,0.9651317000389099,,False
21118304244,,/evaluator_log,,,0,0,0,0,False,0.398630291223526,0.1316957026720047,0.9632502794265747,,False
21223311733,,/evaluator_log,,,0,0,0,0,False,0.4199780523777008,0.10136120766401291,0.9656977653503418,,False
21323313342,,/evaluator_log,,,0,0,0,0,False,0.3952764868736267,0.11416634172201157,0.9694750905036926,,False
21418304887,,/evaluator_log,,,0,0,0,0,False,0.42486390471458435,0.09622862935066223,0.9696589112281799,,False
21523318751,,/evaluator_log,,,0,0,0,0,False,0.17500464618206024,0.008538317866623402,0.33587339520454407,,False
21623320215,,/evaluator_log,,,0,0,0,0,False,0.18518489599227905,0.01525423675775528,0.34849750995635986,,False
21723323675,,/evaluator_log,,,0,0,0,0,False,0.18220005929470062,0.02639344334602356,0.3356657922267914,,False
21818317885,,/evaluator_log,,,0,0,0,0,False,0.1723814308643341,0.0014880952658131719,0.3266485035419464,,False
21923329044,,/evaluator_log,,,0,0,0,0,False,0.17894455790519714,0.019048767164349556,0.3094846308231354,,False
22023330164,,/evaluator_log,,,0,0,0,0,False,0.17153403162956238,0.0010362693574279547,0.32885536551475525,,False
22073332470,,analyzer,SegmentationBad,,0,0,0,0,False,0.0,0.0,0.0,,False
22078332795,,planning,SegmentationBad,recalibration,12522202132277569776,1,0,0,False,0.0,0.0,0.0,,False
22078332795,,execution_parametrization,,,0,0,0,1,False,0.0,0.0,0.0,,False
22128333661,,/evaluator_log,,,0,0,0,0,False,0.18549004197120667,0.03479116037487984,0.3363550007343292,,False
22228335963,,/evaluator_log,,,0,0,0,0,False,0.16696760058403015,0.0,0.3186023235321045,,False
22328338601,,/evaluator_log,,,0,0,0,0,False,0.16298292577266693,0.012298278510570526,0.3369969129562378,,False
22418333899,,/evaluator_log,,,0,0,0,0,False,0.18788659572601318,0.009615384973585606,0.3324308395385742,,False
22528341762,,/evaluator_log,,,0,0,0,0,False,0.16847078502178192,0.00685714278370142,0.3279378116130829,,False
22628346136,,/evaluator_log,,,0,0,0,0,False,0.19409286975860596,0.03993365913629532,0.3432560861110687,,False
22718341935,,/evaluator_log,,,0,0,0,0,False,0.17652882635593414,0.031465236097574234,0.3748534023761749,,False
22828351072,,/evaluator_log,,,0,0,0,0,False,0.17321337759494781,0.0045731705613434315,0.3625982999801636,,False
22923354997,,/evaluator_log,,,0,0,0,0,False,0.17616628110408783,0.008196720853447914,0.3657155930995941,,False
23023355007,,/evaluator_log,,,0,0,0,0,False,0.17579619586467743,0.0026315790601074696,0.3648570775985718,,False
23123351439,,/evaluator_log,,,0,0,0,0,False,0.17706432938575745,0.016129031777381897,0.32705581188201904,,False
23223362287,,/evaluator_log,,,0,0,0,0,False,0.18438586592674255,0.0069444444961845875,0.3311024010181427,,False
23278352957,,execution_parametrization,,,0,0,0,3,True,0.0,0.0,0.0,,False
23323358195,,/evaluator_log,,,0,0,0,0,False,0.17826339602470398,0.003816793905571103,0.32187703251838684,,False
23423356421,,/evaluator_log,,,0,0,0,0,False,0.17780785262584686,0.0,0.311852365732193,,False
23523369911,,/evaluator_log,,,0,0,0,0,False,0.169499471783638,0.0,0.3028610348701477,,False
23623364323,,/evaluator_log,,,0,0,0,0,False,0.1697080284357071,0.0,0.2809664309024811,,False
23673372625,,analyzer,SegmentationBad,recalibration,12522202132277569776,4,0,0,False,0.0,0.0,0.0,,False
23678372807,,planning,SegmentationBad,enhancement_deactivate,18219604205592285671,1,0,0,False,0.0,0.0,0.0,,False
23678372807,,execution_lifecycle_change,,,0,0,0,1,False,0.0,0.0,0.0,,False
23678372807,,execution_comm_change,,,0,0,5,1,False,0.0,0.0,0.0,,False
23723366252,,/evaluator_log,,,0,0,0,0,False,0.4130338430404663,0.10489510744810104,0.9772264957427979,,False
23823369538,,/evaluator_log,,,0,0,0,0,False,0.40465056896209717,0.07037036865949631,0.9785304069519043,,False
23923370068,,/evaluator_log,,,0,0,0,0,False,0.41606175899505615,0.08534622192382812,0.9807364344596863,,False
24023370421,,/evaluator_log,,,0,0,0,0,False,0.4188528060913086,0.062745101749897,0.9817897081375122,,False
24073378878,,analyzer,SegmentationBad,enhancement_deactivate,18219604205592285671,3,0,0,True,0.0,0.0,0.0,,False
24078379092,,execution_lifecycle_change,,,0,0,0,3,True,0.0,0.0,0.0,,False
24123382511,,/evaluator_log,,,0,0,0,0,False,0.4116586446762085,0.06296296417713165,0.9832316637039185,,False
24223377755,,/evaluator_log,,,0,0,0,0,False,0.412051796913147,0.06930693238973618,0.9832282662391663,,False
24323377669,,/evaluator_log,,,0,0,0,0,False,0.4215528666973114,0.10256410390138626,0.9839451313018799,,False
24418389928,,/evaluator_log,,,0,0,0,0,False,0.41307738423347473,0.07590759545564651,0.9843064546585083,,False
24478392874,,execution_comm_change,,,0,0,0,3,True,0.0,0.0,0.0,,False
24523385842,,/evaluator_log,,,0,0,0,0,False,0.4287092387676239,0.0824742242693901,0.9839270114898682,,False
24623391267,,/evaluator_log,,,0,0,0,0,False,0.42695048451423645,0.09764309972524643,0.9857639074325562,,False
24723391241,,/evaluator_log,,,0,0,0,0,False,0.4156591594219208,0.10486891865730286,0.9858880639076233,,False
24823395502,,/evaluator_log,,,0,0,0,0,False,0.41482508182525635,0.04575163498520851,0.9858704209327698,,False
24923397732,,/evaluator_log,,,0,0,0,0,False,0.4112538993358612,0.15555556118488312,0.9887058138847351,,False
25018394983,,/evaluator_log,,,0,0,0,0,False,0.390444815158844,0.09783913940191269,0.9887656569480896,,False
25118405030,,/evaluator_log,,,0,0,0,0,False,0.38973096013069153,0.0882352963089943,0.9881337285041809,,False
25223410842,,/evaluator_log,,,0,0,0,0,False,0.394580215215683,0.1111111119389534,0.9888171553611755,,False
25323413915,,/evaluator_log,,,0,0,0,0,False,0.39862561225891113,0.11974110454320908,0.9885910153388977,,False
25423415615,,/evaluator_log,,,0,0,0,0,False,0.40003812313079834,0.11515151709318161,0.9888927936553955,,False
25518412330,,/evaluator_log,,,0,0,0,0,False,0.3833080232143402,0.07971014827489853,0.9880239367485046,,False
25618418667,,/evaluator_log,,,0,0,0,0,False,0.4000239670276642,0.09785932302474976,0.9895986318588257,,False
25723423365,,/evaluator_log,,,0,0,0,0,False,0.3900962769985199,0.07788161933422089,0.9887439012527466,,False
25823426030,,/evaluator_log,,,0,0,0,0,False,0.412097692489624,0.09764309972524643,0.9891946315765381,,False
25923422819,,/evaluator_log,,,0,0,0,0,False,0.41707393527030945,0.07301587611436844,0.9889956116676331,,False
26023418992,,/evaluator_log,,,0,0,0,0,False,0.43774616718292236,0.12747524678707123,0.9898956418037415,,False
26123434311,,/evaluator_log,,,0,0,0,0,False,0.4591083228588104,0.03703703731298447,0.9896063208580017,,False
26218434216,,/evaluator_log,,,0,0,0,0,False,0.4570052921772003,0.1111111119389534,0.9914955496788025,,False
26323428509,,/evaluator_log,,,0,0,0,0,False,0.48133355379104614,0.12745098769664764,0.9913873076438904,,False
26418439724,,/evaluator_log,,,0,0,0,0,False,0.4601764380931854,0.08695652335882187,0.9914307594299316,,False
26523435035,,/evaluator_log,,,0,0,0,0,False,0.46227943897247314,0.0873015895485878,0.9915997982025146,,False
26618440082,,/evaluator_log,,,0,0,0,0,False,0.45697304606437683,0.07909604161977768,0.9913614988327026,,False
26723447987,,/evaluator_log,,,0,0,0,0,False,0.46545174717903137,0.09950248152017593,0.9918009042739868,,False
26823450754,,/evaluator_log,,,0,0,0,0,False,0.4480700194835663,0.04975124076008797,0.9917240738868713,,False
26918452795,,/evaluator_log,,,0,0,0,0,False,0.46296724677085876,0.08045976608991623,0.9912354946136475,,False
27028463486,,/evaluator_log,,,0,0,0,0,False,0.46611496806144714,0.1111111119389534,0.9926279783248901,,False
27123470993,,/evaluator_log,,,0,0,0,0,False,0.4722101092338562,0.11261261254549026,0.9924588203430176,,False
27218468285,,/evaluator_log,,,0,0,0,0,False,0.4613102078437805,0.053333330899477005,0.9925972819328308,,False
27323471721,,/evaluator_log,,,0,0,0,0,False,0.4602747857570648,0.0364583320915699,0.9920551776885986,,False
27418459908,,/evaluator_log,,,0,0,0,0,False,0.471877783536911,0.10769230872392654,0.9920458197593689,,False
27523476044,,/evaluator_log,,,0,0,0,0,False,0.48071709275245667,0.14666666090488434,0.9924769997596741,,False
27618470434,,/evaluator_log,,,0,0,0,0,False,0.4614817202091217,0.025641025975346565,0.9924754500389099,,False
27718465367,,/evaluator_log,,,0,0,0,0,False,0.4931494891643524,0.1204819306731224,0.9932416677474976,,False
27828469012,,/evaluator_log,,,0,0,0,0,False,0.4918881058692932,0.11674347519874573,0.9932563900947571,,False
27918477146,,/evaluator_log,,,0,0,0,0,False,0.4926580488681793,0.07999999821186066,0.9931579828262329,,False
28018481281,,/evaluator_log,,,0,0,0,0,False,0.4826717972755432,0.06425702571868896,0.9926940202713013,,False
28123481798,,/evaluator_log,,,0,0,0,0,False,0.4838288724422455,0.06666667014360428,0.9924871325492859,,False
28223485852,,/evaluator_log,,,0,0,0,0,False,0.4926663637161255,0.13476842641830444,0.9933284521102905,,False
28323483209,,/evaluator_log,,,0,0,0,0,False,0.4946046769618988,0.10526315122842789,0.9930455684661865,,False
28423498433,,/evaluator_log,,,0,0,0,0,False,0.4960182309150696,0.09345794469118118,0.9927752614021301,,False
28528484478,,/evaluator_log,,,0,0,0,0,False,0.49865469336509705,0.1076388880610466,0.9930312037467957,,False
28623490010,,/evaluator_log,,,0,0,0,0,False,0.5083723068237305,0.09578543901443481,0.9926980137825012,,False
28723496862,,/evaluator_log,,,0,0,0,0,False,0.48965150117874146,0.028735632076859474,0.9932291507720947,,False
28823498815,,/evaluator_log,,,0,0,0,0,False,0.49478599429130554,0.03030303120613098,0.9941124320030212,,False
28923502365,,/evaluator_log,,,0,0,0,0,False,0.4904516339302063,0.09259259700775146,0.9922247529029846,,False
29023503893,,/evaluator_log,,,0,0,0,0,False,0.4973035752773285,0.1071428582072258,0.9939159750938416,,False
29128497132,,/evaluator_log,,,0,0,0,0,False,0.5003385543823242,0.15942029654979706,0.9936428070068359,,False
29223499488,,/evaluator_log,,,0,0,0,0,False,0.48747557401657104,0.1190476194024086,0.9939239621162415,,False
29318500962,,/evaluator_log,,,0,0,0,0,False,0.5204021334648132,0.0,0.994884192943573,,False
29418503296,,/evaluator_log,,,0,0,0,0,False,0.5193345546722412,0.0,0.9945171475410461,,False
29518509038,,/evaluator_log,,,0,0,0,0,False,0.5220959782600403,0.0,0.9951618313789368,,False
29623524801,,/evaluator_log,,,0,0,0,0,False,0.5360780954360962,0.0,0.9953465461730957,,False
29723522073,,/evaluator_log,,,0,0,0,0,False,0.53519606590271,0.0,0.9948703646659851,,False
29823526011,,/evaluator_log,,,0,0,0,0,False,0.5282469987869263,0.0,0.994889497756958,,False
29923527209,,/evaluator_log,,,0,0,0,0,False,0.5842770338058472,0.0,0.9947408437728882,,False
30028529871,,/evaluator_log,,,0,0,0,0,False,0.5455870032310486,0.0,0.9955883026123047,,False
30123529503,,/evaluator_log,,,0,0,0,0,False,0.5385004878044128,0.0,0.9952934384346008,,False
30223533565,,/evaluator_log,,,0,0,0,0,False,0.5829612016677856,0.0,0.9953495264053345,,False
30323537979,,/evaluator_log,,,0,0,0,0,False,0.5763334631919861,0.0,0.9947413206100464,,False
30423546313,,/evaluator_log,,,0,0,0,0,False,0.593185305595398,0.0,0.9948140382766724,,False
30523550475,,/evaluator_log,,,0,0,0,0,False,0.5943263173103333,0.0,0.9947230815887451,,False
30628544451,,/evaluator_log,,,0,0,0,0,False,0.5741365551948547,0.0,0.9950323104858398,,False
30723546573,,/evaluator_log,,,0,0,0,0,False,0.5839734077453613,0.0,0.9949407577514648,,False
30818544716,,/evaluator_log,,,0,0,0,0,False,0.580075740814209,0.0,0.9948817491531372,,False
30923541454,,/evaluator_log,,,0,0,0,0,False,0.5701591372489929,0.0,0.9949010610580444,,False
31023547556,,/evaluator_log,,,0,0,0,0,False,0.5756786465644836,0.0,0.9944892525672913,,False
31123547488,,/evaluator_log,,,0,0,0,0,False,0.5718445181846619,0.0,0.9944118857383728,,False
31223558642,,/evaluator_log,,,0,0,0,0,False,0.5283147692680359,0.0,0.9927084445953369,,False
31323570094,,/evaluator_log,,,0,0,0,0,False,0.5678989291191101,0.25,0.9942612648010254,,False
31418569057,,/evaluator_log,,,0,0,0,0,False,0.5463835000991821,0.1428571492433548,0.9948474764823914,,False
31523562052,,/evaluator_log,,,0,0,0,0,False,0.5087789297103882,0.025641025975346565,0.9939217567443848,,False
31623576160,,/evaluator_log,,,0,0,0,0,False,0.5098904371261597,0.04444444552063942,0.9945499897003174,,False
31723567244,,/evaluator_log,,,0,0,0,0,False,0.5231338739395142,0.07407407462596893,0.994123101234436,,False
31818567167,,/evaluator_log,,,0,0,0,0,False,0.5097337961196899,0.1041666641831398,0.9942521452903748,,False
31923568395,,/evaluator_log,,,0,0,0,0,False,0.5512896776199341,0.1071428582072258,0.9952524304389954,,False
32018573142,,/evaluator_log,,,0,0,0,0,False,0.5270325541496277,0.14705882966518402,0.9948630332946777,,False
32123580950,,/evaluator_log,,,0,0,0,0,False,0.5501350164413452,0.1666666716337204,0.9950123429298401,,False
32223574133,,/evaluator_log,,,0,0,0,0,False,0.5309785008430481,0.07894736528396606,0.9945831894874573,,False
32318586030,,/evaluator_log,,,0,0,0,0,False,0.5318971872329712,0.0833333358168602,0.9948235750198364,,False
32423584540,,/evaluator_log,,,0,0,0,0,False,0.5320313572883606,0.10526315867900848,0.9946021437644958,,False
32523581674,,/evaluator_log,,,0,0,0,0,False,0.5030660629272461,0.02380952425301075,0.9946020245552063,,False
32623588351,,/evaluator_log,,,0,0,0,0,False,0.5040271282196045,0.0,0.994784414768219,,False
32718590774,,/evaluator_log,,,0,0,0,0,False,0.5131959319114685,0.029411764815449715,0.9934322834014893,,False
32813595833,,/evaluator_log,,,0,0,0,0,False,0.49294567108154297,0.0,0.9938733577728271,,False
32923603097,,/evaluator_log,,,0,0,0,0,False,0.5086391568183899,0.0625,0.994351327419281,,False
33023597856,,/evaluator_log,,,0,0,0,0,False,0.47110310196876526,0.0,0.9935337901115417,,False
33123597235,,/evaluator_log,,,0,0,0,0,False,0.5119879841804504,0.2943806052207947,0.9935896396636963,,False
33223603021,,/evaluator_log,,,0,0,0,0,False,0.5201823711395264,0.24836601316928864,0.9940519332885742,,False
33328605498,,/evaluator_log,,,0,0,0,0,False,0.5490684509277344,0.23943662643432617,0.9947344660758972,,False
33423608477,,/evaluator_log,,,0,0,0,0,False,0.5579566955566406,0.24242424964904785,0.9946205615997314,,False
33518610292,,/evaluator_log,,,0,0,0,0,False,0.5761139988899231,0.23508770763874054,0.9933344721794128,,False
33623609723,,/evaluator_log,,,0,0,0,0,False,0.5713484883308411,0.23333333432674408,0.9927775263786316,,False
33718616328,,/evaluator_log,,,0,0,0,0,False,0.5449627041816711,0.23024053871631622,0.9925681948661804,,False
33818612657,,/evaluator_log,,,0,0,0,0,False,0.5675346255302429,0.25850340723991394,0.9929013252258301,,False
33923629344,,/evaluator_log,,,0,0,0,0,False,0.5374269485473633,0.24000000953674316,0.9924514889717102,,False
34023628731,,/evaluator_log,,,0,0,0,0,False,0.5433368682861328,0.22006471455097198,0.9922469258308411,,False
34123631404,,/evaluator_log,,,0,0,0,0,False,0.5144083499908447,0.22772276401519775,0.9931147694587708,,False
34223625717,,/evaluator_log,,,0,0,0,0,False,0.5273170471191406,0.20679013431072235,0.9955751299858093,,False
34323630380,,/evaluator_log,,,0,0,0,0,False,0.5121737718582153,0.23148147761821747,0.9949947595596313,,False
34423629939,,/evaluator_log,,,0,0,0,0,False,0.45792365074157715,0.17105263471603394,0.994172990322113,,False
34518630929,,/evaluator_log,,,0,0,0,0,False,0.477876216173172,0.24074073135852814,0.9935929775238037,,False
34618643467,,/evaluator_log,,,0,0,0,0,False,0.45649534463882446,0.17391304671764374,0.9935153722763062,,False
34723641148,,/evaluator_log,,,0,0,0,0,False,0.47388124465942383,0.22314049303531647,0.992709755897522,,False
34823641856,,/evaluator_log,,,0,0,0,0,False,0.46476486325263977,0.2347826212644577,0.9926539063453674,,False
34923642861,,/evaluator_log,,,0,0,0,0,False,0.4429647624492645,0.20080643892288208,0.9932311177253723,,False
35023647978,,/evaluator_log,,,0,0,0,0,False,0.4373524785041809,0.17975206673145294,0.9929888248443604,,False
35123656205,,/evaluator_log,,,0,0,0,0,False,0.4785790741443634,0.26631230115890503,0.9936375021934509,,False
35218658663,,/evaluator_log,,,0,0,0,0,False,0.5029981136322021,0.2587365508079529,0.9938616752624512,,False
35318654778,,/evaluator_log,,,0,0,0,0,False,0.5475367307662964,0.3816239535808563,0.9938786029815674,,False
35418656134,,/evaluator_log,,,0,0,0,0,False,0.5282065868377686,0.3203798532485962,0.9936147332191467,,False
35523658963,,/evaluator_log,,,0,0,0,0,False,0.5211282968521118,0.38912877440452576,0.9934254884719849,,False
35623670996,,/evaluator_log,,,0,0,0,0,False,0.5533194541931152,0.3243523836135864,0.9936870336532593,,False
35723664614,,/evaluator_log,,,0,0,0,0,False,0.5480636358261108,0.3085213303565979,0.9928820133209229,,False
35828673209,,/evaluator_log,,,0,0,0,0,False,0.562537670135498,0.31800976395606995,0.993365466594696,,False
35923675691,,/evaluator_log,,,0,0,0,0,False,0.5543834567070007,0.3226495683193207,0.9930075407028198,,False
36018670743,,/evaluator_log,,,0,0,0,0,False,0.5701911449432373,0.31193429231643677,0.9928193688392639,,False
36118680850,,/evaluator_log,,,0,0,0,0,False,0.6049667000770569,0.44422340393066406,0.9932119250297546,,False
36223682807,,/evaluator_log,,,0,0,0,0,False,0.5628147125244141,0.4435185194015503,0.9928180575370789,,False
36323680355,,/evaluator_log,,,0,0,0,0,False,0.5406023859977722,0.3253968358039856,0.993168294429779,,False
36418680647,,/evaluator_log,,,0,0,0,0,False,0.556297242641449,0.29760199785232544,0.9936187267303467,,False
36523682588,,/evaluator_log,,,0,0,0,0,False,0.5104354619979858,0.31945914030075073,0.9937096238136292,,False
36623692664,,/evaluator_log,,,0,0,0,0,False,0.5753577947616577,0.39737358689308167,0.9932585954666138,,False
36723694329,,/evaluator_log,,,0,0,0,0,False,0.5575599074363708,0.3745059072971344,0.9934988021850586,,False
36818690008,,/evaluator_log,,,0,0,0,0,False,0.5456175804138184,0.300539493560791,0.9938331842422485,,False
36923700507,,/evaluator_log,,,0,0,0,0,False,0.5470929741859436,0.2795153260231018,0.9933990240097046,,False
37023694595,,/evaluator_log,,,0,0,0,0,False,0.5506752133369446,0.2608904242515564,0.9929847717285156,,False
37118705243,,/evaluator_log,,,0,0,0,0,False,0.5931599736213684,0.3513889014720917,0.9933596849441528,,False
37218707896,,/evaluator_log,,,0,0,0,0,False,0.5996935963630676,0.3311965763568878,0.9932239055633545,,False
37323705876,,/evaluator_log,,,0,0,0,0,False,0.6017958521842957,0.3385142385959625,0.9934102892875671,,False
37418712610,,/evaluator_log,,,0,0,0,0,False,0.5748628377914429,0.2826698422431946,0.9932941794395447,,False
37523710500,,/evaluator_log,,,0,0,0,0,False,0.5708615183830261,0.25627386569976807,0.9931033253669739,,False
37623712696,,/evaluator_log,,,0,0,0,0,False,0.5614901781082153,0.24455541372299194,0.992089033126831,,False
37723713590,,/evaluator_log,,,0,0,0,0,False,0.6226552724838257,0.39418959617614746,0.9927964210510254,,False
37818713910,,/evaluator_log,,,0,0,0,0,False,0.5775079727172852,0.4116809368133545,0.9933183789253235,,False
37923725256,,/evaluator_log,,,0,0,0,0,False,0.56048184633255,0.2782961130142212,0.9931642413139343,,False
38023722686,,/evaluator_log,,,0,0,0,0,False,0.5819438099861145,0.35034918785095215,0.993105947971344,,False
38118726332,,/evaluator_log,,,0,0,0,0,False,0.5834172964096069,0.333890825510025,0.9936107993125916,,False
38223724068,,/evaluator_log,,,0,0,0,0,False,0.6206343173980713,0.46052277088165283,0.9928357005119324,,False
38318732472,,/evaluator_log,,,0,0,0,0,False,0.5905721187591553,0.3837599456310272,0.993229329586029,,False
38423729926,,/evaluator_log,,,0,0,0,0,False,0.5722249746322632,0.3621915876865387,0.9927949905395508,,False
38528738842,,/evaluator_log,,,0,0,0,0,False,0.5732762217521667,0.3479352295398712,0.9921484589576721,,False
38623742360,,/evaluator_log,,,0,0,0,0,False,0.602047324180603,0.4635019302368164,0.992807924747467,,False
38718744645,,/evaluator_log,,,0,0,0,0,False,0.5591787695884705,0.3496907651424408,0.9929781556129456,,False
38823747773,,/evaluator_log,,,0,0,0,0,False,0.5478371381759644,0.32198566198349,0.9921675324440002,,False
38913741390,,/evaluator_log,,,0,0,0,0,False,0.5559725761413574,0.2922505736351013,0.9927759766578674,,False
39023745315,,/evaluator_log,,,0,0,0,0,False,0.5788267254829407,0.3516865074634552,0.9931321740150452,,False
39123756138,,/evaluator_log,,,0,0,0,0,False,0.5443630218505859,0.2503097653388977,0.9926756024360657,,False
39223761122,,/evaluator_log,,,0,0,0,0,False,0.5337040424346924,0.22510822117328644,0.9932789206504822,,False
39318748755,,/evaluator_log,,,0,0,0,0,False,0.5551297068595886,0.23553720116615295,0.9930676817893982,,False
39418754699,,/evaluator_log,,,0,0,0,0,False,0.558926522731781,0.289186954498291,0.9925028681755066,,False
39523758717,,/evaluator_log,,,0,0,0,0,False,0.575542688369751,0.3608871102333069,0.9930106997489929,,False
39623767055,,/evaluator_log,,,0,0,0,0,False,0.5568789839744568,0.347897469997406,0.9925040006637573,,False
39718769358,,/evaluator_log,,,0,0,0,0,False,0.5214629173278809,0.2734557092189789,0.9919822812080383,,False
39818765801,,/evaluator_log,,,0,0,0,0,False,0.5198938250541687,0.2594919800758362,0.9914956092834473,,False
39918773495,,/evaluator_log,,,0,0,0,0,False,0.5151317715644836,0.2907075881958008,0.9918203353881836,,False