timestamp,scenario,source,rule_name,strategy_name,strategy_hash,strategy_status,adaptation_type,adaptation_status,success,iou,vehicle_iou,road_iou,gt_failure_name,is_gt_failure
182818563,,/evaluator_log,,,0,0,0,0,False,0.5758379697799683,0.596036434173584,0.9657858610153198,,False
312816978,,/evaluator_log,,,0,0,0,0,False,0.567213237285614,0.5685916543006897,0.9673824310302734,,False
327813642,,/evaluator_log,,,0,0,0,0,False,0.5454676747322083,0.4455137252807617,0.9673227667808533,,False
422813275,,/evaluator_log,,,0,0,0,0,False,0.5193779468536377,0.28688523173332214,0.9692474603652954,,False
522819026,,/evaluator_log,,,0,0,0,0,False,0.5201601386070251,0.44179895520210266,0.9694640040397644,,False
617821295,,/evaluator_log,,,0,0,0,0,False,0.532633364200592,0.9237056970596313,0.9684301614761353,,False
722824314,,/evaluator_log,,,0,0,0,0,False,0.5085535645484924,0.897172212600708,0.9674443602561951,,False
822833963,,/evaluator_log,,,0,0,0,0,False,0.48409977555274963,0.45049506425857544,0.9702792167663574,,False
922831651,,/evaluator_log,,,0,0,0,0,False,0.4939456582069397,0.917475700378418,0.9670359492301941,,False
1022833762,,/evaluator_log,,,0,0,0,0,False,0.4771357774734497,0.9146919250488281,0.9674641489982605,,False
1122841562,,/evaluator_log,,,0,0,0,0,False,0.48493415117263794,0.9044288992881775,0.9686749577522278,,False
1267838125,_001,scenario_executor,,,0,0,0,0,False,0.0,0.0,0.0,do_drop_rgb_camera,False
1267838125,_001,scenario_executor,,,0,0,0,0,False,0.0,0.0,0.0,image_degradation,False
1267838125,_001,scenario_executor,,,0,0,0,0,False,0.0,0.0,0.0,autofocus_needed,False
1322840501,,/evaluator_log,,,0,0,0,0,False,0.4567387104034424,0.4553191363811493,0.9668986797332764,,False
1427842402,,/evaluator_log,,,0,0,0,0,False,0.4587119519710541,0.4604700803756714,0.9675349593162537,,False
1517839610,,/evaluator_log,,,0,0,0,0,False,0.48012685775756836,0.9134808778762817,0.9668298363685608,,False
1617845111,,/evaluator_log,,,0,0,0,0,False,0.3675988018512726,0.7053406834602356,0.4984983205795288,,False
1722848663,,/evaluator_log,,,0,0,0,0,False,0.32597988843917847,0.3796992599964142,0.47224047780036926,,False
2147866812,,analyzer,AutoFocusNeeded,,0,0,0,0,False,0.0,0.0,0.0,,False
2147866812,,analyzer,SegmentationBad,,0,0,0,0,False,0.0,0.0,0.0,,False
2152866550,,planning,SegmentationBad,recalibration,12522202132277569776,1,0,0,False,0.0,0.0,0.0,,False
2152866550,,planning,AutoFocusNeeded,autofocus_strategy,18274997830408420195,1,0,0,False,0.0,0.0,0.0,,False
2152866550,,execution_parametrization,,,0,0,0,1,False,0.0,0.0,0.0,,False
2152866550,,execution_parametrization,,,0,0,0,1,False,0.0,0.0,0.0,,False
2547873312,,analyzer,AutoFocusNeeded,autofocus_strategy,18274997830408420195,3,0,0,True,0.0,0.0,0.0,,False
2552871156,,execution_parametrization,,,0,0,0,3,True,0.0,0.0,0.0,,False
3747906316,,analyzer,SegmentationBad,recalibration,12522202132277569776,4,0,0,False,0.0,0.0,0.0,,False
3752906290,,planning,SegmentationBad,enhancement_deactivate,18219604205592285671,1,0,0,False,0.0,0.0,0.0,,False
3752906290,,execution_parametrization,,,0,0,0,3,True,0.0,0.0,0.0,,False
4152914248,,execution_lifecycle_change,,,0,0,0,1,False,0.0,0.0,0.0,,False
4152914248,,execution_comm_change,,,0,0,5,1,False,0.0,0.0,0.0,,False
4552918290,,execution_lifecycle_change,,,0,0,0,3,False,0.0,0.0,0.0,,False
4952924954,,execution_comm_change,,,0,0,0,3,True,0.0,0.0,0.0,,False
5747951688,,analyzer,SegmentationBad,enhancement_deactivate,18219604205592285671,4,0,0,False,0.0,0.0,0.0,,False
5747951688,,analyzer,SegmentationDead,,0,0,0,0,False,0.0,0.0,0.0,,False
5747951688,,analyzer,RGBDead,,0,0,0,0,False,0.0,0.0,0.0,,False
5747951688,,analyzer,SensorFusionDead,,0,0,0,0,False,0.0,0.0,0.0,,False
5752952896,,planning,SensorFusionDead,sensor_fusion_restart,14489321528306928715,1,0,0,False,0.0,0.0,0.0,,False
5752952896,,planning,RGBDead,rgb_restart,1868166445098897378,1,0,0,False,0.0,0.0,0.0,,False
5752952896,,execution_lifecycle_change,,,0,0,0,1,False,0.0,0.0,0.0,,False
5752952896,,execution_lifecycle_change,,,0,0,0,1,False,0.0,0.0,0.0,,False
5822945881,,/evaluator_log,,,0,0,0,0,False,0.39949721097946167,0.2394016534090042,0.9467608332633972,,False
5922947079,,/evaluator_log,,,0,0,0,0,False,0.4126511514186859,0.2060191035270691,0.9456097483634949,,False
6022958522,,/evaluator_log,,,0,0,0,0,False,0.40069282054901123,0.21883456408977509,0.9484056234359741,,False
6122972869,,/evaluator_log,,,0,0,0,0,False,0.41568708419799805,0.19521386921405792,0.9444499611854553,,False
6147962806,,analyzer,SegmentationBad,enhancement_deactivate,18219604205592285671,5,0,0,True,0.0,0.0,0.0,,False
6147962806,,analyzer,SegmentationDead,,0,5,0,0,True,0.0,0.0,0.0,,False
6147962806,,analyzer,RGBDead,rgb_restart,1868166445098897378,3,0,0,True,0.0,0.0,0.0,,False
6147962806,,analyzer,SensorFusionDead,sensor_fusion_restart,14489321528306928715,3,0,0,True,0.0,0.0,0.0,,False
6152963076,,execution_lifecycle_change,,,0,0,0,3,True,0.0,0.0,0.0,,False
6152963076,,execution_lifecycle_change,,,0,0,0,3,True,0.0,0.0,0.0,,False
6222965121,,/evaluator_log,,,0,0,0,0,False,0.43303436040878296,0.2436169683933258,0.9475929141044617,,False
6322976567,,/evaluator_log,,,0,0,0,0,False,0.44263407588005066,0.27087363600730896,0.9510334134101868,,False
6417957435,,/evaluator_log,,,0,0,0,0,False,0.41448116302490234,0.20003004372119904,0.9380972981452942,,False
6522969753,,/evaluator_log,,,0,0,0,0,False,0.4195639491081238,0.36754581332206726,0.9273920059204102,,False
6622970512,,/evaluator_log,,,0,0,0,0,False,0.3958236575126648,0.26057323813438416,0.9463332891464233,,False
6727986932,,/evaluator_log,,,0,0,0,0,False,0.3975319564342499,0.2015783041715622,0.9454830884933472,,False
6817970112,,/evaluator_log,,,0,0,0,0,False,0.41452616453170776,0.25049546360969543,0.9499068260192871,,False
6922977960,,/evaluator_log,,,0,0,0,0,False,0.389986515045166,0.24128632247447968,0.9461320042610168,,False
7022982438,,/evaluator_log,,,0,0,0,0,False,0.3916487395763397,0.2371249794960022,0.9492030143737793,,False
7122984728,,/evaluator_log,,,0,0,0,0,False,0.40450748801231384,0.26988404989242554,0.9471120834350586,,False
7222987178,,/evaluator_log,,,0,0,0,0,False,0.38440075516700745,0.2843436598777771,0.9485503435134888,,False
7322991106,,/evaluator_log,,,0,0,0,0,False,0.3986372649669647,0.23960095643997192,0.9515112042427063,,False
7422983468,,/evaluator_log,,,0,0,0,0,False,0.4226679801940918,0.2809918522834778,0.9528586268424988,,False
7522983145,,/evaluator_log,,,0,0,0,0,False,0.4245419204235077,0.320997029542923,0.9528236985206604,,False
7617988437,,/evaluator_log,,,0,0,0,0,False,0.42269089818000793,0.27910688519477844,0.9550252556800842,,False
7722991177,,/evaluator_log,,,0,0,0,0,False,0.4402978718280792,0.33755820989608765,0.9557476043701172,,False
7823001941,,/evaluator_log,,,0,0,0,0,False,0.4305604100227356,0.2930034101009369,0.9592077732086182,,False
7922998890,,/evaluator_log,,,0,0,0,0,False,0.4459325075149536,0.31919413805007935,0.9559851288795471,,False
8017997962,,/evaluator_log,,,0,0,0,0,False,0.44425156712532043,0.3422195315361023,0.9603659510612488,,False
8128008827,,/evaluator_log,,,0,0,0,0,False,0.44211527705192566,0.3072429597377777,0.9601573944091797,,False
8223002421,,/evaluator_log,,,0,0,0,0,False,0.4529823362827301,0.3602733016014099,0.9591320157051086,,False
8323008137,,/evaluator_log,,,0,0,0,0,False,0.4542933702468872,0.3528694212436676,0.9634169936180115,,False
8423010556,,/evaluator_log,,,0,0,0,0,False,0.4595648944377899,0.3801979720592499,0.9639110565185547,,False
8518010573,,/evaluator_log,,,0,0,0,0,False,0.4672587215900421,0.39934876561164856,0.9652059078216553,,False
8623020669,,/evaluator_log,,,0,0,0,0,False,0.4528982937335968,0.3360561728477478,0.963145911693573,,False
8728017578,,/evaluator_log,,,0,0,0,0,False,0.48878586292266846,0.4420704245567322,0.9679897427558899,,False
8823026213,,/evaluator_log,,,0,0,0,0,False,0.4613650143146515,0.34478098154067993,0.9653465151786804,,False
8923026669,,/evaluator_log,,,0,0,0,0,False,0.4977686107158661,0.4783042073249817,0.9671105146408081,,False
9018027960,,/evaluator_log,,,0,0,0,0,False,0.4586920440196991,0.36297664046287537,0.9660365581512451,,False
9123033525,,/evaluator_log,,,0,0,0,0,False,0.4727339446544647,0.4059790074825287,0.9680497050285339,,False
9223028238,,/evaluator_log,,,0,0,0,0,False,0.4636959433555603,0.3810536861419678,0.9669961929321289,,False
9323037051,,/evaluator_log,,,0,0,0,0,False,0.44916611909866333,0.35112252831459045,0.9684360027313232,,False
9423034566,,/evaluator_log,,,0,0,0,0,False,0.46150505542755127,0.4305644631385803,0.9694316387176514,,False
9528042477,,/evaluator_log,,,0,0,0,0,False,0.44367364048957825,0.36314231157302856,0.9671523571014404,,False
9623044246,,/evaluator_log,,,0,0,0,0,False,0.5013094544410706,0.5001026391983032,0.9644966721534729,,False
9723039083,,/evaluator_log,,,0,0,0,0,False,0.506161093711853,0.38101014494895935,0.9608845114707947,,False
9823049400,,/evaluator_log,,,0,0,0,0,False,0.5203223824501038,0.4806804060935974,0.961536169052124,,False
9923043045,,/evaluator_log,,,0,0,0,0,False,0.4945945739746094,0.390572190284729,0.9573249816894531,,False
10023047353,,/evaluator_log,,,0,0,0,0,False,0.5512939095497131,0.4280983507633209,0.962936282157898,,False
10118047796,,/evaluator_log,,,0,0,0,0,False,0.5320190787315369,0.37154799699783325,0.960227906703949,,False
10218048417,,/evaluator_log,,,0,0,0,0,False,0.5687799453735352,0.425332248210907,0.9629978537559509,,False
10328056551,,/evaluator_log,,,0,0,0,0,False,0.5606722235679626,0.3839803636074066,0.9620875120162964,,False
10423058536,,/evaluator_log,,,0,0,0,0,False,0.5503247380256653,0.38926467299461365,0.9587919116020203,,False
10523060397,,/evaluator_log,,,0,0,0,0,False,0.5552298426628113,0.42251142859458923,0.9563650488853455,,False
10618059863,,/evaluator_log,,,0,0,0,0,False,0.5631821155548096,0.43438297510147095,0.9606809020042419,,False
10723080032,,/evaluator_log,,,0,0,0,0,False,0.5351618528366089,0.4120839536190033,0.9629963636398315,,False
10823071940,,/evaluator_log,,,0,0,0,0,False,0.53171306848526,0.3873872756958008,0.9626177549362183,,False
10923078421,,/evaluator_log,,,0,0,0,0,False,0.5223387479782104,0.4263562560081482,0.9647685289382935,,False
11018077909,,/evaluator_log,,,0,0,0,0,False,0.5168727040290833,0.38290902972221375,0.9635830521583557,,False
11123080321,,/evaluator_log,,,0,0,0,0,False,0.5042887330055237,0.36111801862716675,0.9653876423835754,,False
11223082918,,/evaluator_log,,,0,0,0,0,False,0.5646101832389832,0.49536705017089844,0.9685717821121216,,False
11318084760,,/evaluator_log,,,0,0,0,0,False,0.5861941576004028,0.5204906463623047,0.9681228995323181,,False
11423083386,,/evaluator_log,,,0,0,0,0,False,0.5701418519020081,0.4293246269226074,0.9636505246162415,,False
11523089848,,/evaluator_log,,,0,0,0,0,False,0.5861554145812988,0.4528311789035797,0.9617072343826294,,False
11618091419,,/evaluator_log,,,0,0,0,0,False,0.5836420059204102,0.47821134328842163,0.9596347808837891,,False
11723095128,,/evaluator_log,,,0,0,0,0,False,0.5662462115287781,0.30621352791786194,0.9628427028656006,,False
11818091547,,/evaluator_log,,,0,0,0,0,False,0.5704206824302673,0.36593902111053467,0.9639289379119873,,False
11918099487,,/evaluator_log,,,0,0,0,0,False,0.5914216041564941,0.41143354773521423,0.9642979502677917,,False
12018098433,,/evaluator_log,,,0,0,0,0,False,0.5582331418991089,0.3585297167301178,0.9679654240608215,,False
12123095656,,/evaluator_log,,,0,0,0,0,False,0.5410193800926208,0.3424072265625,0.9681640267372131,,False
12223106582,,/evaluator_log,,,0,0,0,0,False,0.5668210387229919,0.3049047291278839,0.9675570130348206,,False
12323109552,,/evaluator_log,,,0,0,0,0,False,0.5890623331069946,0.4731232225894928,0.9662838578224182,,False
12423106366,,/evaluator_log,,,0,0,0,0,False,0.5144208073616028,0.22821101546287537,0.9625864624977112,,False
12523109106,,/evaluator_log,,,0,0,0,0,False,0.5336877107620239,0.44257915019989014,0.9645086526870728,,False
12623117455,,/evaluator_log,,,0,0,0,0,False,0.6278260350227356,0.49707213044166565,0.9626938700675964,,False
12723118527,,/evaluator_log,,,0,0,0,0,False,0.6027848720550537,0.3367927074432373,0.9619548320770264,,False
12823116305,,/evaluator_log,,,0,0,0,0,False,0.6294820308685303,0.5654958486557007,0.9614843726158142,,False
12923118444,,/evaluator_log,,,0,0,0,0,False,0.5801875591278076,0.37029266357421875,0.9611750841140747,,False
13023124846,,/evaluator_log,,,0,0,0,0,False,0.6302376985549927,0.5008273720741272,0.9631007313728333,,False
13123128565,,/evaluator_log,,,0,0,0,0,False,0.6103309392929077,0.36521288752555847,0.9636154770851135,,False
13218127399,,/evaluator_log,,,0,0,0,0,False,0.5949963927268982,0.3913276195526123,0.962965190410614,,False
13323136385,,/evaluator_log,,,0,0,0,0,False,0.5858325958251953,0.3077557682991028,0.9640382528305054,,False
13423135696,,/evaluator_log,,,0,0,0,0,False,0.5924453139305115,0.31338199973106384,0.9658276438713074,,False
13518133302,,/evaluator_log,,,0,0,0,0,False,0.5928488373756409,0.3384920656681061,0.9667096734046936,,False
13628148395,,/evaluator_log,,,0,0,0,0,False,0.5782277584075928,0.5044554471969604,0.966389000415802,,False
13723141612,,/evaluator_log,,,0,0,0,0,False,0.5472815036773682,0.2988980710506439,0.967505693435669,,False
13828149697,,/evaluator_log,,,0,0,0,0,False,0.5165050029754639,0.236286923289299,0.9646360874176025,,False
13923156805,,/evaluator_log,,,0,0,0,0,False,0.5385122895240784,0.21875,0.9670128226280212,,False
14018144284,,/evaluator_log,,,0,0,0,0,False,0.4780207574367523,0.0,0.9695613980293274,,False
14123143502,,/evaluator_log,,,0,0,0,0,False,0.5327069163322449,0.1031746044754982,0.9716749787330627,,False
14223146186,,/evaluator_log,,,0,0,0,0,False,0.5303745865821838,0.1759433001279831,0.9696787595748901,,False
14323156583,,/evaluator_log,,,0,0,0,0,False,0.5533831119537354,0.1590413898229599,0.9728933572769165,,False
14428152953,,/evaluator_log,,,0,0,0,0,False,0.5960582494735718,0.35637256503105164,0.9745287895202637,,False
14518151099,,/evaluator_log,,,0,0,0,0,False,0.5393051505088806,0.2063492089509964,0.973270058631897,,False
14623154600,,/evaluator_log,,,0,0,0,0,False,0.5083479285240173,0.24662309885025024,0.9720221161842346,,False
14728160262,,/evaluator_log,,,0,0,0,0,False,0.5313709378242493,0.36274513602256775,0.9710788726806641,,False
14828160767,,/evaluator_log,,,0,0,0,0,False,0.5457416772842407,0.37052062153816223,0.971839427947998,,False
14923163822,,/evaluator_log,,,0,0,0,0,False,0.5757120847702026,0.46568629145622253,0.9698745012283325,,False
15018168661,,/evaluator_log,,,0,0,0,0,False,0.5219817161560059,0.28337061405181885,0.9698830842971802,,False
15123176306,,/evaluator_log,,,0,0,0,0,False,0.5847554802894592,0.3844245970249176,0.9698662757873535,,False
15223178625,,/evaluator_log,,,0,0,0,0,False,0.5454312562942505,0.1994152069091797,0.9696393609046936,,False
15323181069,,/evaluator_log,,,0,0,0,0,False,0.49378475546836853,0.09803921729326248,0.9707441926002502,,False
15423173718,,/evaluator_log,,,0,0,0,0,False,0.48572298884391785,0.1071428582072258,0.9719101190567017,,False
15523178052,,/evaluator_log,,,0,0,0,0,False,0.5307661890983582,0.1764705926179886,0.9728449583053589,,False
15628179799,,/evaluator_log,,,0,0,0,0,False,0.4864245057106018,0.02777777798473835,0.9713959693908691,,False
15723190130,,/evaluator_log,,,0,0,0,0,False,0.4923173785209656,0.0,0.9750180840492249,,False
15823185512,,/evaluator_log,,,0,0,0,0,False,0.492740660905838,0.06818182021379471,0.9726449251174927,,False
15923190792,,/evaluator_log,,,0,0,0,0,False,0.48017948865890503,0.0,0.9694505929946899,,False
16023188811,,/evaluator_log,,,0,0,0,0,False,0.4925432503223419,0.0,0.9692940711975098,,False
16123194293,,/evaluator_log,,,0,0,0,0,False,0.475460946559906,0.03125,0.9685039520263672,,False
16223195051,,/evaluator_log,,,0,0,0,0,False,0.5162955522537231,0.1666666716337204,0.9706103801727295,,False
16323206392,,/evaluator_log,,,0,0,0,0,False,0.5057417154312134,0.1304347813129425,0.9661545157432556,,False
16428206904,,/evaluator_log,,,0,0,0,0,False,0.4523526728153229,0.1111111119389534,0.9684128761291504,,False
16523201604,,/evaluator_log,,,0,0,0,0,False,0.4318277835845947,0.08771929889917374,0.9652845859527588,,False
16623206844,,/evaluator_log,,,0,0,0,0,False,0.4366863965988159,0.12121212482452393,0.9653105139732361,,False
16723206384,,/evaluator_log,,,0,0,0,0,False,0.4375477433204651,0.1149425283074379,0.9647720456123352,,False
16823210084,,/evaluator_log,,,0,0,0,0,False,0.4458679258823395,0.1304347813129425,0.9666752815246582,,False
16923213762,,/evaluator_log,,,0,0,0,0,False,0.45935139060020447,0.15485313534736633,0.9670991897583008,,False
17023213639,,/evaluator_log,,,0,0,0,0,False,0.461885929107666,0.19107142090797424,0.9618270397186279,,False
17123223865,,/evaluator_log,,,0,0,0,0,False,0.4223302900791168,0.1308642029762268,0.9628810882568359,,False
17223216446,,/evaluator_log,,,0,0,0,0,False,0.428175687789917,0.04619673267006874,0.9612118601799011,,False
17323223326,,/evaluator_log,,,0,0,0,0,False,0.4337335526943207,0.013333332724869251,0.9650911688804626,,False
17423226194,,/evaluator_log,,,0,0,0,0,False,0.4229198694229126,0.11764705926179886,0.9691982269287109,,False
17523232304,,/evaluator_log,,,0,0,0,0,False,0.3987254202365875,0.09767206758260727,0.9680261611938477,,False
17628231211,,/evaluator_log,,,0,0,0,0,False,0.4181203544139862,0.1428571492433548,0.9677289724349976,,False
17723233171,,/evaluator_log,,,0,0,0,0,False,0.4233807921409607,0.15925925970077515,0.9682643413543701,,False
17823236645,,/evaluator_log,,,0,0,0,0,False,0.4174668788909912,0.23005147278308868,0.9697639346122742,,False
17923233559,,/evaluator_log,,,0,0,0,0,False,0.38919782638549805,0.073908731341362,0.9675198197364807,,False
18028238568,,/evaluator_log,,,0,0,0,0,False,0.37846678495407104,0.0,0.9632494449615479,,False
18123247378,,/evaluator_log,,,0,0,0,0,False,0.41276511549949646,0.0683760717511177,0.9587269425392151,,False
18223249882,,/evaluator_log,,,0,0,0,0,False,0.3823671042919159,0.0476190485060215,0.9552995562553406,,False
18323247245,,/evaluator_log,,,0,0,0,0,False,0.40110325813293457,0.016260161995887756,0.9532545804977417,,False
18423243908,,/evaluator_log,,,0,0,0,0,False,0.40588605403900146,0.0,0.9510555863380432,,False
18523254520,,/evaluator_log,,,0,0,0,0,False,0.4126879870891571,0.011904762126505375,0.9507076144218445,,False
18623254333,,/evaluator_log,,,0,0,0,0,False,0.3872612714767456,0.04629629850387573,0.9486418962478638,,False
18718253521,,/evaluator_log,,,0,0,0,0,False,0.3802129328250885,0.0,0.9479735493659973,,False
18823273186,,/evaluator_log,,,0,0,0,0,False,0.3860384523868561,0.06534391641616821,0.9481557607650757,,False
18923265957,,/evaluator_log,,,0,0,0,0,False,0.4133278727531433,0.06201550364494324,0.9517925977706909,,False
19023269065,,/evaluator_log,,,0,0,0,0,False,0.4054830074310303,0.035087719559669495,0.9516674280166626,,False
19123273770,,/evaluator_log,,,0,0,0,0,False,0.4267377555370331,0.08811559528112411,0.9523910284042358,,False
19223265187,,/evaluator_log,,,0,0,0,0,False,0.4096881151199341,0.02298850566148758,0.9567475914955139,,False
19318268850,,/evaluator_log,,,0,0,0,0,False,0.4130993187427521,0.0555555559694767,0.9556384086608887,,False
19428270869,,/evaluator_log,,,0,0,0,0,False,0.4361078143119812,0.1252150982618332,0.9578683376312256,,False
19518281207,,/evaluator_log,,,0,0,0,0,False,0.42533814907073975,0.0775097981095314,0.9582257270812988,,False
19623284041,,/evaluator_log,,,0,0,0,0,False,0.4133051931858063,0.0624176561832428,0.9612367153167725,,False
19723279536,,/evaluator_log,,,0,0,0,0,False,0.4337766766548157,0.1346801370382309,0.964257001876831,,False
19818280717,,/evaluator_log,,,0,0,0,0,False,0.4211706519126892,0.030901722609996796,0.9606696963310242,,False
19923290314,,/evaluator_log,,,0,0,0,0,False,0.42557841539382935,0.07565503567457199,0.9660600423812866,,False
20018288331,,/evaluator_log,,,0,0,0,0,False,0.4190134108066559,0.0896117091178894,0.9645386338233948,,False
20123307908,,/evaluator_log,,,0,0,0,0,False,0.42040106654167175,0.0339113287627697,0.9654301404953003,,False
20223290374,,/evaluator_log,,,0,0,0,0,False,0.4165797233581543,0.09734513610601425,0.9652183651924133,,False
20323299309,,/evaluator_log,,,0,0,0,0,False,0.4163501262664795,0.08451947569847107,0.9652887582778931,,False
20423302266,,/evaluator_log,,,0,0,0,0,False,0.4215703010559082,0.03552350401878357,0.9657419919967651,,False
20523302133,,/evaluator_log,,,0,0,0,0,False,0.421222984790802,0.09444444626569748,0.9663247466087341,,False
20623307782,,/evaluator_log,,,0,0,0,0,False,0.4157421290874481,0.02430555410683155,0.9651657938957214,,False
20723302132,,/evaluator_log,,,0,0,0,0,False,0.42149609327316284,0.06779661029577255,0.966253399848938,,False
20823306523,,/evaluator_log,,,0,0,0,0,False,0.40538451075553894,0.13978494703769684,0.9656240344047546,,False
20923309083,,/evaluator_log,,,0,0,0,0,False,0.42517685890197754,0.10645061731338501,0.9666838049888611,,False
21023307628,,/evaluator_log,,,0,0,0,0,False,0.41478216648101807,0.07547169923782349,0.9653895497322083,,False
21123319792,,/evaluator_log,,,0,0,0,0,False,0.40039515495300293,0.14017094671726227,0.9629180431365967,,False
21223321825,,/evaluator_log,,,0,0,0,0,False,0.41959959268569946,0.103518046438694,0.9663628339767456,,False
21323318485,,/evaluator_log,,,0,0,0,0,False,0.39579880237579346,0.11818239837884903,0.969240128993988,,False
21423319853,,/evaluator_log,,,0,0,0,0,False,0.4239928722381592,0.09340377897024155,0.9696224331855774,,False
21523323344,,/evaluator_log,,,0,0,0,0,False,0.419269859790802,0.10437051206827164,0.9710537791252136,,False
21623325180,,/evaluator_log,,,0,0,0,0,False,0.4266468286514282,0.1317424476146698,0.971825897693634,,False
21723329072,,/evaluator_log,,,0,0,0,0,False,0.423421710729599,0.07901234179735184,0.9723962545394897,,False
21828327932,,/evaluator_log,,,0,0,0,0,False,0.42389288544654846,0.1090909019112587,0.9730981588363647,,False
21923338353,,/evaluator_log,,,0,0,0,0,False,0.4423636496067047,0.12035105377435684,0.9720500707626343,,False
22028337158,,/evaluator_log,,,0,0,0,0,False,0.43060001730918884,0.12679865956306458,0.9747444987297058,,False
22128342744,,/evaluator_log,,,0,0,0,0,False,0.4418886601924896,0.11610738188028336,0.9738417863845825,,False
22228341783,,/evaluator_log,,,0,0,0,0,False,0.4327247440814972,0.12325707823038101,0.9739596843719482,,False
22323348689,,/evaluator_log,,,0,0,0,0,False,0.4384230673313141,0.1354258805513382,0.9742657542228699,,False
22428348191,,/evaluator_log,,,0,0,0,0,False,0.42612481117248535,0.09476422518491745,0.9764000177383423,,False
22518346721,,/evaluator_log,,,0,0,0,0,False,0.43102604150772095,0.11002824455499649,0.976611852645874,,False
22623355297,,/evaluator_log,,,0,0,0,0,False,0.436712384223938,0.13388265669345856,0.9785138964653015,,False
22723357323,,/evaluator_log,,,0,0,0,0,False,0.40072566270828247,0.1321144700050354,0.9780634045600891,,False
22823354771,,/evaluator_log,,,0,0,0,0,False,0.45998191833496094,0.1567714661359787,0.9809863567352295,,False
22923357162,,/evaluator_log,,,0,0,0,0,False,0.43743789196014404,0.07909604161977768,0.9791422486305237,,False
23023359514,,/evaluator_log,,,0,0,0,0,False,0.42501676082611084,0.11264774948358536,0.9792952537536621,,False
23123361406,,/evaluator_log,,,0,0,0,0,False,0.4343532621860504,0.08382066339254379,0.9791098237037659,,False
23218359460,,/evaluator_log,,,0,0,0,0,False,0.40295055508613586,0.07816091924905777,0.9793967604637146,,False
23318362842,,/evaluator_log,,,0,0,0,0,False,0.3988533318042755,0.11178862303495407,0.9799819588661194,,False
23423373791,,/evaluator_log,,,0,0,0,0,False,0.4355815649032593,0.12745098769664764,0.9788947105407715,,False
23523376295,,/evaluator_log,,,0,0,0,0,False,0.4198135435581207,0.07550644129514694,0.9786794185638428,,False
23623373020,,/evaluator_log,,,0,0,0,0,False,0.41500523686408997,0.09624412655830383,0.9788017868995667,,False
23718369684,,/evaluator_log,,,0,0,0,0,False,0.4130338430404663,0.10489510744810104,0.9772264957427979,,False
23823383829,,/evaluator_log,,,0,0,0,0,False,0.40465056896209717,0.07037036865949631,0.9785304069519043,,False
23918378275,,/evaluator_log,,,0,0,0,0,False,0.41606175899505615,0.08534622192382812,0.9807364344596863,,False
24023381514,,/evaluator_log,,,0,0,0,0,False,0.4188528060913086,0.062745101749897,0.9817897081375122,,False
24123390271,,/evaluator_log,,,0,0,0,0,False,0.4116586446762085,0.06296296417713165,0.9832316637039185,,False
24223393187,,/evaluator_log,,,0,0,0,0,False,0.412051796913147,0.06930693238973618,0.9832282662391663,,False
24323395280,,/evaluator_log,,,0,0,0,0,False,0.4215528666973114,0.10256410390138626,0.9839451313018799,,False
24423387559,,/evaluator_log,,,0,0,0,0,False,0.41307738423347473,0.07590759545564651,0.9843064546585083,,False
24523399669,,/evaluator_log,,,0,0,0,0,False,0.4287092387676239,0.0824742242693901,0.9839270114898682,,False
24628402755,,/evaluator_log,,,0,0,0,0,False,0.42695048451423645,0.09764309972524643,0.9857639074325562,,False
24718398489,,/evaluator_log,,,0,0,0,0,False,0.4156591594219208,0.10486891865730286,0.9858880639076233,,False
24828407604,,/evaluator_log,,,0,0,0,0,False,0.41482508182525635,0.04575163498520851,0.9858704209327698,,False
24918408358,,/evaluator_log,,,0,0,0,0,False,0.4112538993358612,0.15555556118488312,0.9887058138847351,,False
25023402788,,/evaluator_log,,,0,0,0,0,False,0.390444815158844,0.09783913940191269,0.9887656569480896,,False
25123413805,,/evaluator_log,,,0,0,0,0,False,0.38973096013069153,0.0882352963089943,0.9881337285041809,,False
25223417780,,/evaluator_log,,,0,0,0,0,False,0.394580215215683,0.1111111119389534,0.9888171553611755,,False
25323413999,,/evaluator_log,,,0,0,0,0,False,0.39862561225891113,0.11974110454320908,0.9885910153388977,,False
25423421598,,/evaluator_log,,,0,0,0,0,False,0.40003812313079834,0.11515151709318161,0.9888927936553955,,False
25523418445,,/evaluator_log,,,0,0,0,0,False,0.3833080232143402,0.07971014827489853,0.9880239367485046,,False
25623426500,,/evaluator_log,,,0,0,0,0,False,0.4000239670276642,0.09785932302474976,0.9895986318588257,,False
25723428709,,/evaluator_log,,,0,0,0,0,False,0.3900962769985199,0.07788161933422089,0.9887439012527466,,False
25818425420,,/evaluator_log,,,0,0,0,0,False,0.412097692489624,0.09764309972524643,0.9891946315765381,,False
25923428596,,/evaluator_log,,,0,0,0,0,False,0.41707393527030945,0.07301587611436844,0.9889956116676331,,False
26023436125,,/evaluator_log,,,0,0,0,0,False,0.43774616718292236,0.12747524678707123,0.9898956418037415,,False
26123439160,,/evaluator_log,,,0,0,0,0,False,0.4591083228588104,0.03703703731298447,0.9896063208580017,,False
26228440716,,/evaluator_log,,,0,0,0,0,False,0.4570052921772003,0.1111111119389534,0.9914955496788025,,False
26323438047,,/evaluator_log,,,0,0,0,0,False,0.48133355379104614,0.12745098769664764,0.9913873076438904,,False
26423445525,,/evaluator_log,,,0,0,0,0,False,0.4601764380931854,0.08695652335882187,0.9914307594299316,,False
26518440470,,/evaluator_log,,,0,0,0,0,False,0.46227943897247314,0.0873015895485878,0.9915997982025146,,False
26623444754,,/evaluator_log,,,0,0,0,0,False,0.45697304606437683,0.07909604161977768,0.9913614988327026,,False
26723443835,,/evaluator_log,,,0,0,0,0,False,0.46545174717903137,0.09950248152017593,0.9918009042739868,,False
26823455479,,/evaluator_log,,,0,0,0,0,False,0.4480700194835663,0.04975124076008797,0.9917240738868713,,False
26923456372,,/evaluator_log,,,0,0,0,0,False,0.46296724677085876,0.08045976608991623,0.9912354946136475,,False
27023452718,,/evaluator_log,,,0,0,0,0,False,0.46611496806144714,0.1111111119389534,0.9926279783248901,,False
27123457194,,/evaluator_log,,,0,0,0,0,False,0.4722101092338562,0.11261261254549026,0.9924588203430176,,False
27223458255,,/evaluator_log,,,0,0,0,0,False,0.4613102078437805,0.053333330899477005,0.9925972819328308,,False
27323466785,,/evaluator_log,,,0,0,0,0,False,0.4602747857570648,0.0364583320915699,0.9920551776885986,,False
27423468751,,/evaluator_log,,,0,0,0,0,False,0.471877783536911,0.10769230872392654,0.9920458197593689,,False
27513461230,,/evaluator_log,,,0,0,0,0,False,0.48071709275245667,0.14666666090488434,0.9924769997596741,,False
27623471316,,/evaluator_log,,,0,0,0,0,False,0.4614817202091217,0.025641025975346565,0.9924754500389099,,False
27718470532,,/evaluator_log,,,0,0,0,0,False,0.4931494891643524,0.1204819306731224,0.9932416677474976,,False
27818472794,,/evaluator_log,,,0,0,0,0,False,0.4918881058692932,0.11674347519874573,0.9932563900947571,,False
27918480464,,/evaluator_log,,,0,0,0,0,False,0.4926580488681793,0.07999999821186066,0.9931579828262329,,False
28018482410,,/evaluator_log,,,0,0,0,0,False,0.4826717972755432,0.06425702571868896,0.9926940202713013,,False
28123481172,,/evaluator_log,,,0,0,0,0,False,0.4838288724422455,0.06666667014360428,0.9924871325492859,,False
28223483374,,/evaluator_log,,,0,0,0,0,False,0.4926663637161255,0.13476842641830444,0.9933284521102905,,False
28328490817,,/evaluator_log,,,0,0,0,0,False,0.4946046769618988,0.10526315122842789,0.9930455684661865,,False
28418485092,,/evaluator_log,,,0,0,0,0,False,0.4960182309150696,0.09345794469118118,0.9927752614021301,,False
28518487456,,/evaluator_log,,,0,0,0,0,False,0.49865469336509705,0.1076388880610466,0.9930312037467957,,False
28623499397,,/evaluator_log,,,0,0,0,0,False,0.5083723068237305,0.09578543901443481,0.9926980137825012,,False
28723500457,,/evaluator_log,,,0,0,0,0,False,0.48965150117874146,0.028735632076859474,0.9932291507720947,,False
28823502647,,/evaluator_log,,,0,0,0,0,False,0.49478599429130554,0.03030303120613098,0.9941124320030212,,False
28923499626,,/evaluator_log,,,0,0,0,0,False,0.4904516339302063,0.09259259700775146,0.9922247529029846,,False
29023508562,,/evaluator_log,,,0,0,0,0,False,0.4973035752773285,0.1071428582072258,0.9939159750938416,,False
29118499906,,/evaluator_log,,,0,0,0,0,False,0.5003385543823242,0.15942029654979706,0.9936428070068359,,False
29218511352,,/evaluator_log,,,0,0,0,0,False,0.48747557401657104,0.1190476194024086,0.9939239621162415,,False
29323514181,,/evaluator_log,,,0,0,0,0,False,0.5204021334648132,0.0,0.994884192943573,,False
29418507641,,/evaluator_log,,,0,0,0,0,False,0.5193345546722412,0.0,0.9945171475410461,,False
29523512916,,/evaluator_log,,,0,0,0,0,False,0.5220959782600403,0.0,0.9951618313789368,,False
29623522086,,/evaluator_log,,,0,0,0,0,False,0.5360780954360962,0.0,0.9953465461730957,,False
29723524279,,/evaluator_log,,,0,0,0,0,False,0.53519606590271,0.0,0.9948703646659851,,False
29828526610,,/evaluator_log,,,0,0,0,0,False,0.5282469987869263,0.0,0.994889497756958,,False
29918520922,,/evaluator_log,,,0,0,0,0,False,0.5842770338058472,0.0,0.9947408437728882,,False
30023536841,,/evaluator_log,,,0,0,0,0,False,0.5455870032310486,0.0,0.9955883026123047,,False
30118526005,,/evaluator_log,,,0,0,0,0,False,0.5385004878044128,0.0,0.9952934384346008,,False
30228533135,,/evaluator_log,,,0,0,0,0,False,0.5829612016677856,0.0,0.9953495264053345,,False
30323531403,,/evaluator_log,,,0,0,0,0,False,0.5763334631919861,0.0,0.9947413206100464,,False
30423542174,,/evaluator_log,,,0,0,0,0,False,0.593185305595398,0.0,0.9948140382766724,,False
30523542667,,/evaluator_log,,,0,0,0,0,False,0.5943263173103333,0.0,0.9947230815887451,,False
30623548294,,/evaluator_log,,,0,0,0,0,False,0.5741365551948547,0.0,0.9950323104858398,,False
30723550056,,/evaluator_log,,,0,0,0,0,False,0.5839734077453613,0.0,0.9949407577514648,,False
30823549188,,/evaluator_log,,,0,0,0,0,False,0.580075740814209,0.0,0.9948817491531372,,False
30918553810,,/evaluator_log,,,0,0,0,0,False,0.5701591372489929,0.0,0.9949010610580444,,False
31023551918,,/evaluator_log,,,0,0,0,0,False,0.5756786465644836,0.0,0.9944892525672913,,False
31123551037,,/evaluator_log,,,0,0,0,0,False,0.5718445181846619,0.0,0.9944118857383728,,False
31228554048,,/evaluator_log,,,0,0,0,0,False,0.5283147692680359,0.0,0.9927084445953369,,False
31318555546,,/evaluator_log,,,0,0,0,0,False,0.5678989291191101,0.25,0.9942612648010254,,False
31423559888,,/evaluator_log,,,0,0,0,0,False,0.5463835000991821,0.1428571492433548,0.9948474764823914,,False
31518565360,,/evaluator_log,,,0,0,0,0,False,0.5087789297103882,0.025641025975346565,0.9939217567443848,,False
31623569690,,/evaluator_log,,,0,0,0,0,False,0.5098904371261597,0.04444444552063942,0.9945499897003174,,False
31723564424,,/evaluator_log,,,0,0,0,0,False,0.5231338739395142,0.07407407462596893,0.994123101234436,,False
31823566001,,/evaluator_log,,,0,0,0,0,False,0.5097337961196899,0.1041666641831398,0.9942521452903748,,False
31918568812,,/evaluator_log,,,0,0,0,0,False,0.5512896776199341,0.1071428582072258,0.9952524304389954,,False
32018574029,,/evaluator_log,,,0,0,0,0,False,0.5270325541496277,0.14705882966518402,0.9948630332946777,,False
32123581207,,/evaluator_log,,,0,0,0,0,False,0.5501350164413452,0.1666666716337204,0.9950123429298401,,False
32218583446,,/evaluator_log,,,0,0,0,0,False,0.5309785008430481,0.07894736528396606,0.9945831894874573,,False
32323594705,,/evaluator_log,,,0,0,0,0,False,0.5318971872329712,0.0833333358168602,0.9948235750198364,,False
32423597457,,/evaluator_log,,,0,0,0,0,False,0.5320313572883606,0.10526315867900848,0.9946021437644958,,False
32518586272,,/evaluator_log,,,0,0,0,0,False,0.5030660629272461,0.02380952425301075,0.9946020245552063,,False
32623585084,,/evaluator_log,,,0,0,0,0,False,0.5040271282196045,0.0,0.994784414768219,,False
32718592431,,/evaluator_log,,,0,0,0,0,False,0.5131959319114685,0.029411764815449715,0.9934322834014893,,False
32818591629,,/evaluator_log,,,0,0,0,0,False,0.49294567108154297,0.0,0.9938733577728271,,False
32918593302,,/evaluator_log,,,0,0,0,0,False,0.5086391568183899,0.0625,0.994351327419281,,False
33023597637,,/evaluator_log,,,0,0,0,0,False,0.47110310196876526,0.0,0.9935337901115417,,False
33123610110,,/evaluator_log,,,0,0,0,0,False,0.5119879841804504,0.2943806052207947,0.9935896396636963,,False
33223598492,,/evaluator_log,,,0,0,0,0,False,0.5201823711395264,0.24836601316928864,0.9940519332885742,,False
33323609402,,/evaluator_log,,,0,0,0,0,False,0.5490684509277344,0.23943662643432617,0.9947344660758972,,False
33423613373,,/evaluator_log,,,0,0,0,0,False,0.5579566955566406,0.24242424964904785,0.9946205615997314,,False
33523608419,,/evaluator_log,,,0,0,0,0,False,0.5761139988899231,0.23508770763874054,0.9933344721794128,,False
33618612845,,/evaluator_log,,,0,0,0,0,False,0.5713484883308411,0.23333333432674408,0.9927775263786316,,False
33718616502,,/evaluator_log,,,0,0,0,0,False,0.5449627041816711,0.23024053871631622,0.9925681948661804,,False
33823622437,,/evaluator_log,,,0,0,0,0,False,0.5675346255302429,0.25850340723991394,0.9929013252258301,,False
33928624710,,/evaluator_log,,,0,0,0,0,False,0.5374269485473633,0.24000000953674316,0.9924514889717102,,False
34023626333,,/evaluator_log,,,0,0,0,0,False,0.5433368682861328,0.22006471455097198,0.9922469258308411,,False
34123621877,,/evaluator_log,,,0,0,0,0,False,0.5144083499908447,0.22772276401519775,0.9931147694587708,,False
34223622857,,/evaluator_log,,,0,0,0,0,False,0.5273170471191406,0.20679013431072235,0.9955751299858093,,False
34323623603,,/evaluator_log,,,0,0,0,0,False,0.5121737718582153,0.23148147761821747,0.9949947595596313,,False
34423630939,,/evaluator_log,,,0,0,0,0,False,0.45792365074157715,0.17105263471603394,0.994172990322113,,False
34523630607,,/evaluator_log,,,0,0,0,0,False,0.477876216173172,0.24074073135852814,0.9935929775238037,,False
34623632180,,/evaluator_log,,,0,0,0,0,False,0.45649534463882446,0.17391304671764374,0.9935153722763062,,False
34723634988,,/evaluator_log,,,0,0,0,0,False,0.47388124465942383,0.22314049303531647,0.992709755897522,,False
34823637150,,/evaluator_log,,,0,0,0,0,False,0.46476486325263977,0.2347826212644577,0.9926539063453674,,False
34923647966,,/evaluator_log,,,0,0,0,0,False,0.4429647624492645,0.20080643892288208,0.9932311177253723,,False
35023650129,,/evaluator_log,,,0,0,0,0,False,0.4373524785041809,0.17975206673145294,0.9929888248443604,,False
35123644867,,/evaluator_log,,,0,0,0,0,False,0.4785790741443634,0.26631230115890503,0.9936375021934509,,False
35223648343,,/evaluator_log,,,0,0,0,0,False,0.5029981136322021,0.2587365508079529,0.9938616752624512,,False
35318647245,,/evaluator_log,,,0,0,0,0,False,0.5475367307662964,0.3816239535808563,0.9938786029815674,,False
35423651544,,/evaluator_log,,,0,0,0,0,False,0.5282065868377686,0.3203798532485962,0.9936147332191467,,False
35523653425,,/evaluator_log,,,0,0,0,0,False,0.5211282968521118,0.38912877440452576,0.9934254884719849,,False
35623663805,,/evaluator_log,,,0,0,0,0,False,0.5533194541931152,0.3243523836135864,0.9936870336532593,,False
35723662112,,/evaluator_log,,,0,0,0,0,False,0.5480636358261108,0.3085213303565979,0.9928820133209229,,False
35823663774,,/evaluator_log,,,0,0,0,0,False,0.562537670135498,0.31800976395606995,0.993365466594696,,False
35923662881,,/evaluator_log,,,0,0,0,0,False,0.5543834567070007,0.3226495683193207,0.9930075407028198,,False
36023675337,,/evaluator_log,,,0,0,0,0,False,0.5701911449432373,0.31193429231643677,0.9928193688392639,,False
36123668218,,/evaluator_log,,,0,0,0,0,False,0.6049667000770569,0.44422340393066406,0.9932119250297546,,False
36223674611,,/evaluator_log,,,0,0,0,0,False,0.5628147125244141,0.4435185194015503,0.9928180575370789,,False
36318685871,,/evaluator_log,,,0,0,0,0,False,0.5406023859977722,0.3253968358039856,0.993168294429779,,False
36423677594,,/evaluator_log,,,0,0,0,0,False,0.556297242641449,0.29760199785232544,0.9936187267303467,,False
36523680309,,/evaluator_log,,,0,0,0,0,False,0.5104354619979858,0.31945914030075073,0.9937096238136292,,False
36623681958,,/evaluator_log,,,0,0,0,0,False,0.5753577947616577,0.39737358689308167,0.9932585954666138,,False
36723690927,,/evaluator_log,,,0,0,0,0,False,0.5575599074363708,0.3745059072971344,0.9934988021850586,,False
36828693022,,/evaluator_log,,,0,0,0,0,False,0.5456175804138184,0.300539493560791,0.9938331842422485,,False
36923690671,,/evaluator_log,,,0,0,0,0,False,0.5470929741859436,0.2795153260231018,0.9933990240097046,,False
37023689522,,/evaluator_log,,,0,0,0,0,False,0.5506752133369446,0.2608904242515564,0.9929847717285156,,False
37123700298,,/evaluator_log,,,0,0,0,0,False,0.5931599736213684,0.3513889014720917,0.9933596849441528,,False
37223697693,,/evaluator_log,,,0,0,0,0,False,0.5996935963630676,0.3311965763568878,0.9932239055633545,,False
37323698413,,/evaluator_log,,,0,0,0,0,False,0.6017958521842957,0.3385142385959625,0.9934102892875671,,False
37423707192,,/evaluator_log,,,0,0,0,0,False,0.5748628377914429,0.2826698422431946,0.9932941794395447,,False
37518699356,,/evaluator_log,,,0,0,0,0,False,0.5708615183830261,0.25627386569976807,0.9931033253669739,,False
37628710824,,/evaluator_log,,,0,0,0,0,False,0.5614901781082153,0.24455541372299194,0.992089033126831,,False
37723714765,,/evaluator_log,,,0,0,0,0,False,0.6226552724838257,0.39418959617614746,0.9927964210510254,,False
37828712129,,/evaluator_log,,,0,0,0,0,False,0.5775079727172852,0.4116809368133545,0.9933183789253235,,False
37918708533,,/evaluator_log,,,0,0,0,0,False,0.56048184633255,0.2782961130142212,0.9931642413139343,,False
38023716903,,/evaluator_log,,,0,0,0,0,False,0.5819438099861145,0.35034918785095215,0.993105947971344,,False
38123719356,,/evaluator_log,,,0,0,0,0,False,0.5834172964096069,0.333890825510025,0.9936107993125916,,False
38223721125,,/evaluator_log,,,0,0,0,0,False,0.6206343173980713,0.46052277088165283,0.9928357005119324,,False
38328721707,,/evaluator_log,,,0,0,0,0,False,0.5905721187591553,0.3837599456310272,0.993229329586029,,False
38423731196,,/evaluator_log,,,0,0,0,0,False,0.5722249746322632,0.3621915876865387,0.9927949905395508,,False
38523732779,,/evaluator_log,,,0,0,0,0,False,0.5732762217521667,0.3479352295398712,0.9921484589576721,,False
38623730275,,/evaluator_log,,,0,0,0,0,False,0.602047324180603,0.4635019302368164,0.992807924747467,,False
38728738969,,/evaluator_log,,,0,0,0,0,False,0.5591787695884705,0.3496907651424408,0.9929781556129456,,False
38818732525,,/evaluator_log,,,0,0,0,0,False,0.5478371381759644,0.32198566198349,0.9921675324440002,,False
38918732493,,/evaluator_log,,,0,0,0,0,False,0.5559725761413574,0.2922505736351013,0.9927759766578674,,False
39018744214,,/evaluator_log,,,0,0,0,0,False,0.5788267254829407,0.3516865074634552,0.9931321740150452,,False
39123748167,,/evaluator_log,,,0,0,0,0,False,0.5443630218505859,0.2503097653388977,0.9926756024360657,,False
39223742342,,/evaluator_log,,,0,0,0,0,False,0.5337040424346924,0.22510822117328644,0.9932789206504822,,False
39318743975,,/evaluator_log,,,0,0,0,0,False,0.5551297068595886,0.23553720116615295,0.9930676817893982,,False
39418750285,,/evaluator_log,,,0,0,0,0,False,0.558926522731781,0.289186954498291,0.9925028681755066,,False
39523746553,,/evaluator_log,,,0,0,0,0,False,0.575542688369751,0.3608871102333069,0.9930106997489929,,False
39623755721,,/evaluator_log,,,0,0,0,0,False,0.5568789839744568,0.347897469997406,0.9925040006637573,,False
39723756797,,/evaluator_log,,,0,0,0,0,False,0.5214629173278809,0.2734557092189789,0.9919822812080383,,False
39818759588,,/evaluator_log,,,0,0,0,0,False,0.5198938250541687,0.2594919800758362,0.9914956092834473,,False
39923762641,,/evaluator_log,,,0,0,0,0,False,0.5151317715644836,0.2907075881958008,0.9918203353881836,,False