timestamp,scenario,source,rule_name,strategy_name,strategy_hash,strategy_status,adaptation_type,adaptation_status,success,iou,vehicle_iou,road_iou,gt_failure_name,is_gt_failure
387180882,,/evaluator_log,,,0,0,0,0,False,0.5454676747322083,0.4455137252807617,0.9673227667808533,,False
512183476,,/evaluator_log,,,0,0,0,0,False,0.5193779468536377,0.28688523173332214,0.9692474603652954,,False
522180963,,/evaluator_log,,,0,0,0,0,False,0.5201601386070251,0.44179895520210266,0.9694640040397644,,False
627185647,,/evaluator_log,,,0,0,0,0,False,0.532633364200592,0.9237056970596313,0.9684301614761353,,False
727195891,,/evaluator_log,,,0,0,0,0,False,0.5085535645484924,0.897172212600708,0.9674443602561951,,False
797198712,,analyzer,SegmentationDead,,0,0,0,0,False,0.0,0.0,0.0,,False
797198712,,analyzer,SensorFusionDead,,0,0,0,0,False,0.0,0.0,0.0,,False
802195546,,planning,SensorFusionDead,sensor_fusion_restart,14489321528306928715,1,0,0,False,0.0,0.0,0.0,,False
802195546,,execution_lifecycle_change,,,0,0,0,1,False,0.0,0.0,0.0,,False
822190022,,/evaluator_log,,,0,0,0,0,False,0.48409977555274963,0.45049506425857544,0.9702792167663574,,False
1002202803,_003,scenario_executor,,,0,0,0,0,False,0.0,0.0,0.0,do_drop_segmentation,False
1002202803,_003,scenario_executor,,,0,0,0,0,False,0.0,0.0,0.0,image_degradation,False
1002202803,_003,scenario_executor,,,0,0,0,0,False,0.0,0.0,0.0,autofocus_needed,False
1197200366,,analyzer,SegmentationDead,,0,5,0,0,True,0.0,0.0,0.0,,False
1197200366,,analyzer,SensorFusionDead,sensor_fusion_restart,14489321528306928715,3,0,0,True,0.0,0.0,0.0,,False
1202204827,,execution_lifecycle_change,,,0,0,0,3,True,0.0,0.0,0.0,,False
1997219906,,analyzer,AutoFocusNeeded,,0,0,0,0,False,0.0,0.0,0.0,,False
2002220219,,planning,AutoFocusNeeded,autofocus_strategy,18274997830408420195,1,0,0,False,0.0,0.0,0.0,,False
2002220219,,execution_parametrization,,,0,0,0,1,False,0.0,0.0,0.0,,False
3197252651,,analyzer,AutoFocusNeeded,autofocus_strategy,18274997830408420195,3,0,0,True,0.0,0.0,0.0,,False
3202258505,,execution_parametrization,,,0,0,0,3,True,0.0,0.0,0.0,,False
4797292103,,analyzer,SensorFusionDead,,0,0,0,0,False,0.0,0.0,0.0,,False
4802292238,,planning,SensorFusionDead,sensor_fusion_restart,14489321528306928715,1,0,0,False,0.0,0.0,0.0,,False
4802292238,,execution_lifecycle_change,,,0,0,0,1,False,0.0,0.0,0.0,,False
5202302726,,analyzer,SegmentationDead,,0,0,0,0,False,0.0,0.0,0.0,,False
5207302486,,planning,SegmentationDead,segmentation_restart,3804427162940246793,1,0,0,False,0.0,0.0,0.0,,False
5207302486,,execution_lifecycle_change,,,0,0,0,3,True,0.0,0.0,0.0,,False
5607309226,,execution_lifecycle_change,,,0,0,0,1,False,0.0,0.0,0.0,,False
6007320216,,execution_lifecycle_change,,,0,0,0,3,True,0.0,0.0,0.0,,False
10002416948,,analyzer,SensorFusionDead,sensor_fusion_restart,14489321528306928715,4,0,0,False,0.0,0.0,0.0,,False
10007415426,,planning,SensorFusionDead,sensor_fusion_redeploy,209983007077540200,1,0,0,False,0.0,0.0,0.0,,False
10007415426,,execution_redeploy,,,0,0,4,1,False,0.0,0.0,0.0,,False
10402427937,,analyzer,SegmentationDead,segmentation_restart,3804427162940246793,4,0,0,False,0.0,0.0,0.0,,False
10407424794,,planning,SegmentationDead,segmentation_redeploy,4862303032868966723,1,0,0,False,0.0,0.0,0.0,,False
10407424794,,execution_redeploy,,,0,0,0,3,True,0.0,0.0,0.0,,False
10807430405,,execution_redeploy,,,0,0,4,1,False,0.0,0.0,0.0,,False
10827433460,,/evaluator_log,,,0,0,0,0,False,0.24625955522060394,0.14848485589027405,0.183053120970726,,False
11202443785,,analyzer,SegmentationDead,segmentation_redeploy,4862303032868966723,3,0,0,True,0.0,0.0,0.0,,False
11202443785,,analyzer,SensorFusionDead,sensor_fusion_redeploy,209983007077540200,3,0,0,True,0.0,0.0,0.0,,False
11207443354,,execution_redeploy,,,0,0,0,3,True,0.0,0.0,0.0,,False
12002461656,,analyzer,SegmentationDead,,0,0,0,0,False,0.0,0.0,0.0,,False
12007461595,,planning,SegmentationDead,segmentation_restart,3804427162940246793,1,0,0,False,0.0,0.0,0.0,,False
12007461595,,execution_lifecycle_change,,,0,0,0,1,False,0.0,0.0,0.0,,False
12517474262,,/evaluator_log,,,0,0,0,0,False,0.28274813294410706,0.0,0.19375868141651154,,False
12537467165,,/evaluator_log,,,0,0,0,0,False,0.27935895323753357,0.0,0.21306680142879486,,False
12562468199,,/evaluator_log,,,0,0,0,0,False,0.30086004734039307,0.0,0.19041754305362701,,False
12582467841,,/evaluator_log,,,0,0,0,0,False,0.2851085066795349,0.0,0.18724191188812256,,False
12607468543,,/evaluator_log,,,0,0,0,0,False,0.2854589521884918,0.0,0.2039465606212616,,False
12627470058,,/evaluator_log,,,0,0,0,0,False,0.2851886749267578,0.0,0.17723777890205383,,False
12722478824,,/evaluator_log,,,0,0,0,0,False,0.29319748282432556,0.0,0.1557387113571167,,False
12822481304,,/evaluator_log,,,0,0,0,0,False,0.2844471037387848,0.0,0.1519376039505005,,False
12917483132,,/evaluator_log,,,0,0,0,0,False,0.2848610281944275,0.0,0.14217281341552734,,False
13022478658,,/evaluator_log,,,0,0,0,0,False,0.28497156500816345,0.0,0.1561618596315384,,False
13122488478,,/evaluator_log,,,0,0,0,0,False,0.28369542956352234,0.0,0.1602579653263092,,False
13222486352,,/evaluator_log,,,0,0,0,0,False,0.2587869167327881,0.0,0.17737077176570892,,False
13202483290,,analyzer,SegmentationBad,,0,0,0,0,False,0.0,0.0,0.0,,False
13202483290,,analyzer,SegmentationDead,segmentation_restart,3804427162940246793,3,0,0,True,0.0,0.0,0.0,,False
13207482801,,planning,SegmentationBad,recalibration,12522202132277569776,1,0,0,False,0.0,0.0,0.0,,False
13322482206,,/evaluator_log,,,0,0,0,0,False,0.26069292426109314,0.0,0.1597733050584793,,False
13417494507,,/evaluator_log,,,0,0,0,0,False,0.2648233473300934,0.0,0.16762040555477142,,False
13517494087,,/evaluator_log,,,0,0,0,0,False,0.25129446387290955,0.0,0.16461510956287384,,False
13627497388,,/evaluator_log,,,0,0,0,0,False,0.23185685276985168,0.0,0.1519288867712021,,False
13722493669,,/evaluator_log,,,0,0,0,0,False,0.2453460991382599,0.0,0.18575958907604218,,False
13827504698,,/evaluator_log,,,0,0,0,0,False,0.22839586436748505,0.0,0.11515884101390839,,False
13927504185,,/evaluator_log,,,0,0,0,0,False,0.2550099194049835,0.0,0.1471911370754242,,False
14022509129,,/evaluator_log,,,0,0,0,0,False,0.2440333366394043,0.0,0.14347286522388458,,False
14122512561,,/evaluator_log,,,0,0,0,0,False,0.25440478324890137,0.0,0.1462128460407257,,False
14222508674,,/evaluator_log,,,0,0,0,0,False,0.26133647561073303,0.0,0.15062887966632843,,False
14327500428,,/evaluator_log,,,0,0,0,0,False,0.2603052854537964,0.03999999910593033,0.14597569406032562,,False
14427513878,,/evaluator_log,,,0,0,0,0,False,0.27288174629211426,0.054421767592430115,0.15902085602283478,,False
14522521448,,/evaluator_log,,,0,0,0,0,False,0.27694082260131836,0.072727270424366,0.14269289374351501,,False
14622524050,,/evaluator_log,,,0,0,0,0,False,0.25236931443214417,0.02185792289674282,0.12984894216060638,,False
14722520875,,/evaluator_log,,,0,0,0,0,False,0.26483556628227234,0.08405796438455582,0.13882693648338318,,False
14802526261,,analyzer,SegmentationBad,recalibration,12522202132277569776,4,0,0,False,0.0,0.0,0.0,,False
14822523435,,/evaluator_log,,,0,0,0,0,False,0.26451683044433594,0.0,0.17619477212429047,,False
14927514775,,/evaluator_log,,,0,0,0,0,False,0.27352410554885864,0.044247787445783615,0.171572744846344,,False
15027525091,,/evaluator_log,,,0,0,0,0,False,0.2807743549346924,0.10457516461610794,0.1647825837135315,,False
15122526834,,/evaluator_log,,,0,0,0,0,False,0.27714380621910095,0.0760233923792839,0.13989606499671936,,False
15227531108,,/evaluator_log,,,0,0,0,0,False,0.260884165763855,0.0,0.11815579235553741,,False
15322532575,,/evaluator_log,,,0,0,0,0,False,0.24918895959854126,0.0,0.1459527164697647,,False
15422534205,,/evaluator_log,,,0,0,0,0,False,0.2587546110153198,0.0,0.14518162608146667,,False
15522540787,,/evaluator_log,,,0,0,0,0,False,0.2648935914039612,0.0,0.14979830384254456,,False
15627547591,,/evaluator_log,,,0,0,0,0,False,0.2528846859931946,0.0,0.1500241756439209,,False
15722550162,,/evaluator_log,,,0,0,0,0,False,0.2657272517681122,0.0,0.17497432231903076,,False
15827552282,,/evaluator_log,,,0,0,0,0,False,0.25573036074638367,0.0,0.16820400953292847,,False
15922552429,,/evaluator_log,,,0,0,0,0,False,0.2582191824913025,0.0,0.1513838768005371,,False
16017557271,,/evaluator_log,,,0,0,0,0,False,0.26333099603652954,0.0,0.14740438759326935,,False
16127556253,,/evaluator_log,,,0,0,0,0,False,0.24033230543136597,0.0,0.14525604248046875,,False
16222555598,,/evaluator_log,,,0,0,0,0,False,0.25078141689300537,0.0,0.15376538038253784,,False
16322564180,,/evaluator_log,,,0,0,0,0,False,0.2521477937698364,0.0,0.17104661464691162,,False
16427566409,,/evaluator_log,,,0,0,0,0,False,0.2284921109676361,0.0,0.17256464064121246,,False
16527568795,,/evaluator_log,,,0,0,0,0,False,0.24415147304534912,0.0,0.18326912820339203,,False
16627572859,,/evaluator_log,,,0,0,0,0,False,0.24411754310131073,0.0,0.1815628856420517,,False
16727573680,,/evaluator_log,,,0,0,0,0,False,0.24575431644916534,0.0,0.18219462037086487,,False
16822569617,,/evaluator_log,,,0,0,0,0,False,0.24263958632946014,0.0,0.1743796467781067,,False
16927575759,,/evaluator_log,,,0,0,0,0,False,0.2290714979171753,0.0,0.15508241951465607,,False
17022571562,,/evaluator_log,,,0,0,0,0,False,0.2272513210773468,0.0,0.15373989939689636,,False
17122577367,,/evaluator_log,,,0,0,0,0,False,0.21993416547775269,0.0,0.14527647197246552,,False
17222585861,,/evaluator_log,,,0,0,0,0,False,0.21589165925979614,0.0,0.1416177600622177,,False
17322580734,,/evaluator_log,,,0,0,0,0,False,0.22033607959747314,0.0,0.15640895068645477,,False
17422580784,,/evaluator_log,,,0,0,0,0,False,0.21142981946468353,0.0,0.15124554932117462,,False
17517587909,,/evaluator_log,,,0,0,0,0,False,0.2129741609096527,0.0,0.15111427009105682,,False
17627588673,,/evaluator_log,,,0,0,0,0,False,0.21729391813278198,0.0,0.15945342183113098,,False
17722591338,,/evaluator_log,,,0,0,0,0,False,0.23307059705257416,0.0,0.16235150396823883,,False
17822594925,,/evaluator_log,,,0,0,0,0,False,0.22405309975147247,0.0,0.1462896466255188,,False
17927595921,,/evaluator_log,,,0,0,0,0,False,0.2549806237220764,0.0,0.17547568678855896,,False
18017598520,,/evaluator_log,,,0,0,0,0,False,0.2588690221309662,0.0,0.21622563898563385,,False
18127606414,,/evaluator_log,,,0,0,0,0,False,0.24918889999389648,0.0,0.17342177033424377,,False
18222608905,,/evaluator_log,,,0,0,0,0,False,0.23564961552619934,0.0,0.1638251692056656,,False
18322611310,,/evaluator_log,,,0,0,0,0,False,0.2602521777153015,0.0,0.19652198255062103,,False
18422606025,,/evaluator_log,,,0,0,0,0,False,0.2591020166873932,0.0,0.19820067286491394,,False
18522617345,,/evaluator_log,,,0,0,0,0,False,0.25372791290283203,0.0,0.1856236606836319,,False
18622614190,,/evaluator_log,,,0,0,0,0,False,0.23728744685649872,0.0,0.17263688147068024,,False
18717613746,,/evaluator_log,,,0,0,0,0,False,0.2398708313703537,0.0,0.20865598320960999,,False
18827615616,,/evaluator_log,,,0,0,0,0,False,0.22200901806354523,0.0,0.16969451308250427,,False
18922617105,,/evaluator_log,,,0,0,0,0,False,0.2457321584224701,0.0,0.15608732402324677,,False
19027623203,,/evaluator_log,,,0,0,0,0,False,0.24361585080623627,0.0,0.1805191934108734,,False
19122622810,,/evaluator_log,,,0,0,0,0,False,0.23895017802715302,0.0,0.18823571503162384,,False
19222631875,,/evaluator_log,,,0,0,0,0,False,0.24234753847122192,0.0,0.16973698139190674,,False
19322634512,,/evaluator_log,,,0,0,0,0,False,0.235890194773674,0.012345679104328156,0.18311870098114014,,False
19422626637,,/evaluator_log,,,0,0,0,0,False,0.23386096954345703,0.0,0.24604006111621857,,False
19527628901,,/evaluator_log,,,0,0,0,0,False,0.23698237538337708,0.0,0.23821128904819489,,False
19627644162,,/evaluator_log,,,0,0,0,0,False,0.23853525519371033,0.0,0.22577913105487823,,False
19727651311,,/evaluator_log,,,0,0,0,0,False,0.2536934018135071,0.0507635734975338,0.2517288625240326,,False
19822649656,,/evaluator_log,,,0,0,0,0,False,0.2533094584941864,0.011904762126505375,0.2626687288284302,,False
19917650265,,/evaluator_log,,,0,0,0,0,False,0.24698825180530548,0.04279279336333275,0.2597130537033081,,False
20017643832,,/evaluator_log,,,0,0,0,0,False,0.2557429373264313,0.06170634925365448,0.25071167945861816,,False
20127654672,,/evaluator_log,,,0,0,0,0,False,0.24236451089382172,0.01886792480945587,0.2539636492729187,,False
20217650400,,/evaluator_log,,,0,0,0,0,False,0.23895816504955292,0.05263157933950424,0.25721681118011475,,False
20332658262,,/evaluator_log,,,0,0,0,0,False,0.24586032330989838,0.038348082453012466,0.29840531945228577,,False
20427661075,,/evaluator_log,,,0,0,0,0,False,0.22728261351585388,0.002659574383869767,0.28756052255630493,,False
20527663134,,/evaluator_log,,,0,0,0,0,False,0.24035683274269104,0.044811319559812546,0.3147624135017395,,False
20622661272,,/evaluator_log,,,0,0,0,0,False,0.24614359438419342,0.0,0.3217708170413971,,False
20722659681,,/evaluator_log,,,0,0,0,0,False,0.2485009729862213,0.04049844294786453,0.31909430027008057,,False
20827664349,,/evaluator_log,,,0,0,0,0,False,0.23692050576210022,0.01886792480945587,0.3468952476978302,,False
20917669897,,/evaluator_log,,,0,0,0,0,False,0.2468646764755249,0.009900989942252636,0.31912630796432495,,False
21022676079,,/evaluator_log,,,0,0,0,0,False,0.2574089467525482,0.01923076994717121,0.39395204186439514,,False
21122678199,,/evaluator_log,,,0,0,0,0,False,0.23878374695777893,0.0,0.39866530895233154,,False
21217674420,,/evaluator_log,,,0,0,0,0,False,0.2502177953720093,0.020202020183205605,0.43946585059165955,,False
21327682118,,/evaluator_log,,,0,0,0,0,False,0.24240979552268982,0.0,0.45128315687179565,,False
21422681552,,/evaluator_log,,,0,0,0,0,False,0.24948711693286896,0.0,0.4705396294593811,,False
21522683985,,/evaluator_log,,,0,0,0,0,False,0.2594844102859497,0.0,0.5064665675163269,,False
21622698520,,/evaluator_log,,,0,0,0,0,False,0.4266468286514282,0.1317424476146698,0.971825897693634,,False
21722682271,,/evaluator_log,,,0,0,0,0,False,0.423421710729599,0.07901234179735184,0.9723962545394897,,False
21817686913,,/evaluator_log,,,0,0,0,0,False,0.42389288544654846,0.1090909019112587,0.9730981588363647,,False
21922707009,,/evaluator_log,,,0,0,0,0,False,0.4423636496067047,0.12035105377435684,0.9720500707626343,,False
22002707475,,analyzer,SegmentationBad,recalibration,12522202132277569776,5,0,0,True,0.0,0.0,0.0,,False
22022701114,,/evaluator_log,,,0,0,0,0,False,0.43060001730918884,0.12679865956306458,0.9747444987297058,,False
22122697946,,/evaluator_log,,,0,0,0,0,False,0.4418886601924896,0.11610738188028336,0.9738417863845825,,False
22227694395,,/evaluator_log,,,0,0,0,0,False,0.4327247440814972,0.12325707823038101,0.9739596843719482,,False
22322705522,,/evaluator_log,,,0,0,0,0,False,0.4384230673313141,0.1354258805513382,0.9742657542228699,,False
22422699181,,/evaluator_log,,,0,0,0,0,False,0.42612481117248535,0.09476422518491745,0.9764000177383423,,False
22522711434,,/evaluator_log,,,0,0,0,0,False,0.43102604150772095,0.11002824455499649,0.976611852645874,,False
22622702798,,/evaluator_log,,,0,0,0,0,False,0.436712384223938,0.13388265669345856,0.9785138964653015,,False
22722709445,,/evaluator_log,,,0,0,0,0,False,0.40072566270828247,0.1321144700050354,0.9780634045600891,,False
22822713910,,/evaluator_log,,,0,0,0,0,False,0.45998191833496094,0.1567714661359787,0.9809863567352295,,False
22922719709,,/evaluator_log,,,0,0,0,0,False,0.43743789196014404,0.07909604161977768,0.9791422486305237,,False
23022722124,,/evaluator_log,,,0,0,0,0,False,0.42501676082611084,0.11264774948358536,0.9792952537536621,,False
23127724979,,/evaluator_log,,,0,0,0,0,False,0.4343532621860504,0.08382066339254379,0.9791098237037659,,False
23222726907,,/evaluator_log,,,0,0,0,0,False,0.40295055508613586,0.07816091924905777,0.9793967604637146,,False
23327729176,,/evaluator_log,,,0,0,0,0,False,0.3988533318042755,0.11178862303495407,0.9799819588661194,,False
23417720166,,/evaluator_log,,,0,0,0,0,False,0.4355815649032593,0.12745098769664764,0.9788947105407715,,False
23527732173,,/evaluator_log,,,0,0,0,0,False,0.4198135435581207,0.07550644129514694,0.9786794185638428,,False
23622726432,,/evaluator_log,,,0,0,0,0,False,0.41500523686408997,0.09624412655830383,0.9788017868995667,,False
23727731072,,/evaluator_log,,,0,0,0,0,False,0.4130338430404663,0.10489510744810104,0.9772264957427979,,False
23827737349,,/evaluator_log,,,0,0,0,0,False,0.40465056896209717,0.07037036865949631,0.9785304069519043,,False
23917737063,,/evaluator_log,,,0,0,0,0,False,0.41606175899505615,0.08534622192382812,0.9807364344596863,,False
24022740284,,/evaluator_log,,,0,0,0,0,False,0.4188528060913086,0.062745101749897,0.9817897081375122,,False
24122747583,,/evaluator_log,,,0,0,0,0,False,0.4116586446762085,0.06296296417713165,0.9832316637039185,,False
24222750233,,/evaluator_log,,,0,0,0,0,False,0.412051796913147,0.06930693238973618,0.9832282662391663,,False
24322752472,,/evaluator_log,,,0,0,0,0,False,0.4215528666973114,0.10256410390138626,0.9839451313018799,,False
24422744234,,/evaluator_log,,,0,0,0,0,False,0.41307738423347473,0.07590759545564651,0.9843064546585083,,False
24527748295,,/evaluator_log,,,0,0,0,0,False,0.4287092387676239,0.0824742242693901,0.9839270114898682,,False
24622759950,,/evaluator_log,,,0,0,0,0,False,0.42695048451423645,0.09764309972524643,0.9857639074325562,,False
24727758535,,/evaluator_log,,,0,0,0,0,False,0.4156591594219208,0.10486891865730286,0.9858880639076233,,False
24822757397,,/evaluator_log,,,0,0,0,0,False,0.41482508182525635,0.04575163498520851,0.9858704209327698,,False
24922767849,,/evaluator_log,,,0,0,0,0,False,0.4112538993358612,0.15555556118488312,0.9887058138847351,,False
25022760776,,/evaluator_log,,,0,0,0,0,False,0.390444815158844,0.09783913940191269,0.9887656569480896,,False
25122765874,,/evaluator_log,,,0,0,0,0,False,0.38973096013069153,0.0882352963089943,0.9881337285041809,,False
25222768419,,/evaluator_log,,,0,0,0,0,False,0.394580215215683,0.1111111119389534,0.9888171553611755,,False
25322770303,,/evaluator_log,,,0,0,0,0,False,0.39862561225891113,0.11974110454320908,0.9885910153388977,,False
25422770572,,/evaluator_log,,,0,0,0,0,False,0.40003812313079834,0.11515151709318161,0.9888927936553955,,False
25522781308,,/evaluator_log,,,0,0,0,0,False,0.3833080232143402,0.07971014827489853,0.9880239367485046,,False
25627776029,,/evaluator_log,,,0,0,0,0,False,0.4000239670276642,0.09785932302474976,0.9895986318588257,,False
25727786175,,/evaluator_log,,,0,0,0,0,False,0.3900962769985199,0.07788161933422089,0.9887439012527466,,False
25822787955,,/evaluator_log,,,0,0,0,0,False,0.412097692489624,0.09764309972524643,0.9891946315765381,,False
25922790378,,/evaluator_log,,,0,0,0,0,False,0.41707393527030945,0.07301587611436844,0.9889956116676331,,False
26027792709,,/evaluator_log,,,0,0,0,0,False,0.43774616718292236,0.12747524678707123,0.9898956418037415,,False
26122788335,,/evaluator_log,,,0,0,0,0,False,0.4591083228588104,0.03703703731298447,0.9896063208580017,,False
26227797615,,/evaluator_log,,,0,0,0,0,False,0.4570052921772003,0.1111111119389534,0.9914955496788025,,False
26322793927,,/evaluator_log,,,0,0,0,0,False,0.48133355379104614,0.12745098769664764,0.9913873076438904,,False
26422791885,,/evaluator_log,,,0,0,0,0,False,0.4601764380931854,0.08695652335882187,0.9914307594299316,,False
26527802514,,/evaluator_log,,,0,0,0,0,False,0.46227943897247314,0.0873015895485878,0.9915997982025146,,False
26622810557,,/evaluator_log,,,0,0,0,0,False,0.45697304606437683,0.07909604161977768,0.9913614988327026,,False
26722803279,,/evaluator_log,,,0,0,0,0,False,0.46545174717903137,0.09950248152017593,0.9918009042739868,,False
26827812117,,/evaluator_log,,,0,0,0,0,False,0.4480700194835663,0.04975124076008797,0.9917240738868713,,False
26922804797,,/evaluator_log,,,0,0,0,0,False,0.46296724677085876,0.08045976608991623,0.9912354946136475,,False
27027807488,,/evaluator_log,,,0,0,0,0,False,0.46611496806144714,0.1111111119389534,0.9926279783248901,,False
27122812944,,/evaluator_log,,,0,0,0,0,False,0.4722101092338562,0.11261261254549026,0.9924588203430176,,False
27222821040,,/evaluator_log,,,0,0,0,0,False,0.4613102078437805,0.053333330899477005,0.9925972819328308,,False
27317816172,,/evaluator_log,,,0,0,0,0,False,0.4602747857570648,0.0364583320915699,0.9920551776885986,,False
27417820114,,/evaluator_log,,,0,0,0,0,False,0.471877783536911,0.10769230872392654,0.9920458197593689,,False
27522830485,,/evaluator_log,,,0,0,0,0,False,0.48071709275245667,0.14666666090488434,0.9924769997596741,,False
27622828919,,/evaluator_log,,,0,0,0,0,False,0.4614817202091217,0.025641025975346565,0.9924754500389099,,False
27822828613,,/evaluator_log,,,0,0,0,0,False,0.4918881058692932,0.11674347519874573,0.9932563900947571,,False
27922832926,,/evaluator_log,,,0,0,0,0,False,0.4926580488681793,0.07999999821186066,0.9931579828262329,,False
28022831214,,/evaluator_log,,,0,0,0,0,False,0.4826717972755432,0.06425702571868896,0.9926940202713013,,False
28122843188,,/evaluator_log,,,0,0,0,0,False,0.4838288724422455,0.06666667014360428,0.9924871325492859,,False
28222839754,,/evaluator_log,,,0,0,0,0,False,0.4926663637161255,0.13476842641830444,0.9933284521102905,,False
28322849448,,/evaluator_log,,,0,0,0,0,False,0.4946046769618988,0.10526315122842789,0.9930455684661865,,False
28422846444,,/evaluator_log,,,0,0,0,0,False,0.4960182309150696,0.09345794469118118,0.9927752614021301,,False
28522851181,,/evaluator_log,,,0,0,0,0,False,0.49865469336509705,0.1076388880610466,0.9930312037467957,,False
28622847352,,/evaluator_log,,,0,0,0,0,False,0.5083723068237305,0.09578543901443481,0.9926980137825012,,False
28722856319,,/evaluator_log,,,0,0,0,0,False,0.48965150117874146,0.028735632076859474,0.9932291507720947,,False
28822858405,,/evaluator_log,,,0,0,0,0,False,0.49478599429130554,0.03030303120613098,0.9941124320030212,,False
28922855679,,/evaluator_log,,,0,0,0,0,False,0.4904516339302063,0.09259259700775146,0.9922247529029846,,False
29022856669,,/evaluator_log,,,0,0,0,0,False,0.4973035752773285,0.1071428582072258,0.9939159750938416,,False
29122855571,,/evaluator_log,,,0,0,0,0,False,0.5003385543823242,0.15942029654979706,0.9936428070068359,,False
29227861051,,/evaluator_log,,,0,0,0,0,False,0.48747557401657104,0.1190476194024086,0.9939239621162415,,False
29322875633,,/evaluator_log,,,0,0,0,0,False,0.5204021334648132,0.0,0.994884192943573,,False
29427867297,,/evaluator_log,,,0,0,0,0,False,0.5193345546722412,0.0,0.9945171475410461,,False
29522866673,,/evaluator_log,,,0,0,0,0,False,0.5220959782600403,0.0,0.9951618313789368,,False
29622865977,,/evaluator_log,,,0,0,0,0,False,0.5360780954360962,0.0,0.9953465461730957,,False
29727880299,,/evaluator_log,,,0,0,0,0,False,0.53519606590271,0.0,0.9948703646659851,,False
29822877087,,/evaluator_log,,,0,0,0,0,False,0.5282469987869263,0.0,0.994889497756958,,False
29922873057,,/evaluator_log,,,0,0,0,0,False,0.5842770338058472,0.0,0.9947408437728882,,False
30022881125,,/evaluator_log,,,0,0,0,0,False,0.5455870032310486,0.0,0.9955883026123047,,False
30122877695,,/evaluator_log,,,0,0,0,0,False,0.5385004878044128,0.0,0.9952934384346008,,False
30222886473,,/evaluator_log,,,0,0,0,0,False,0.5829612016677856,0.0,0.9953495264053345,,False
30322893663,,/evaluator_log,,,0,0,0,0,False,0.5763334631919861,0.0,0.9947413206100464,,False
30417889646,,/evaluator_log,,,0,0,0,0,False,0.593185305595398,0.0,0.9948140382766724,,False
30527894271,,/evaluator_log,,,0,0,0,0,False,0.5943263173103333,0.0,0.9947230815887451,,False
30622889560,,/evaluator_log,,,0,0,0,0,False,0.5741365551948547,0.0,0.9950323104858398,,False
30727903293,,/evaluator_log,,,0,0,0,0,False,0.5839734077453613,0.0,0.9949407577514648,,False
30822897328,,/evaluator_log,,,0,0,0,0,False,0.580075740814209,0.0,0.9948817491531372,,False
30922902738,,/evaluator_log,,,0,0,0,0,False,0.5701591372489929,0.0,0.9949010610580444,,False
31022904862,,/evaluator_log,,,0,0,0,0,False,0.5756786465644836,0.0,0.9944892525672913,,False
31122903853,,/evaluator_log,,,0,0,0,0,False,0.5718445181846619,0.0,0.9944118857383728,,False
31227916102,,/evaluator_log,,,0,0,0,0,False,0.5283147692680359,0.0,0.9927084445953369,,False
31322917717,,/evaluator_log,,,0,0,0,0,False,0.5678989291191101,0.25,0.9942612648010254,,False
31427920359,,/evaluator_log,,,0,0,0,0,False,0.5463835000991821,0.1428571492433548,0.9948474764823914,,False
31522922781,,/evaluator_log,,,0,0,0,0,False,0.5087789297103882,0.025641025975346565,0.9939217567443848,,False
31622917089,,/evaluator_log,,,0,0,0,0,False,0.5098904371261597,0.04444444552063942,0.9945499897003174,,False
31722919838,,/evaluator_log,,,0,0,0,0,False,0.5231338739395142,0.07407407462596893,0.994123101234436,,False
31827933465,,/evaluator_log,,,0,0,0,0,False,0.5097337961196899,0.1041666641831398,0.9942521452903748,,False
31922930068,,/evaluator_log,,,0,0,0,0,False,0.5512896776199341,0.1071428582072258,0.9952524304389954,,False
32022935858,,/evaluator_log,,,0,0,0,0,False,0.5270325541496277,0.14705882966518402,0.9948630332946777,,False
32127935630,,/evaluator_log,,,0,0,0,0,False,0.5501350164413452,0.1666666716337204,0.9950123429298401,,False
32222933089,,/evaluator_log,,,0,0,0,0,False,0.5309785008430481,0.07894736528396606,0.9945831894874573,,False
32327942445,,/evaluator_log,,,0,0,0,0,False,0.5318971872329712,0.0833333358168602,0.9948235750198364,,False
32422939740,,/evaluator_log,,,0,0,0,0,False,0.5320313572883606,0.10526315867900848,0.9946021437644958,,False
32527943956,,/evaluator_log,,,0,0,0,0,False,0.5030660629272461,0.02380952425301075,0.9946020245552063,,False
32617941288,,/evaluator_log,,,0,0,0,0,False,0.5040271282196045,0.0,0.994784414768219,,False
32717945305,,/evaluator_log,,,0,0,0,0,False,0.5131959319114685,0.029411764815449715,0.9934322834014893,,False
32827946627,,/evaluator_log,,,0,0,0,0,False,0.49294567108154297,0.0,0.9938733577728271,,False
32922950391,,/evaluator_log,,,0,0,0,0,False,0.5086391568183899,0.0625,0.994351327419281,,False
33022950702,,/evaluator_log,,,0,0,0,0,False,0.47110310196876526,0.0,0.9935337901115417,,False
33122962114,,/evaluator_log,,,0,0,0,0,False,0.5119879841804504,0.2943806052207947,0.9935896396636963,,False
33222955414,,/evaluator_log,,,0,0,0,0,False,0.5201823711395264,0.24836601316928864,0.9940519332885742,,False
33322965123,,/evaluator_log,,,0,0,0,0,False,0.5490684509277344,0.23943662643432617,0.9947344660758972,,False
33422967511,,/evaluator_log,,,0,0,0,0,False,0.5579566955566406,0.24242424964904785,0.9946205615997314,,False
33522969925,,/evaluator_log,,,0,0,0,0,False,0.5761139988899231,0.23508770763874054,0.9933344721794128,,False
33622968752,,/evaluator_log,,,0,0,0,0,False,0.5713484883308411,0.23333333432674408,0.9927775263786316,,False
33722981600,,/evaluator_log,,,0,0,0,0,False,0.5449627041816711,0.23024053871631622,0.9925681948661804,,False
33832987780,,/evaluator_log,,,0,0,0,0,False,0.5675346255302429,0.25850340723991394,0.9929013252258301,,False
33922988283,,/evaluator_log,,,0,0,0,0,False,0.5374269485473633,0.24000000953674316,0.9924514889717102,,False
34017975504,,/evaluator_log,,,0,0,0,0,False,0.5433368682861328,0.22006471455097198,0.9922469258308411,,False
34117981225,,/evaluator_log,,,0,0,0,0,False,0.5144083499908447,0.22772276401519775,0.9931147694587708,,False
34217975331,,/evaluator_log,,,0,0,0,0,False,0.5273170471191406,0.20679013431072235,0.9955751299858093,,False
34322978571,,/evaluator_log,,,0,0,0,0,False,0.5121737718582153,0.23148147761821747,0.9949947595596313,,False
34422990704,,/evaluator_log,,,0,0,0,0,False,0.45792365074157715,0.17105263471603394,0.994172990322113,,False
34522983110,,/evaluator_log,,,0,0,0,0,False,0.477876216173172,0.24074073135852814,0.9935929775238037,,False
34622990831,,/evaluator_log,,,0,0,0,0,False,0.45649534463882446,0.17391304671764374,0.9935153722763062,,False
34722997611,,/evaluator_log,,,0,0,0,0,False,0.47388124465942383,0.22314049303531647,0.992709755897522,,False
34823000996,,/evaluator_log,,,0,0,0,0,False,0.46476486325263977,0.2347826212644577,0.9926539063453674,,False
34922993875,,/evaluator_log,,,0,0,0,0,False,0.4429647624492645,0.20080643892288208,0.9932311177253723,,False
35023006139,,/evaluator_log,,,0,0,0,0,False,0.4373524785041809,0.17975206673145294,0.9929888248443604,,False
35117997648,,/evaluator_log,,,0,0,0,0,False,0.4785790741443634,0.26631230115890503,0.9936375021934509,,False
35223009960,,/evaluator_log,,,0,0,0,0,False,0.5029981136322021,0.2587365508079529,0.9938616752624512,,False
35323021095,,/evaluator_log,,,0,0,0,0,False,0.5475367307662964,0.3816239535808563,0.9938786029815674,,False
35423013821,,/evaluator_log,,,0,0,0,0,False,0.5282065868377686,0.3203798532485962,0.9936147332191467,,False
35523017516,,/evaluator_log,,,0,0,0,0,False,0.5211282968521118,0.38912877440452576,0.9934254884719849,,False
35623010869,,/evaluator_log,,,0,0,0,0,False,0.5533194541931152,0.3243523836135864,0.9936870336532593,,False
35723021735,,/evaluator_log,,,0,0,0,0,False,0.5480636358261108,0.3085213303565979,0.9928820133209229,,False
35818012591,,/evaluator_log,,,0,0,0,0,False,0.562537670135498,0.31800976395606995,0.993365466594696,,False
35923019639,,/evaluator_log,,,0,0,0,0,False,0.5543834567070007,0.3226495683193207,0.9930075407028198,,False
36023028453,,/evaluator_log,,,0,0,0,0,False,0.5701911449432373,0.31193429231643677,0.9928193688392639,,False
36123030694,,/evaluator_log,,,0,0,0,0,False,0.6049667000770569,0.44422340393066406,0.9932119250297546,,False
36228027645,,/evaluator_log,,,0,0,0,0,False,0.5628147125244141,0.4435185194015503,0.9928180575370789,,False
36323035169,,/evaluator_log,,,0,0,0,0,False,0.5406023859977722,0.3253968358039856,0.993168294429779,,False
36428033426,,/evaluator_log,,,0,0,0,0,False,0.556297242641449,0.29760199785232544,0.9936187267303467,,False
36523042557,,/evaluator_log,,,0,0,0,0,False,0.5104354619979858,0.31945914030075073,0.9937096238136292,,False
36628051755,,/evaluator_log,,,0,0,0,0,False,0.5753577947616577,0.39737358689308167,0.9932585954666138,,False
36723052870,,/evaluator_log,,,0,0,0,0,False,0.5575599074363708,0.3745059072971344,0.9934988021850586,,False
36818038077,,/evaluator_log,,,0,0,0,0,False,0.5456175804138184,0.300539493560791,0.9938331842422485,,False
36923046902,,/evaluator_log,,,0,0,0,0,False,0.5470929741859436,0.2795153260231018,0.9933990240097046,,False
37023044669,,/evaluator_log,,,0,0,0,0,False,0.5506752133369446,0.2608904242515564,0.9929847717285156,,False
37123047962,,/evaluator_log,,,0,0,0,0,False,0.5931599736213684,0.3513889014720917,0.9933596849441528,,False
37223057398,,/evaluator_log,,,0,0,0,0,False,0.5996935963630676,0.3311965763568878,0.9932239055633545,,False
37428061342,,/evaluator_log,,,0,0,0,0,False,0.5748628377914429,0.2826698422431946,0.9932941794395447,,False
37528054989,,/evaluator_log,,,0,0,0,0,False,0.5708615183830261,0.25627386569976807,0.9931033253669739,,False
37623057844,,/evaluator_log,,,0,0,0,0,False,0.5614901781082153,0.24455541372299194,0.992089033126831,,False
37718066831,,/evaluator_log,,,0,0,0,0,False,0.6226552724838257,0.39418959617614746,0.9927964210510254,,False
37818059606,,/evaluator_log,,,0,0,0,0,False,0.5775079727172852,0.4116809368133545,0.9933183789253235,,False
37923064970,,/evaluator_log,,,0,0,0,0,False,0.56048184633255,0.2782961130142212,0.9931642413139343,,False
38023068641,,/evaluator_log,,,0,0,0,0,False,0.5819438099861145,0.35034918785095215,0.993105947971344,,False
38123072480,,/evaluator_log,,,0,0,0,0,False,0.5834172964096069,0.333890825510025,0.9936107993125916,,False
38218075457,,/evaluator_log,,,0,0,0,0,False,0.6206343173980713,0.46052277088165283,0.9928357005119324,,False
38323074838,,/evaluator_log,,,0,0,0,0,False,0.5905721187591553,0.3837599456310272,0.993229329586029,,False
38423075057,,/evaluator_log,,,0,0,0,0,False,0.5722249746322632,0.3621915876865387,0.9927949905395508,,False
38523085254,,/evaluator_log,,,0,0,0,0,False,0.5732762217521667,0.3479352295398712,0.9921484589576721,,False
38618085493,,/evaluator_log,,,0,0,0,0,False,0.602047324180603,0.4635019302368164,0.992807924747467,,False
38723097873,,/evaluator_log,,,0,0,0,0,False,0.5591787695884705,0.3496907651424408,0.9929781556129456,,False
38823095714,,/evaluator_log,,,0,0,0,0,False,0.5478371381759644,0.32198566198349,0.9921675324440002,,False
38923095042,,/evaluator_log,,,0,0,0,0,False,0.5559725761413574,0.2922505736351013,0.9927759766578674,,False
39023099496,,/evaluator_log,,,0,0,0,0,False,0.5788267254829407,0.3516865074634552,0.9931321740150452,,False
39123101944,,/evaluator_log,,,0,0,0,0,False,0.5443630218505859,0.2503097653388977,0.9926756024360657,,False
39223105716,,/evaluator_log,,,0,0,0,0,False,0.5337040424346924,0.22510822117328644,0.9932789206504822,,False
39323101356,,/evaluator_log,,,0,0,0,0,False,0.5551297068595886,0.23553720116615295,0.9930676817893982,,False
39418101923,,/evaluator_log,,,0,0,0,0,False,0.558926522731781,0.289186954498291,0.9925028681755066,,False
39528101857,,/evaluator_log,,,0,0,0,0,False,0.575542688369751,0.3608871102333069,0.9930106997489929,,False
39618105729,,/evaluator_log,,,0,0,0,0,False,0.5568789839744568,0.347897469997406,0.9925040006637573,,False
39723115364,,/evaluator_log,,,0,0,0,0,False,0.5214629173278809,0.2734557092189789,0.9919822812080383,,False
39823117969,,/evaluator_log,,,0,0,0,0,False,0.5198938250541687,0.2594919800758362,0.9914956092834473,,False
39923121020,,/evaluator_log,,,0,0,0,0,False,0.5151317715644836,0.2907075881958008,0.9918203353881836,,False