timestamp,scenario,source,rule_name,strategy_name,strategy_hash,strategy_status,adaptation_type,adaptation_status,success,iou,vehicle_iou,road_iou,gt_failure_name,is_gt_failure
277340528,,/evaluator_log,,,0,0,0,0,False,0.567213237285614,0.5685916543006897,0.9673824310302734,,False
402322967,,/evaluator_log,,,0,0,0,0,False,0.5454676747322083,0.4455137252807617,0.9673227667808533,,False
427322203,,/evaluator_log,,,0,0,0,0,False,0.5193779468536377,0.28688523173332214,0.9692474603652954,,False
527329651,,/evaluator_log,,,0,0,0,0,False,0.5201601386070251,0.44179895520210266,0.9694640040397644,,False
627335538,,/evaluator_log,,,0,0,0,0,False,0.532633364200592,0.9237056970596313,0.9684301614761353,,False
722351468,,/evaluator_log,,,0,0,0,0,False,0.5085535645484924,0.897172212600708,0.9674443602561951,,False
787349048,,analyzer,SegmentationDead,,0,0,0,0,False,0.0,0.0,0.0,,False
787349048,,analyzer,SensorFusionDead,,0,0,0,0,False,0.0,0.0,0.0,,False
792353415,,planning,SensorFusionDead,sensor_fusion_restart,14489321528306928715,1,0,0,False,0.0,0.0,0.0,,False
792353415,,planning,SegmentationDead,segmentation_restart,3804427162940246793,1,0,0,False,0.0,0.0,0.0,,False
792353415,,execution_lifecycle_change,,,0,0,0,1,False,0.0,0.0,0.0,,False
792353415,,execution_lifecycle_change,,,0,0,0,1,False,0.0,0.0,0.0,,False
822341897,,/evaluator_log,,,0,0,0,0,False,0.48409977555274963,0.45049506425857544,0.9702792167663574,,False
1002346811,_011,scenario_executor,,,0,0,0,0,False,0.0,0.0,0.0,do_hard_drop_sensor_fusion,False
1002346811,_011,scenario_executor,,,0,0,0,0,False,0.0,0.0,0.0,image_degradation,False
1002346811,_011,scenario_executor,,,0,0,0,0,False,0.0,0.0,0.0,autofocus_needed,False
1187343391,,analyzer,SegmentationDead,segmentation_restart,3804427162940246793,3,0,0,True,0.0,0.0,0.0,,False
1187343391,,analyzer,SensorFusionDead,sensor_fusion_restart,14489321528306928715,3,0,0,True,0.0,0.0,0.0,,False
1192349858,,execution_lifecycle_change,,,0,0,0,3,True,0.0,0.0,0.0,,False
1192349858,,execution_lifecycle_change,,,0,0,0,3,True,0.0,0.0,0.0,,False
1987370490,,analyzer,AutoFocusNeeded,,0,0,0,0,False,0.0,0.0,0.0,,False
1992370765,,planning,AutoFocusNeeded,autofocus_strategy,18274997830408420195,1,0,0,False,0.0,0.0,0.0,,False
1992370765,,execution_parametrization,,,0,0,0,1,False,0.0,0.0,0.0,,False
3187391078,,analyzer,AutoFocusNeeded,autofocus_strategy,18274997830408420195,3,0,0,True,0.0,0.0,0.0,,False
3192392278,,execution_parametrization,,,0,0,0,3,True,0.0,0.0,0.0,,False
4792449033,,analyzer,SensorFusionDead,,0,0,0,0,False,0.0,0.0,0.0,,False
4797447442,,planning,SensorFusionDead,sensor_fusion_restart,14489321528306928715,1,0,0,False,0.0,0.0,0.0,,False
4797447442,,execution_lifecycle_change,,,0,0,0,1,False,0.0,0.0,0.0,,False
5192448882,,analyzer,SegmentationDead,,0,0,0,0,False,0.0,0.0,0.0,,False
5197445275,,planning,SegmentationDead,segmentation_restart,3804427162940246793,1,0,0,False,0.0,0.0,0.0,,False
5197445275,,execution_lifecycle_change,,,0,0,0,3,True,0.0,0.0,0.0,,False
5597447623,,execution_lifecycle_change,,,0,0,0,1,False,0.0,0.0,0.0,,False
5997467208,,execution_lifecycle_change,,,0,0,0,3,True,0.0,0.0,0.0,,False
9992561225,,analyzer,SensorFusionDead,sensor_fusion_restart,14489321528306928715,4,0,0,False,0.0,0.0,0.0,,False
9997563744,,planning,SensorFusionDead,sensor_fusion_redeploy,209983007077540200,1,0,0,False,0.0,0.0,0.0,,False
9997563744,,execution_redeploy,,,0,0,4,1,False,0.0,0.0,0.0,,False
10392573971,,analyzer,SegmentationDead,segmentation_restart,3804427162940246793,4,0,0,False,0.0,0.0,0.0,,False
10397670792,,planning,SegmentationDead,segmentation_redeploy,4862303032868966723,1,0,0,False,0.0,0.0,0.0,,False
10397670792,,execution_redeploy,,,0,0,0,3,True,0.0,0.0,0.0,,False
10797582939,,execution_redeploy,,,0,0,4,1,False,0.0,0.0,0.0,,False
10827578108,,/evaluator_log,,,0,0,0,0,False,0.24625955522060394,0.14848485589027405,0.183053120970726,,False
11192587182,,analyzer,SegmentationDead,segmentation_redeploy,4862303032868966723,3,0,0,True,0.0,0.0,0.0,,False
11192587182,,analyzer,SensorFusionDead,sensor_fusion_redeploy,209983007077540200,3,0,0,True,0.0,0.0,0.0,,False
11197593915,,execution_redeploy,,,0,0,0,3,True,0.0,0.0,0.0,,False
11992606721,,analyzer,SegmentationDead,,0,0,0,0,False,0.0,0.0,0.0,,False
11997610362,,planning,SegmentationDead,segmentation_restart,3804427162940246793,1,0,0,False,0.0,0.0,0.0,,False
11997610362,,execution_lifecycle_change,,,0,0,0,1,False,0.0,0.0,0.0,,False
12462635140,,/evaluator_log,,,0,0,0,0,False,0.28274813294410706,0.0,0.19375868141651154,,False
12487615502,,/evaluator_log,,,0,0,0,0,False,0.27935895323753357,0.0,0.21306680142879486,,False
12512618694,,/evaluator_log,,,0,0,0,0,False,0.30086004734039307,0.0,0.19041754305362701,,False
12532618733,,/evaluator_log,,,0,0,0,0,False,0.2851085066795349,0.0,0.18724191188812256,,False
12552619561,,/evaluator_log,,,0,0,0,0,False,0.2854589521884918,0.0,0.2039465606212616,,False
12617616350,,/evaluator_log,,,0,0,0,0,False,0.2851886749267578,0.0,0.17723777890205383,,False
12722622193,,/evaluator_log,,,0,0,0,0,False,0.29319748282432556,0.0,0.1557387113571167,,False
12792622676,,analyzer,SegmentationBad,,0,0,0,0,False,0.0,0.0,0.0,,False
12792622676,,analyzer,SegmentationDead,segmentation_restart,3804427162940246793,3,0,0,True,0.0,0.0,0.0,,False
12797622997,,planning,SegmentationBad,recalibration,12522202132277569776,1,0,0,False,0.0,0.0,0.0,,False
12817623126,,/evaluator_log,,,0,0,0,0,False,0.2844471037387848,0.0,0.1519376039505005,,False
12922632569,,/evaluator_log,,,0,0,0,0,False,0.2848610281944275,0.0,0.14217281341552734,,False
13022629337,,/evaluator_log,,,0,0,0,0,False,0.28497156500816345,0.0,0.1561618596315384,,False
13117636093,,/evaluator_log,,,0,0,0,0,False,0.28369542956352234,0.0,0.1602579653263092,,False
13222641210,,/evaluator_log,,,0,0,0,0,False,0.2587869167327881,0.0,0.17737077176570892,,False
13322640562,,/evaluator_log,,,0,0,0,0,False,0.26069292426109314,0.0,0.1597733050584793,,False
13422652096,,/evaluator_log,,,0,0,0,0,False,0.2648233473300934,0.0,0.16762040555477142,,False
13522641155,,/evaluator_log,,,0,0,0,0,False,0.25129446387290955,0.0,0.16461510956287384,,False
13622643079,,/evaluator_log,,,0,0,0,0,False,0.23185685276985168,0.0,0.1519288867712021,,False
13722645589,,/evaluator_log,,,0,0,0,0,False,0.2453460991382599,0.0,0.18575958907604218,,False
13822653025,,/evaluator_log,,,0,0,0,0,False,0.22839586436748505,0.0,0.11515884101390839,,False
13922652450,,/evaluator_log,,,0,0,0,0,False,0.2550099194049835,0.0,0.1471911370754242,,False
14022656040,,/evaluator_log,,,0,0,0,0,False,0.2440333366394043,0.0,0.14347286522388458,,False
14122665265,,/evaluator_log,,,0,0,0,0,False,0.25440478324890137,0.0,0.1462128460407257,,False
14222660657,,/evaluator_log,,,0,0,0,0,False,0.26133647561073303,0.0,0.15062887966632843,,False
14322660294,,/evaluator_log,,,0,0,0,0,False,0.2603052854537964,0.03999999910593033,0.14597569406032562,,False
14392662565,,analyzer,SegmentationBad,recalibration,12522202132277569776,4,0,0,False,0.0,0.0,0.0,,False
14422665383,,/evaluator_log,,,0,0,0,0,False,0.27288174629211426,0.054421767592430115,0.15902085602283478,,False
14522666508,,/evaluator_log,,,0,0,0,0,False,0.27694082260131836,0.072727270424366,0.14269289374351501,,False
14622668309,,/evaluator_log,,,0,0,0,0,False,0.25236931443214417,0.02185792289674282,0.12984894216060638,,False
14717669314,,/evaluator_log,,,0,0,0,0,False,0.26483556628227234,0.08405796438455582,0.13882693648338318,,False
14822673955,,/evaluator_log,,,0,0,0,0,False,0.26451683044433594,0.0,0.17619477212429047,,False
14922690913,,/evaluator_log,,,0,0,0,0,False,0.27352410554885864,0.044247787445783615,0.171572744846344,,False
15022693678,,/evaluator_log,,,0,0,0,0,False,0.2807743549346924,0.10457516461610794,0.1647825837135315,,False
15122694182,,/evaluator_log,,,0,0,0,0,False,0.27714380621910095,0.0760233923792839,0.13989606499671936,,False
15222682837,,/evaluator_log,,,0,0,0,0,False,0.260884165763855,0.0,0.11815579235553741,,False
15322684861,,/evaluator_log,,,0,0,0,0,False,0.24918895959854126,0.0,0.1459527164697647,,False
15422689448,,/evaluator_log,,,0,0,0,0,False,0.2587546110153198,0.0,0.14518162608146667,,False
15522697913,,/evaluator_log,,,0,0,0,0,False,0.2648935914039612,0.0,0.14979830384254456,,False
15617699466,,/evaluator_log,,,0,0,0,0,False,0.2528846859931946,0.0,0.1500241756439209,,False
15722695073,,/evaluator_log,,,0,0,0,0,False,0.2657272517681122,0.0,0.17497432231903076,,False
15822704102,,/evaluator_log,,,0,0,0,0,False,0.25573036074638367,0.0,0.16820400953292847,,False
15927706927,,/evaluator_log,,,0,0,0,0,False,0.2582191824913025,0.0,0.1513838768005371,,False
16022700734,,/evaluator_log,,,0,0,0,0,False,0.26333099603652954,0.0,0.14740438759326935,,False
16122703040,,/evaluator_log,,,0,0,0,0,False,0.24033230543136597,0.0,0.14525604248046875,,False
16222705918,,/evaluator_log,,,0,0,0,0,False,0.25078141689300537,0.0,0.15376538038253784,,False
16322716070,,/evaluator_log,,,0,0,0,0,False,0.2521477937698364,0.0,0.17104661464691162,,False
16422713928,,/evaluator_log,,,0,0,0,0,False,0.2284921109676361,0.0,0.17256464064121246,,False
16527713425,,/evaluator_log,,,0,0,0,0,False,0.24415147304534912,0.0,0.18326912820339203,,False
16622717702,,/evaluator_log,,,0,0,0,0,False,0.24411754310131073,0.0,0.1815628856420517,,False
16722720341,,/evaluator_log,,,0,0,0,0,False,0.24575431644916534,0.0,0.18219462037086487,,False
16822721259,,/evaluator_log,,,0,0,0,0,False,0.24263958632946014,0.0,0.1743796467781067,,False
16922730563,,/evaluator_log,,,0,0,0,0,False,0.2290714979171753,0.0,0.15508241951465607,,False
17022732720,,/evaluator_log,,,0,0,0,0,False,0.2272513210773468,0.0,0.15373989939689636,,False
17122726278,,/evaluator_log,,,0,0,0,0,False,0.21993416547775269,0.0,0.14527647197246552,,False
17227731890,,/evaluator_log,,,0,0,0,0,False,0.21589165925979614,0.0,0.1416177600622177,,False
17322734529,,/evaluator_log,,,0,0,0,0,False,0.22033607959747314,0.0,0.15640895068645477,,False
17422737524,,/evaluator_log,,,0,0,0,0,False,0.21142981946468353,0.0,0.15124554932117462,,False
17522739327,,/evaluator_log,,,0,0,0,0,False,0.2129741609096527,0.0,0.15111427009105682,,False
17622747324,,/evaluator_log,,,0,0,0,0,False,0.21729391813278198,0.0,0.15945342183113098,,False
17722750159,,/evaluator_log,,,0,0,0,0,False,0.23307059705257416,0.0,0.16235150396823883,,False
17822749152,,/evaluator_log,,,0,0,0,0,False,0.22405309975147247,0.0,0.1462896466255188,,False
17917747006,,/evaluator_log,,,0,0,0,0,False,0.2549806237220764,0.0,0.17547568678855896,,False
18027757443,,/evaluator_log,,,0,0,0,0,False,0.2588690221309662,0.0,0.21622563898563385,,False
18122754339,,/evaluator_log,,,0,0,0,0,False,0.24918889999389648,0.0,0.17342177033424377,,False
18222755954,,/evaluator_log,,,0,0,0,0,False,0.23564961552619934,0.0,0.1638251692056656,,False
18317759844,,/evaluator_log,,,0,0,0,0,False,0.2602521777153015,0.0,0.19652198255062103,,False
18422761623,,/evaluator_log,,,0,0,0,0,False,0.2591020166873932,0.0,0.19820067286491394,,False
18522763544,,/evaluator_log,,,0,0,0,0,False,0.25372791290283203,0.0,0.1856236606836319,,False
18622771418,,/evaluator_log,,,0,0,0,0,False,0.23728744685649872,0.0,0.17263688147068024,,False
18722764998,,/evaluator_log,,,0,0,0,0,False,0.2398708313703537,0.0,0.20865598320960999,,False
18822769339,,/evaluator_log,,,0,0,0,0,False,0.22200901806354523,0.0,0.16969451308250427,,False
18922779029,,/evaluator_log,,,0,0,0,0,False,0.2457321584224701,0.0,0.15608732402324677,,False
19022773357,,/evaluator_log,,,0,0,0,0,False,0.24361585080623627,0.0,0.1805191934108734,,False
19122773494,,/evaluator_log,,,0,0,0,0,False,0.23895017802715302,0.0,0.18823571503162384,,False
19222776676,,/evaluator_log,,,0,0,0,0,False,0.24234753847122192,0.0,0.16973698139190674,,False
19322789600,,/evaluator_log,,,0,0,0,0,False,0.235890194773674,0.012345679104328156,0.18311870098114014,,False
19422784194,,/evaluator_log,,,0,0,0,0,False,0.23386096954345703,0.0,0.24604006111621857,,False
19522793716,,/evaluator_log,,,0,0,0,0,False,0.23698237538337708,0.0,0.23821128904819489,,False
19622795410,,/evaluator_log,,,0,0,0,0,False,0.23853525519371033,0.0,0.22577913105487823,,False
19722797066,,/evaluator_log,,,0,0,0,0,False,0.2536934018135071,0.0507635734975338,0.2517288625240326,,False
19827800552,,/evaluator_log,,,0,0,0,0,False,0.2533094584941864,0.011904762126505375,0.2626687288284302,,False
19922796979,,/evaluator_log,,,0,0,0,0,False,0.24698825180530548,0.04279279336333275,0.2597130537033081,,False
20022804162,,/evaluator_log,,,0,0,0,0,False,0.2557429373264313,0.06170634925365448,0.25071167945861816,,False
20122806784,,/evaluator_log,,,0,0,0,0,False,0.24236451089382172,0.01886792480945587,0.2539636492729187,,False
20217808775,,/evaluator_log,,,0,0,0,0,False,0.23895816504955292,0.05263157933950424,0.25721681118011475,,False
20322812169,,/evaluator_log,,,0,0,0,0,False,0.24586032330989838,0.038348082453012466,0.29840531945228577,,False
20417815530,,/evaluator_log,,,0,0,0,0,False,0.22728261351585388,0.002659574383869767,0.28756052255630493,,False
20522827626,,/evaluator_log,,,0,0,0,0,False,0.24035683274269104,0.044811319559812546,0.3147624135017395,,False
20622829217,,/evaluator_log,,,0,0,0,0,False,0.24614359438419342,0.0,0.3217708170413971,,False
20727833289,,/evaluator_log,,,0,0,0,0,False,0.2485009729862213,0.04049844294786453,0.31909430027008057,,False
20822833683,,/evaluator_log,,,0,0,0,0,False,0.23692050576210022,0.01886792480945587,0.3468952476978302,,False
20927818161,,/evaluator_log,,,0,0,0,0,False,0.2468646764755249,0.009900989942252636,0.31912630796432495,,False
21022828777,,/evaluator_log,,,0,0,0,0,False,0.2574089467525482,0.01923076994717121,0.39395204186439514,,False
21122831176,,/evaluator_log,,,0,0,0,0,False,0.23878374695777893,0.0,0.39866530895233154,,False
21222829019,,/evaluator_log,,,0,0,0,0,False,0.2502177953720093,0.020202020183205605,0.43946585059165955,,False
21322828434,,/evaluator_log,,,0,0,0,0,False,0.24240979552268982,0.0,0.45128315687179565,,False
21422831324,,/evaluator_log,,,0,0,0,0,False,0.24948711693286896,0.0,0.4705396294593811,,False
21522837443,,/evaluator_log,,,0,0,0,0,False,0.419269859790802,0.10437051206827164,0.9710537791252136,,False
21617841871,,/evaluator_log,,,0,0,0,0,False,0.4266468286514282,0.1317424476146698,0.971825897693634,,False
21722846186,,/evaluator_log,,,0,0,0,0,False,0.423421710729599,0.07901234179735184,0.9723962545394897,,False
21822840879,,/evaluator_log,,,0,0,0,0,False,0.42389288544654846,0.1090909019112587,0.9730981588363647,,False
21917842521,,/evaluator_log,,,0,0,0,0,False,0.4423636496067047,0.12035105377435684,0.9720500707626343,,False
21992848654,,analyzer,SegmentationBad,recalibration,12522202132277569776,5,0,0,True,0.0,0.0,0.0,,False
22027844406,,/evaluator_log,,,0,0,0,0,False,0.43060001730918884,0.12679865956306458,0.9747444987297058,,False
22122853796,,/evaluator_log,,,0,0,0,0,False,0.4418886601924896,0.11610738188028336,0.9738417863845825,,False
22222856774,,/evaluator_log,,,0,0,0,0,False,0.4327247440814972,0.12325707823038101,0.9739596843719482,,False
22322860328,,/evaluator_log,,,0,0,0,0,False,0.4384230673313141,0.1354258805513382,0.9742657542228699,,False
22422856684,,/evaluator_log,,,0,0,0,0,False,0.42612481117248535,0.09476422518491745,0.9764000177383423,,False
22522859010,,/evaluator_log,,,0,0,0,0,False,0.43102604150772095,0.11002824455499649,0.976611852645874,,False
22622859714,,/evaluator_log,,,0,0,0,0,False,0.436712384223938,0.13388265669345856,0.9785138964653015,,False
22722862110,,/evaluator_log,,,0,0,0,0,False,0.40072566270828247,0.1321144700050354,0.9780634045600891,,False
22827867104,,/evaluator_log,,,0,0,0,0,False,0.45998191833496094,0.1567714661359787,0.9809863567352295,,False
22927874464,,/evaluator_log,,,0,0,0,0,False,0.43743789196014404,0.07909604161977768,0.9791422486305237,,False
23022874498,,/evaluator_log,,,0,0,0,0,False,0.42501676082611084,0.11264774948358536,0.9792952537536621,,False
23122872975,,/evaluator_log,,,0,0,0,0,False,0.4343532621860504,0.08382066339254379,0.9791098237037659,,False
23222879921,,/evaluator_log,,,0,0,0,0,False,0.40295055508613586,0.07816091924905777,0.9793967604637146,,False
23322885605,,/evaluator_log,,,0,0,0,0,False,0.3988533318042755,0.11178862303495407,0.9799819588661194,,False
23422892624,,/evaluator_log,,,0,0,0,0,False,0.4355815649032593,0.12745098769664764,0.9788947105407715,,False
23522888983,,/evaluator_log,,,0,0,0,0,False,0.4198135435581207,0.07550644129514694,0.9786794185638428,,False
23622884673,,/evaluator_log,,,0,0,0,0,False,0.41500523686408997,0.09624412655830383,0.9788017868995667,,False
23722888778,,/evaluator_log,,,0,0,0,0,False,0.4130338430404663,0.10489510744810104,0.9772264957427979,,False
23822897925,,/evaluator_log,,,0,0,0,0,False,0.40465056896209717,0.07037036865949631,0.9785304069519043,,False
23927888793,,/evaluator_log,,,0,0,0,0,False,0.41606175899505615,0.08534622192382812,0.9807364344596863,,False
24017897225,,/evaluator_log,,,0,0,0,0,False,0.4188528060913086,0.062745101749897,0.9817897081375122,,False
24127898685,,/evaluator_log,,,0,0,0,0,False,0.4116586446762085,0.06296296417713165,0.9832316637039185,,False
24217897317,,/evaluator_log,,,0,0,0,0,False,0.412051796913147,0.06930693238973618,0.9832282662391663,,False
24317899842,,/evaluator_log,,,0,0,0,0,False,0.4215528666973114,0.10256410390138626,0.9839451313018799,,False
24417902743,,/evaluator_log,,,0,0,0,0,False,0.41307738423347473,0.07590759545564651,0.9843064546585083,,False
24522913671,,/evaluator_log,,,0,0,0,0,False,0.4287092387676239,0.0824742242693901,0.9839270114898682,,False
24617908519,,/evaluator_log,,,0,0,0,0,False,0.42695048451423645,0.09764309972524643,0.9857639074325562,,False
24722918084,,/evaluator_log,,,0,0,0,0,False,0.4156591594219208,0.10486891865730286,0.9858880639076233,,False
24822917530,,/evaluator_log,,,0,0,0,0,False,0.41482508182525635,0.04575163498520851,0.9858704209327698,,False
24922916781,,/evaluator_log,,,0,0,0,0,False,0.4112538993358612,0.15555556118488312,0.9887058138847351,,False
25022925176,,/evaluator_log,,,0,0,0,0,False,0.390444815158844,0.09783913940191269,0.9887656569480896,,False
25122922512,,/evaluator_log,,,0,0,0,0,False,0.38973096013069153,0.0882352963089943,0.9881337285041809,,False
25227925999,,/evaluator_log,,,0,0,0,0,False,0.394580215215683,0.1111111119389534,0.9888171553611755,,False
25327927241,,/evaluator_log,,,0,0,0,0,False,0.39862561225891113,0.11974110454320908,0.9885910153388977,,False
25422925103,,/evaluator_log,,,0,0,0,0,False,0.40003812313079834,0.11515151709318161,0.9888927936553955,,False
25522933299,,/evaluator_log,,,0,0,0,0,False,0.3833080232143402,0.07971014827489853,0.9880239367485046,,False
25617930777,,/evaluator_log,,,0,0,0,0,False,0.4000239670276642,0.09785932302474976,0.9895986318588257,,False
25722953832,,/evaluator_log,,,0,0,0,0,False,0.3900962769985199,0.07788161933422089,0.9887439012527466,,False
25822942944,,/evaluator_log,,,0,0,0,0,False,0.412097692489624,0.09764309972524643,0.9891946315765381,,False
25922941026,,/evaluator_log,,,0,0,0,0,False,0.41707393527030945,0.07301587611436844,0.9889956116676331,,False
26022945133,,/evaluator_log,,,0,0,0,0,False,0.43774616718292236,0.12747524678707123,0.9898956418037415,,False
26122951060,,/evaluator_log,,,0,0,0,0,False,0.4591083228588104,0.03703703731298447,0.9896063208580017,,False
26222953927,,/evaluator_log,,,0,0,0,0,False,0.4570052921772003,0.1111111119389534,0.9914955496788025,,False
26317956575,,/evaluator_log,,,0,0,0,0,False,0.48133355379104614,0.12745098769664764,0.9913873076438904,,False
26422949036,,/evaluator_log,,,0,0,0,0,False,0.4601764380931854,0.08695652335882187,0.9914307594299316,,False
26517952952,,/evaluator_log,,,0,0,0,0,False,0.46227943897247314,0.0873015895485878,0.9915997982025146,,False
26622954138,,/evaluator_log,,,0,0,0,0,False,0.45697304606437683,0.07909604161977768,0.9913614988327026,,False
26722958745,,/evaluator_log,,,0,0,0,0,False,0.46545174717903137,0.09950248152017593,0.9918009042739868,,False
26822962391,,/evaluator_log,,,0,0,0,0,False,0.4480700194835663,0.04975124076008797,0.9917240738868713,,False
26922963108,,/evaluator_log,,,0,0,0,0,False,0.46296724677085876,0.08045976608991623,0.9912354946136475,,False
27022966212,,/evaluator_log,,,0,0,0,0,False,0.46611496806144714,0.1111111119389534,0.9926279783248901,,False
27122976001,,/evaluator_log,,,0,0,0,0,False,0.4722101092338562,0.11261261254549026,0.9924588203430176,,False
27222973480,,/evaluator_log,,,0,0,0,0,False,0.4613102078437805,0.053333330899477005,0.9925972819328308,,False
27322980687,,/evaluator_log,,,0,0,0,0,False,0.4602747857570648,0.0364583320915699,0.9920551776885986,,False
27422983344,,/evaluator_log,,,0,0,0,0,False,0.471877783536911,0.10769230872392654,0.9920458197593689,,False
27527978152,,/evaluator_log,,,0,0,0,0,False,0.48071709275245667,0.14666666090488434,0.9924769997596741,,False
27632988099,,/evaluator_log,,,0,0,0,0,False,0.4614817202091217,0.025641025975346565,0.9924754500389099,,False
27717982799,,/evaluator_log,,,0,0,0,0,False,0.4931494891643524,0.1204819306731224,0.9932416677474976,,False
27822987782,,/evaluator_log,,,0,0,0,0,False,0.4918881058692932,0.11674347519874573,0.9932563900947571,,False
27917995105,,/evaluator_log,,,0,0,0,0,False,0.4926580488681793,0.07999999821186066,0.9931579828262329,,False
28022997116,,/evaluator_log,,,0,0,0,0,False,0.4826717972755432,0.06425702571868896,0.9926940202713013,,False
28122999462,,/evaluator_log,,,0,0,0,0,False,0.4838288724422455,0.06666667014360428,0.9924871325492859,,False
28218000359,,/evaluator_log,,,0,0,0,0,False,0.4926663637161255,0.13476842641830444,0.9933284521102905,,False
28323003232,,/evaluator_log,,,0,0,0,0,False,0.4946046769618988,0.10526315122842789,0.9930455684661865,,False
28422998282,,/evaluator_log,,,0,0,0,0,False,0.4960182309150696,0.09345794469118118,0.9927752614021301,,False
28523013303,,/evaluator_log,,,0,0,0,0,False,0.49865469336509705,0.1076388880610466,0.9930312037467957,,False
28623007713,,/evaluator_log,,,0,0,0,0,False,0.5083723068237305,0.09578543901443481,0.9926980137825012,,False
28723008971,,/evaluator_log,,,0,0,0,0,False,0.48965150117874146,0.028735632076859474,0.9932291507720947,,False
28823016078,,/evaluator_log,,,0,0,0,0,False,0.49478599429130554,0.03030303120613098,0.9941124320030212,,False
28923011706,,/evaluator_log,,,0,0,0,0,False,0.4904516339302063,0.09259259700775146,0.9922247529029846,,False
29023021636,,/evaluator_log,,,0,0,0,0,False,0.4973035752773285,0.1071428582072258,0.9939159750938416,,False
29123014188,,/evaluator_log,,,0,0,0,0,False,0.5003385543823242,0.15942029654979706,0.9936428070068359,,False
29223026510,,/evaluator_log,,,0,0,0,0,False,0.48747557401657104,0.1190476194024086,0.9939239621162415,,False
29323021206,,/evaluator_log,,,0,0,0,0,False,0.5204021334648132,0.0,0.994884192943573,,False
29423031034,,/evaluator_log,,,0,0,0,0,False,0.5193345546722412,0.0,0.9945171475410461,,False
29523034014,,/evaluator_log,,,0,0,0,0,False,0.5220959782600403,0.0,0.9951618313789368,,False
29623030092,,/evaluator_log,,,0,0,0,0,False,0.5360780954360962,0.0,0.9953465461730957,,False
29723033107,,/evaluator_log,,,0,0,0,0,False,0.53519606590271,0.0,0.9948703646659851,,False
29823028387,,/evaluator_log,,,0,0,0,0,False,0.5282469987869263,0.0,0.994889497756958,,False
29923033573,,/evaluator_log,,,0,0,0,0,False,0.5842770338058472,0.0,0.9947408437728882,,False
30023037352,,/evaluator_log,,,0,0,0,0,False,0.5455870032310486,0.0,0.9955883026123047,,False
30118047798,,/evaluator_log,,,0,0,0,0,False,0.5385004878044128,0.0,0.9952934384346008,,False
30223050185,,/evaluator_log,,,0,0,0,0,False,0.5829612016677856,0.0,0.9953495264053345,,False
30323047983,,/evaluator_log,,,0,0,0,0,False,0.5763334631919861,0.0,0.9947413206100464,,False
30423055536,,/evaluator_log,,,0,0,0,0,False,0.593185305595398,0.0,0.9948140382766724,,False
30523066124,,/evaluator_log,,,0,0,0,0,False,0.5943263173103333,0.0,0.9947230815887451,,False
30618052666,,/evaluator_log,,,0,0,0,0,False,0.5741365551948547,0.0,0.9950323104858398,,False
30723063202,,/evaluator_log,,,0,0,0,0,False,0.5839734077453613,0.0,0.9949407577514648,,False
30818052443,,/evaluator_log,,,0,0,0,0,False,0.580075740814209,0.0,0.9948817491531372,,False
30923056424,,/evaluator_log,,,0,0,0,0,False,0.5701591372489929,0.0,0.9949010610580444,,False
31023058833,,/evaluator_log,,,0,0,0,0,False,0.5756786465644836,0.0,0.9944892525672913,,False
31123071816,,/evaluator_log,,,0,0,0,0,False,0.5718445181846619,0.0,0.9944118857383728,,False
31223074065,,/evaluator_log,,,0,0,0,0,False,0.5283147692680359,0.0,0.9927084445953369,,False
31323076522,,/evaluator_log,,,0,0,0,0,False,0.5678989291191101,0.25,0.9942612648010254,,False
31418069426,,/evaluator_log,,,0,0,0,0,False,0.5463835000991821,0.1428571492433548,0.9948474764823914,,False
31523081863,,/evaluator_log,,,0,0,0,0,False,0.5087789297103882,0.025641025975346565,0.9939217567443848,,False
31623083944,,/evaluator_log,,,0,0,0,0,False,0.5098904371261597,0.04444444552063942,0.9945499897003174,,False
31723077388,,/evaluator_log,,,0,0,0,0,False,0.5231338739395142,0.07407407462596893,0.994123101234436,,False
31823081139,,/evaluator_log,,,0,0,0,0,False,0.5097337961196899,0.1041666641831398,0.9942521452903748,,False
31923092620,,/evaluator_log,,,0,0,0,0,False,0.5512896776199341,0.1071428582072258,0.9952524304389954,,False
32023095810,,/evaluator_log,,,0,0,0,0,False,0.5270325541496277,0.14705882966518402,0.9948630332946777,,False
32123096443,,/evaluator_log,,,0,0,0,0,False,0.5501350164413452,0.1666666716337204,0.9950123429298401,,False
32218091737,,/evaluator_log,,,0,0,0,0,False,0.5309785008430481,0.07894736528396606,0.9945831894874573,,False
32323092631,,/evaluator_log,,,0,0,0,0,False,0.5318971872329712,0.0833333358168602,0.9948235750198364,,False
32423096429,,/evaluator_log,,,0,0,0,0,False,0.5320313572883606,0.10526315867900848,0.9946021437644958,,False
32528102302,,/evaluator_log,,,0,0,0,0,False,0.5030660629272461,0.02380952425301075,0.9946020245552063,,False
32623106516,,/evaluator_log,,,0,0,0,0,False,0.5040271282196045,0.0,0.994784414768219,,False
32723109938,,/evaluator_log,,,0,0,0,0,False,0.5131959319114685,0.029411764815449715,0.9934322834014893,,False
32823112670,,/evaluator_log,,,0,0,0,0,False,0.49294567108154297,0.0,0.9938733577728271,,False
32923115290,,/evaluator_log,,,0,0,0,0,False,0.5086391568183899,0.0625,0.994351327419281,,False
33023117648,,/evaluator_log,,,0,0,0,0,False,0.47110310196876526,0.0,0.9935337901115417,,False
33123119991,,/evaluator_log,,,0,0,0,0,False,0.5119879841804504,0.2943806052207947,0.9935896396636963,,False
33223122177,,/evaluator_log,,,0,0,0,0,False,0.5201823711395264,0.24836601316928864,0.9940519332885742,,False
33323124821,,/evaluator_log,,,0,0,0,0,False,0.5490684509277344,0.23943662643432617,0.9947344660758972,,False
33423123557,,/evaluator_log,,,0,0,0,0,False,0.5579566955566406,0.24242424964904785,0.9946205615997314,,False
33523129792,,/evaluator_log,,,0,0,0,0,False,0.5761139988899231,0.23508770763874054,0.9933344721794128,,False
33623121146,,/evaluator_log,,,0,0,0,0,False,0.5713484883308411,0.23333333432674408,0.9927775263786316,,False
33723134297,,/evaluator_log,,,0,0,0,0,False,0.5449627041816711,0.23024053871631622,0.9925681948661804,,False
33823128729,,/evaluator_log,,,0,0,0,0,False,0.5675346255302429,0.25850340723991394,0.9929013252258301,,False
33923133192,,/evaluator_log,,,0,0,0,0,False,0.5374269485473633,0.24000000953674316,0.9924514889717102,,False
34023132787,,/evaluator_log,,,0,0,0,0,False,0.5433368682861328,0.22006471455097198,0.9922469258308411,,False
34123143585,,/evaluator_log,,,0,0,0,0,False,0.5144083499908447,0.22772276401519775,0.9931147694587708,,False
34223136698,,/evaluator_log,,,0,0,0,0,False,0.5273170471191406,0.20679013431072235,0.9955751299858093,,False
34328138281,,/evaluator_log,,,0,0,0,0,False,0.5121737718582153,0.23148147761821747,0.9949947595596313,,False
34428141870,,/evaluator_log,,,0,0,0,0,False,0.45792365074157715,0.17105263471603394,0.994172990322113,,False
34523146075,,/evaluator_log,,,0,0,0,0,False,0.477876216173172,0.24074073135852814,0.9935929775238037,,False
34618155974,,/evaluator_log,,,0,0,0,0,False,0.45649534463882446,0.17391304671764374,0.9935153722763062,,False
34723152671,,/evaluator_log,,,0,0,0,0,False,0.47388124465942383,0.22314049303531647,0.992709755897522,,False
34823150714,,/evaluator_log,,,0,0,0,0,False,0.46476486325263977,0.2347826212644577,0.9926539063453674,,False
34923154873,,/evaluator_log,,,0,0,0,0,False,0.4429647624492645,0.20080643892288208,0.9932311177253723,,False
35023155684,,/evaluator_log,,,0,0,0,0,False,0.4373524785041809,0.17975206673145294,0.9929888248443604,,False
35123162209,,/evaluator_log,,,0,0,0,0,False,0.4785790741443634,0.26631230115890503,0.9936375021934509,,False
35223165083,,/evaluator_log,,,0,0,0,0,False,0.5029981136322021,0.2587365508079529,0.9938616752624512,,False
35323165652,,/evaluator_log,,,0,0,0,0,False,0.5475367307662964,0.3816239535808563,0.9938786029815674,,False
35423169480,,/evaluator_log,,,0,0,0,0,False,0.5282065868377686,0.3203798532485962,0.9936147332191467,,False
35523177131,,/evaluator_log,,,0,0,0,0,False,0.5211282968521118,0.38912877440452576,0.9934254884719849,,False
35623179164,,/evaluator_log,,,0,0,0,0,False,0.5533194541931152,0.3243523836135864,0.9936870336532593,,False
35723181066,,/evaluator_log,,,0,0,0,0,False,0.5480636358261108,0.3085213303565979,0.9928820133209229,,False
35818181272,,/evaluator_log,,,0,0,0,0,False,0.562537670135498,0.31800976395606995,0.993365466594696,,False
35923183777,,/evaluator_log,,,0,0,0,0,False,0.5543834567070007,0.3226495683193207,0.9930075407028198,,False
36023186823,,/evaluator_log,,,0,0,0,0,False,0.5701911449432373,0.31193429231643677,0.9928193688392639,,False
36123181523,,/evaluator_log,,,0,0,0,0,False,0.6049667000770569,0.44422340393066406,0.9932119250297546,,False
36223187405,,/evaluator_log,,,0,0,0,0,False,0.5628147125244141,0.4435185194015503,0.9928180575370789,,False
36323188117,,/evaluator_log,,,0,0,0,0,False,0.5406023859977722,0.3253968358039856,0.993168294429779,,False
36423194149,,/evaluator_log,,,0,0,0,0,False,0.556297242641449,0.29760199785232544,0.9936187267303467,,False
36523194569,,/evaluator_log,,,0,0,0,0,False,0.5104354619979858,0.31945914030075073,0.9937096238136292,,False
36623197729,,/evaluator_log,,,0,0,0,0,False,0.5753577947616577,0.39737358689308167,0.9932585954666138,,False
36723200783,,/evaluator_log,,,0,0,0,0,False,0.5575599074363708,0.3745059072971344,0.9934988021850586,,False
36823202717,,/evaluator_log,,,0,0,0,0,False,0.5456175804138184,0.300539493560791,0.9938331842422485,,False
36923207803,,/evaluator_log,,,0,0,0,0,False,0.5470929741859436,0.2795153260231018,0.9933990240097046,,False
37023203214,,/evaluator_log,,,0,0,0,0,False,0.5506752133369446,0.2608904242515564,0.9929847717285156,,False
37123208994,,/evaluator_log,,,0,0,0,0,False,0.5931599736213684,0.3513889014720917,0.9933596849441528,,False
37223210221,,/evaluator_log,,,0,0,0,0,False,0.5996935963630676,0.3311965763568878,0.9932239055633545,,False
37323214721,,/evaluator_log,,,0,0,0,0,False,0.6017958521842957,0.3385142385959625,0.9934102892875671,,False
37423212810,,/evaluator_log,,,0,0,0,0,False,0.5748628377914429,0.2826698422431946,0.9932941794395447,,False
37523218138,,/evaluator_log,,,0,0,0,0,False,0.5708615183830261,0.25627386569976807,0.9931033253669739,,False
37623220643,,/evaluator_log,,,0,0,0,0,False,0.5614901781082153,0.24455541372299194,0.992089033126831,,False
37718222585,,/evaluator_log,,,0,0,0,0,False,0.6226552724838257,0.39418959617614746,0.9927964210510254,,False
37823227366,,/evaluator_log,,,0,0,0,0,False,0.5775079727172852,0.4116809368133545,0.9933183789253235,,False
37923228009,,/evaluator_log,,,0,0,0,0,False,0.56048184633255,0.2782961130142212,0.9931642413139343,,False
38023228614,,/evaluator_log,,,0,0,0,0,False,0.5819438099861145,0.35034918785095215,0.993105947971344,,False
38123237138,,/evaluator_log,,,0,0,0,0,False,0.5834172964096069,0.333890825510025,0.9936107993125916,,False
38218233820,,/evaluator_log,,,0,0,0,0,False,0.6206343173980713,0.46052277088165283,0.9928357005119324,,False
38323237182,,/evaluator_log,,,0,0,0,0,False,0.5905721187591553,0.3837599456310272,0.993229329586029,,False
38423240022,,/evaluator_log,,,0,0,0,0,False,0.5722249746322632,0.3621915876865387,0.9927949905395508,,False
38523240467,,/evaluator_log,,,0,0,0,0,False,0.5732762217521667,0.3479352295398712,0.9921484589576721,,False
38623241564,,/evaluator_log,,,0,0,0,0,False,0.602047324180603,0.4635019302368164,0.992807924747467,,False
38718244843,,/evaluator_log,,,0,0,0,0,False,0.5591787695884705,0.3496907651424408,0.9929781556129456,,False
38823248846,,/evaluator_log,,,0,0,0,0,False,0.5478371381759644,0.32198566198349,0.9921675324440002,,False
38923259725,,/evaluator_log,,,0,0,0,0,False,0.5559725761413574,0.2922505736351013,0.9927759766578674,,False
39023255209,,/evaluator_log,,,0,0,0,0,False,0.5788267254829407,0.3516865074634552,0.9931321740150452,,False
39123263038,,/evaluator_log,,,0,0,0,0,False,0.5443630218505859,0.2503097653388977,0.9926756024360657,,False
39223259560,,/evaluator_log,,,0,0,0,0,False,0.5337040424346924,0.22510822117328644,0.9932789206504822,,False
39323267549,,/evaluator_log,,,0,0,0,0,False,0.5551297068595886,0.23553720116615295,0.9930676817893982,,False
39418267715,,/evaluator_log,,,0,0,0,0,False,0.558926522731781,0.289186954498291,0.9925028681755066,,False
39523272968,,/evaluator_log,,,0,0,0,0,False,0.575542688369751,0.3608871102333069,0.9930106997489929,,False
39623264318,,/evaluator_log,,,0,0,0,0,False,0.5568789839744568,0.347897469997406,0.9925040006637573,,False
39723268466,,/evaluator_log,,,0,0,0,0,False,0.5214629173278809,0.2734557092189789,0.9919822812080383,,False
39823269268,,/evaluator_log,,,0,0,0,0,False,0.5198938250541687,0.2594919800758362,0.9914956092834473,,False
39923281397,,/evaluator_log,,,0,0,0,0,False,0.5151317715644836,0.2907075881958008,0.9918203353881836,,False