timestamp,scenario,source,rule_name,strategy_name,strategy_hash,strategy_status,adaptation_type,adaptation_status,success,iou,vehicle_iou,road_iou,gt_failure_name,is_gt_failure
278633151,,/evaluator_log,,,0,0,0,0,False,0.567213237285614,0.5685916543006897,0.9673824310302734,,False
413639249,,/evaluator_log,,,0,0,0,0,False,0.5454676747322083,0.4455137252807617,0.9673227667808533,,False
423639515,,/evaluator_log,,,0,0,0,0,False,0.5193779468536377,0.28688523173332214,0.9692474603652954,,False
528648761,,/evaluator_log,,,0,0,0,0,False,0.5201601386070251,0.44179895520210266,0.9694640040397644,,False
628650581,,/evaluator_log,,,0,0,0,0,False,0.532633364200592,0.9237056970596313,0.9684301614761353,,False
723651842,,/evaluator_log,,,0,0,0,0,False,0.5085535645484924,0.897172212600708,0.9674443602561951,,False
823645834,,/evaluator_log,,,0,0,0,0,False,0.48409977555274963,0.45049506425857544,0.9702792167663574,,False
923650249,,/evaluator_log,,,0,0,0,0,False,0.4939456582069397,0.917475700378418,0.9670359492301941,,False
1013657277,_003,scenario_executor,,,0,0,0,0,False,0.0,0.0,0.0,do_drop_segmentation,False
1013657277,_003,scenario_executor,,,0,0,0,0,False,0.0,0.0,0.0,image_degradation,False
1013657277,_003,scenario_executor,,,0,0,0,0,False,0.0,0.0,0.0,autofocus_needed,False
1023657162,,/evaluator_log,,,0,0,0,0,False,0.4771357774734497,0.9146919250488281,0.9674641489982605,,False
1118656431,,/evaluator_log,,,0,0,0,0,False,0.48493415117263794,0.9044288992881775,0.9686749577522278,,False
1228654677,,/evaluator_log,,,0,0,0,0,False,0.48416459560394287,0.898004412651062,0.9655604362487793,,False
1798670000,,analyzer,AutoFocusNeeded,,0,0,0,0,False,0.0,0.0,0.0,,False
1803669934,,planning,AutoFocusNeeded,autofocus_strategy,18274997830408420195,1,0,0,False,0.0,0.0,0.0,,False
1803669934,,execution_parametrization,,,0,0,0,1,False,0.0,0.0,0.0,,False
2198782910,,analyzer,AutoFocusNeeded,autofocus_strategy,18274997830408420195,3,0,0,True,0.0,0.0,0.0,,False
3003689922,,execution_parametrization,,,0,0,0,3,True,0.0,0.0,0.0,,False
4998747265,,analyzer,SegmentationDead,,0,0,0,0,False,0.0,0.0,0.0,,False
5003722493,,planning,SegmentationDead,segmentation_restart,3804427162940246793,1,0,0,False,0.0,0.0,0.0,,False
5003722493,,execution_lifecycle_change,,,0,0,0,1,False,0.0,0.0,0.0,,False
5118715157,,/evaluator_log,,,0,0,0,0,False,0.2399563044309616,0.11072961241006851,0.31209057569503784,,False
5223725568,,/evaluator_log,,,0,0,0,0,False,0.2384134978055954,0.10699588060379028,0.2784351408481598,,False
5318727664,,/evaluator_log,,,0,0,0,0,False,0.25234249234199524,0.12328766286373138,0.2912800908088684,,False
5403806790,,execution_lifecycle_change,,,0,0,0,3,True,0.0,0.0,0.0,,False
5428721135,,/evaluator_log,,,0,0,0,0,False,0.2514757812023163,0.12424242496490479,0.3396468162536621,,False
5523722675,,/evaluator_log,,,0,0,0,0,False,0.24435828626155853,0.10568181425333023,0.3235868811607361,,False
5623734378,,/evaluator_log,,,0,0,0,0,False,0.2341853529214859,0.07671232521533966,0.3523484170436859,,False
5723734747,,/evaluator_log,,,0,0,0,0,False,0.2607802152633667,0.11701607704162598,0.39688822627067566,,False
5798728596,,analyzer,SegmentationBad,,0,0,0,0,False,0.0,0.0,0.0,,False
5798728596,,analyzer,SegmentationDead,segmentation_restart,3804427162940246793,3,0,0,True,0.0,0.0,0.0,,False
5803733789,,planning,SegmentationBad,recalibration,12522202132277569776,1,0,0,False,0.0,0.0,0.0,,False
5803733789,,execution_parametrization,,,0,0,0,1,False,0.0,0.0,0.0,,False
5823728907,,/evaluator_log,,,0,0,0,0,False,0.25733643770217896,0.11818180978298187,0.40964630246162415,,False
5918729955,,/evaluator_log,,,0,0,0,0,False,0.26289594173431396,0.11455968767404556,0.45064735412597656,,False
6028774586,,/evaluator_log,,,0,0,0,0,False,0.25516965985298157,0.12814855575561523,0.4482468068599701,,False
6123740920,,/evaluator_log,,,0,0,0,0,False,0.27370256185531616,0.10380952060222626,0.4532054662704468,,False
6203765431,,execution_parametrization,,,0,0,0,3,True,0.0,0.0,0.0,,False
6223735385,,/evaluator_log,,,0,0,0,0,False,0.2645605504512787,0.13079267740249634,0.46124783158302307,,False
6318744105,,/evaluator_log,,,0,0,0,0,False,0.26269644498825073,0.13179722428321838,0.4388333857059479,,False
6418735209,,/evaluator_log,,,0,0,0,0,False,0.27475598454475403,0.10588236153125763,0.4300685226917267,,False
6518746772,,/evaluator_log,,,0,0,0,0,False,0.2890617251396179,0.15597979724407196,0.42182156443595886,,False
6618744570,,/evaluator_log,,,0,0,0,0,False,0.27871060371398926,0.12523365020751953,0.40320268273353577,,False
6723750927,,/evaluator_log,,,0,0,0,0,False,0.3023328185081482,0.13615022599697113,0.43453624844551086,,False
6818752262,,/evaluator_log,,,0,0,0,0,False,0.2908933758735657,0.11983470618724823,0.40285611152648926,,False
6918750008,,/evaluator_log,,,0,0,0,0,False,0.2790133059024811,0.12769952416419983,0.39163273572921753,,False
7023756093,,/evaluator_log,,,0,0,0,0,False,0.28053078055381775,0.13155555725097656,0.40398886799812317,,False
7123753008,,/evaluator_log,,,0,0,0,0,False,0.2756847143173218,0.11338583379983902,0.387290894985199,,False
7223760281,,/evaluator_log,,,0,0,0,0,False,0.2714793384075165,0.12894736230373383,0.4274672865867615,,False
7318750370,,/evaluator_log,,,0,0,0,0,False,0.26587989926338196,0.1143939346075058,0.39462968707084656,,False
7398763396,,analyzer,SegmentationBad,recalibration,12522202132277569776,4,0,0,False,0.0,0.0,0.0,,False
7403763334,,planning,SegmentationBad,enhancement_deactivate,18219604205592285671,1,0,0,False,0.0,0.0,0.0,,False
7403763334,,execution_lifecycle_change,,,0,0,0,1,False,0.0,0.0,0.0,,False
7403763334,,execution_comm_change,,,0,0,5,1,False,0.0,0.0,0.0,,False
7418765018,,/evaluator_log,,,0,0,0,0,False,0.27025163173675537,0.1225225180387497,0.4149533808231354,,False
7518757628,,/evaluator_log,,,0,0,0,0,False,0.26329097151756287,0.11375464498996735,0.4163608253002167,,False
7623765521,,/evaluator_log,,,0,0,0,0,False,0.2579888701438904,0.0939297154545784,0.34292447566986084,,False
7723764000,,/evaluator_log,,,0,0,0,0,False,0.26621365547180176,0.13025209307670593,0.39118102192878723,,False
7803765742,,execution_lifecycle_change,,,0,0,0,3,False,0.0,0.0,0.0,,False
7823765733,,/evaluator_log,,,0,0,0,0,False,0.2580900192260742,0.09878049045801163,0.3753863573074341,,False
7923761677,,/evaluator_log,,,0,0,0,0,False,0.25066080689430237,0.08454258739948273,0.34116631746292114,,False
8018761109,,/evaluator_log,,,0,0,0,0,False,0.26237010955810547,0.13203124701976776,0.3695709705352783,,False
8118767565,,/evaluator_log,,,0,0,0,0,False,0.25828468799591064,0.12051282078027725,0.33687520027160645,,False
8203777475,,execution_comm_change,,,0,0,0,3,True,0.0,0.0,0.0,,False
8223777014,,/evaluator_log,,,0,0,0,0,False,0.25864365696907043,0.14684684574604034,0.29431724548339844,,False
8323778989,,/evaluator_log,,,0,0,0,0,False,0.25670039653778076,0.12133891880512238,0.2991143465042114,,False
8423779288,,/evaluator_log,,,0,0,0,0,False,0.25518491864204407,0.13490566611289978,0.28725355863571167,,False
8513769914,,/evaluator_log,,,0,0,0,0,False,0.2553761601448059,0.13079848885536194,0.2664135694503784,,False
8623776476,,/evaluator_log,,,0,0,0,0,False,0.25507843494415283,0.1347457617521286,0.29218989610671997,,False
8713776905,,/evaluator_log,,,0,0,0,0,False,0.2567105293273926,0.13333334028720856,0.24322737753391266,,False
8818784970,,/evaluator_log,,,0,0,0,0,False,0.25557366013526917,0.1169811338186264,0.2628996670246124,,False
8913794307,,/evaluator_log,,,0,0,0,0,False,0.2666674554347992,0.12841328978538513,0.26028987765312195,,False
9018781789,,/evaluator_log,,,0,0,0,0,False,0.26460397243499756,0.1295880228281021,0.21606773138046265,,False
9118782807,,/evaluator_log,,,0,0,0,0,False,0.29250526428222656,0.15019455552101135,0.2578273117542267,,False
9218789327,,/evaluator_log,,,0,0,0,0,False,0.2916375696659088,0.13155892491340637,0.2312103509902954,,False
9323792314,,/evaluator_log,,,0,0,0,0,False,0.29819923639297485,0.14436089992523193,0.27635064721107483,,False
9398802514,,analyzer,SegmentationBad,enhancement_deactivate,18219604205592285671,4,0,0,False,0.0,0.0,0.0,,False
9403803908,,planning,SegmentationBad,enhancement_activate,8888226150480900823,1,0,0,False,0.0,0.0,0.0,,False
9403803908,,execution_lifecycle_change,,,0,0,0,1,False,0.0,0.0,0.0,,False
9403803908,,execution_comm_change,,,0,0,5,1,False,0.0,0.0,0.0,,False
9423790029,,/evaluator_log,,,0,0,0,0,False,0.2817077338695526,0.11986301094293594,0.23712125420570374,,False
9528796359,,/evaluator_log,,,0,0,0,0,False,0.44664862751960754,0.3640775680541992,0.9674156308174133,,False
9623797986,,/evaluator_log,,,0,0,0,0,False,0.499502569437027,0.5009820461273193,0.964836835861206,,False
9723798277,,/evaluator_log,,,0,0,0,0,False,0.48578569293022156,0.3868735432624817,0.9608904719352722,,False
9803798116,,execution_lifecycle_change,,,0,0,0,3,True,0.0,0.0,0.0,,False
9803798116,,execution_comm_change,,,0,0,0,3,True,0.0,0.0,0.0,,False
9823793459,,/evaluator_log,,,0,0,0,0,False,0.5195212960243225,0.47977519035339355,0.9615176916122437,,False
9923798162,,/evaluator_log,,,0,0,0,0,False,0.49268922209739685,0.38365331292152405,0.9576442837715149,,False
10023800791,,/evaluator_log,,,0,0,0,0,False,0.5497097373008728,0.44485801458358765,0.9628542065620422,,False
10123800553,,/evaluator_log,,,0,0,0,0,False,0.531718909740448,0.37135496735572815,0.9602189660072327,,False
10198814073,,analyzer,SegmentationBad,enhancement_activate,8888226150480900823,3,0,0,True,0.0,0.0,0.0,,False
10223801389,,/evaluator_log,,,0,0,0,0,False,0.5688152313232422,0.4205071032047272,0.9627084732055664,,False
10323802292,,/evaluator_log,,,0,0,0,0,False,0.5624940991401672,0.38349342346191406,0.9618117809295654,,False
10423812528,,/evaluator_log,,,0,0,0,0,False,0.5499382615089417,0.3884473145008087,0.958633542060852,,False
10523814036,,/evaluator_log,,,0,0,0,0,False,0.5528474450111389,0.41903939843177795,0.956508219242096,,False
10618807796,,/evaluator_log,,,0,0,0,0,False,0.5619865655899048,0.4356355667114258,0.9617108702659607,,False
10718807958,,/evaluator_log,,,0,0,0,0,False,0.5333515405654907,0.41407090425491333,0.9626902937889099,,False
10823818759,,/evaluator_log,,,0,0,0,0,False,0.5316376090049744,0.38811367750167847,0.962467610836029,,False
10923812867,,/evaluator_log,,,0,0,0,0,False,0.5213850736618042,0.4228300452232361,0.964588463306427,,False
11023823239,,/evaluator_log,,,0,0,0,0,False,0.5163746476173401,0.37951841950416565,0.9633393883705139,,False
11118816408,,/evaluator_log,,,0,0,0,0,False,0.5066598057746887,0.36220964789390564,0.9651525020599365,,False
11223825778,,/evaluator_log,,,0,0,0,0,False,0.5720590353012085,0.49645864963531494,0.9683635830879211,,False
11318823356,,/evaluator_log,,,0,0,0,0,False,0.588093101978302,0.5204260945320129,0.9674477577209473,,False
11428829002,,/evaluator_log,,,0,0,0,0,False,0.5699391961097717,0.43039655685424805,0.9635815620422363,,False
11523830395,,/evaluator_log,,,0,0,0,0,False,0.5876377820968628,0.4520273208618164,0.9617102742195129,,False
11623832684,,/evaluator_log,,,0,0,0,0,False,0.5863057374954224,0.4802696108818054,0.959855318069458,,False
11723834146,,/evaluator_log,,,0,0,0,0,False,0.5660625696182251,0.304497092962265,0.9619722366333008,,False
11818826902,,/evaluator_log,,,0,0,0,0,False,0.5706742405891418,0.36231639981269836,0.9638365507125854,,False
11918830229,,/evaluator_log,,,0,0,0,0,False,0.5935221910476685,0.4110981523990631,0.9636207818984985,,False
12018831046,,/evaluator_log,,,0,0,0,0,False,0.5572599172592163,0.35820579528808594,0.9682022929191589,,False
12118840005,,/evaluator_log,,,0,0,0,0,False,0.535964846611023,0.3050254285335541,0.9679363369941711,,False
12223842362,,/evaluator_log,,,0,0,0,0,False,0.5561468601226807,0.3037383258342743,0.9670852422714233,,False
12318837653,,/evaluator_log,,,0,0,0,0,False,0.5950107574462891,0.4994089603424072,0.9661693572998047,,False
12418835965,,/evaluator_log,,,0,0,0,0,False,0.516674816608429,0.22735589742660522,0.962096631526947,,False
12518842606,,/evaluator_log,,,0,0,0,0,False,0.5332502126693726,0.44175466895103455,0.9648038148880005,,False
12628849927,,/evaluator_log,,,0,0,0,0,False,0.6291046142578125,0.4968317449092865,0.962212324142456,,False
12723851906,,/evaluator_log,,,0,0,0,0,False,0.5961061120033264,0.3059239685535431,0.9617335796356201,,False
12823854060,,/evaluator_log,,,0,0,0,0,False,0.6270754933357239,0.5634738802909851,0.9601832032203674,,False
12923855568,,/evaluator_log,,,0,0,0,0,False,0.5788451433181763,0.3705174922943115,0.960882306098938,,False
13023856119,,/evaluator_log,,,0,0,0,0,False,0.6232233643531799,0.4985578954219818,0.9618032574653625,,False
13123852908,,/evaluator_log,,,0,0,0,0,False,0.6123567223548889,0.36367881298065186,0.9622926712036133,,False
13228854112,,/evaluator_log,,,0,0,0,0,False,0.5940719842910767,0.39025697112083435,0.9633353352546692,,False
13323851316,,/evaluator_log,,,0,0,0,0,False,0.5867248177528381,0.30816832184791565,0.9644157886505127,,False
13423852798,,/evaluator_log,,,0,0,0,0,False,0.5942391157150269,0.31386861205101013,0.9661709666252136,,False
13518858308,,/evaluator_log,,,0,0,0,0,False,0.5917015075683594,0.3373015820980072,0.9660162925720215,,False
13623859832,,/evaluator_log,,,0,0,0,0,False,0.5780602693557739,0.5003300309181213,0.9656188488006592,,False
13718862193,,/evaluator_log,,,0,0,0,0,False,0.5460036993026733,0.2976680397987366,0.9672253131866455,,False
13823869815,,/evaluator_log,,,0,0,0,0,False,0.5151551961898804,0.2222222238779068,0.9644282460212708,,False
13923861518,,/evaluator_log,,,0,0,0,0,False,0.5384346842765808,0.23333333432674408,0.9668387770652771,,False
14018869817,,/evaluator_log,,,0,0,0,0,False,0.48005741834640503,0.0,0.9690515398979187,,False
14118875279,,/evaluator_log,,,0,0,0,0,False,0.532198965549469,0.1031746044754982,0.9715670943260193,,False
14223876310,,/evaluator_log,,,0,0,0,0,False,0.5281937718391418,0.17493796348571777,0.9692113995552063,,False
14323878388,,/evaluator_log,,,0,0,0,0,False,0.5515991449356079,0.1590413898229599,0.9727163314819336,,False
14423875399,,/evaluator_log,,,0,0,0,0,False,0.5976963639259338,0.3523809611797333,0.974644660949707,,False
14518871691,,/evaluator_log,,,0,0,0,0,False,0.5369047522544861,0.2063492089509964,0.9734534621238708,,False
14623887770,,/evaluator_log,,,0,0,0,0,False,0.5081157088279724,0.24547719955444336,0.9714851975440979,,False
14718876834,,/evaluator_log,,,0,0,0,0,False,0.5286353230476379,0.35592249035835266,0.9702056050300598,,False
14823879848,,/evaluator_log,,,0,0,0,0,False,0.546244204044342,0.37052062153816223,0.9717331528663635,,False
14918878810,,/evaluator_log,,,0,0,0,0,False,0.5749825835227966,0.4642857015132904,0.9700555801391602,,False
15023882967,,/evaluator_log,,,0,0,0,0,False,0.5231437087059021,0.28337061405181885,0.9697096347808838,,False
15123880330,,/evaluator_log,,,0,0,0,0,False,0.5848590135574341,0.3844245970249176,0.9691731929779053,,False
15218893947,,/evaluator_log,,,0,0,0,0,False,0.5444660186767578,0.20060060918331146,0.9697059988975525,,False
15323895959,,/evaluator_log,,,0,0,0,0,False,0.4929567575454712,0.09803921729326248,0.9701030254364014,,False
15423897461,,/evaluator_log,,,0,0,0,0,False,0.5143243074417114,0.1428571492433548,0.9713312983512878,,False
15523908982,,/evaluator_log,,,0,0,0,0,False,0.5309504270553589,0.1764705926179886,0.9724919199943542,,False
15623897637,,/evaluator_log,,,0,0,0,0,False,0.48871904611587524,0.02777777798473835,0.9716362953186035,,False
15723902567,,/evaluator_log,,,0,0,0,0,False,0.4911832809448242,0.0,0.9747270345687866,,False
15823897911,,/evaluator_log,,,0,0,0,0,False,0.49242475628852844,0.06818182021379471,0.9727085828781128,,False
15923905015,,/evaluator_log,,,0,0,0,0,False,0.4778924286365509,0.0,0.9694451093673706,,False
16023907289,,/evaluator_log,,,0,0,0,0,False,0.49366623163223267,0.0,0.9692867398262024,,False
16128913237,,/evaluator_log,,,0,0,0,0,False,0.474953830242157,0.03125,0.9675297737121582,,False
16223910978,,/evaluator_log,,,0,0,0,0,False,0.5156716108322144,0.1666666716337204,0.9702746272087097,,False
16318902239,,/evaluator_log,,,0,0,0,0,False,0.5060756206512451,0.1304347813129425,0.9658376574516296,,False
16423913758,,/evaluator_log,,,0,0,0,0,False,0.45607173442840576,0.13333334028720856,0.9678029417991638,,False
16518905300,,/evaluator_log,,,0,0,0,0,False,0.4310709536075592,0.08771929889917374,0.9649018049240112,,False
16618917329,,/evaluator_log,,,0,0,0,0,False,0.43661004304885864,0.12121212482452393,0.9647977948188782,,False
16723918678,,/evaluator_log,,,0,0,0,0,False,0.4353315830230713,0.10344827175140381,0.9642462730407715,,False
16818913814,,/evaluator_log,,,0,0,0,0,False,0.4465601146221161,0.1304347813129425,0.9660032987594604,,False
16918917503,,/evaluator_log,,,0,0,0,0,False,0.458130419254303,0.15485313534736633,0.9668011665344238,,False
17018922933,,/evaluator_log,,,0,0,0,0,False,0.457879900932312,0.1967165768146515,0.9623022079467773,,False
17123926217,,/evaluator_log,,,0,0,0,0,False,0.4224069118499756,0.1308642029762268,0.9631917476654053,,False
17223928146,,/evaluator_log,,,0,0,0,0,False,0.43482324481010437,0.07088809460401535,0.9620488882064819,,False
17323927432,,/evaluator_log,,,0,0,0,0,False,0.4384281635284424,0.053333330899477005,0.9647306799888611,,False
17423931986,,/evaluator_log,,,0,0,0,0,False,0.42134594917297363,0.11428571492433548,0.9686053395271301,,False
17523930188,,/evaluator_log,,,0,0,0,0,False,0.3983817994594574,0.09767206758260727,0.9678360819816589,,False
17623936609,,/evaluator_log,,,0,0,0,0,False,0.39821141958236694,0.1071428582072258,0.9679155349731445,,False
17713929072,,/evaluator_log,,,0,0,0,0,False,0.4228309690952301,0.15295815467834473,0.9679577350616455,,False
17823933343,,/evaluator_log,,,0,0,0,0,False,0.41665515303611755,0.23005147278308868,0.9696148037910461,,False
17923934557,,/evaluator_log,,,0,0,0,0,False,0.3846472501754761,0.04518872871994972,0.9676710963249207,,False
18023937212,,/evaluator_log,,,0,0,0,0,False,0.37712180614471436,0.0,0.962771475315094,,False
18123943562,,/evaluator_log,,,0,0,0,0,False,0.41116631031036377,0.0683760717511177,0.9585795998573303,,False
18223945675,,/evaluator_log,,,0,0,0,0,False,0.3801974952220917,0.03809523954987526,0.9551637768745422,,False
18323940964,,/evaluator_log,,,0,0,0,0,False,0.40158677101135254,0.016260161995887756,0.9531792998313904,,False
18418940051,,/evaluator_log,,,0,0,0,0,False,0.40634211897850037,0.0,0.9505499601364136,,False
18518942041,,/evaluator_log,,,0,0,0,0,False,0.4119999408721924,0.011904762126505375,0.9504534006118774,,False
18628948494,,/evaluator_log,,,0,0,0,0,False,0.38792043924331665,0.04901960864663124,0.9485169649124146,,False
18723945991,,/evaluator_log,,,0,0,0,0,False,0.38155046105384827,0.0,0.9479799866676331,,False
18823951887,,/evaluator_log,,,0,0,0,0,False,0.3865319788455963,0.06534391641616821,0.9476912021636963,,False
18923947608,,/evaluator_log,,,0,0,0,0,False,0.4152509272098541,0.06201550364494324,0.9519662261009216,,False
19023950679,,/evaluator_log,,,0,0,0,0,False,0.4036237597465515,0.038596492260694504,0.9509508609771729,,False
19123950847,,/evaluator_log,,,0,0,0,0,False,0.42743629217147827,0.08761509507894516,0.9523674845695496,,False
19223962783,,/evaluator_log,,,0,0,0,0,False,0.4070952832698822,0.026819923892617226,0.9564641714096069,,False
19323964272,,/evaluator_log,,,0,0,0,0,False,0.4131174087524414,0.0602409653365612,0.9552546143531799,,False
19423960942,,/evaluator_log,,,0,0,0,0,False,0.434784859418869,0.12455859035253525,0.9573487639427185,,False
19518967945,,/evaluator_log,,,0,0,0,0,False,0.42656010389328003,0.0798611119389534,0.958204448223114,,False
19618962821,,/evaluator_log,,,0,0,0,0,False,0.4119740426540375,0.0624176561832428,0.960953950881958,,False
19723966384,,/evaluator_log,,,0,0,0,0,False,0.4369451105594635,0.1514478176832199,0.9641204476356506,,False
19823982784,,/evaluator_log,,,0,0,0,0,False,0.4211771786212921,0.030901722609996796,0.9612032175064087,,False
19923971655,,/evaluator_log,,,0,0,0,0,False,0.426678866147995,0.07615546137094498,0.9655631184577942,,False
20023978057,,/evaluator_log,,,0,0,0,0,False,0.4174771010875702,0.0868692621588707,0.964406430721283,,False
20118987074,,/evaluator_log,,,0,0,0,0,False,0.41738784313201904,0.0339113287627697,0.9653669595718384,,False
20228984001,,/evaluator_log,,,0,0,0,0,False,0.41667571663856506,0.09734513610601425,0.9653582572937012,,False
20318972793,,/evaluator_log,,,0,0,0,0,False,0.4128778278827667,0.07903090864419937,0.9654226303100586,,False
20423983973,,/evaluator_log,,,0,0,0,0,False,0.41967782378196716,0.03556005284190178,0.9657300114631653,,False
20518977928,,/evaluator_log,,,0,0,0,0,False,0.4198237657546997,0.095238097012043,0.9662883281707764,,False
20623987296,,/evaluator_log,,,0,0,0,0,False,0.4148688316345215,0.02430555410683155,0.9650062918663025,,False
20723979991,,/evaluator_log,,,0,0,0,0,False,0.41987910866737366,0.07344632595777512,0.9662442207336426,,False
20818981104,,/evaluator_log,,,0,0,0,0,False,0.4048973321914673,0.13803653419017792,0.9655649065971375,,False
20923992634,,/evaluator_log,,,0,0,0,0,False,0.4230349659919739,0.0954044759273529,0.9662741422653198,,False
21023994183,,/evaluator_log,,,0,0,0,0,False,0.41475382447242737,0.07547169923782349,0.9651317000389099,,False
21118987783,,/evaluator_log,,,0,0,0,0,False,0.398630291223526,0.1316957026720047,0.9632502794265747,,False
21218989028,,/evaluator_log,,,0,0,0,0,False,0.4199780523777008,0.10136120766401291,0.9656977653503418,,False
21323991691,,/evaluator_log,,,0,0,0,0,False,0.3952764868736267,0.11416634172201157,0.9694750905036926,,False
21418990659,,/evaluator_log,,,0,0,0,0,False,0.42486390471458435,0.09622862935066223,0.9696589112281799,,False
21523997439,,/evaluator_log,,,0,0,0,0,False,0.17500464618206024,0.008538317866623402,0.33587339520454407,,False
21618996799,,/evaluator_log,,,0,0,0,0,False,0.18518489599227905,0.01525423675775528,0.34849750995635986,,False
21718998434,,/evaluator_log,,,0,0,0,0,False,0.18220005929470062,0.02639344334602356,0.3356657922267914,,False
21824001297,,/evaluator_log,,,0,0,0,0,False,0.1723814308643341,0.0014880952658131719,0.3266485035419464,,False
21924009087,,/evaluator_log,,,0,0,0,0,False,0.17894455790519714,0.019048767164349556,0.3094846308231354,,False
22019009157,,/evaluator_log,,,0,0,0,0,False,0.17153403162956238,0.0010362693574279547,0.32885536551475525,,False
22124012622,,/evaluator_log,,,0,0,0,0,False,0.18549004197120667,0.03479116037487984,0.3363550007343292,,False
22204019117,,analyzer,SegmentationBad,,0,0,0,0,False,0.0,0.0,0.0,,False
22209009009,,planning,SegmentationBad,recalibration,12522202132277569776,1,0,0,False,0.0,0.0,0.0,,False
22209009009,,execution_parametrization,,,0,0,0,1,False,0.0,0.0,0.0,,False
22224009111,,/evaluator_log,,,0,0,0,0,False,0.16696760058403015,0.0,0.3186023235321045,,False
22319013419,,/evaluator_log,,,0,0,0,0,False,0.16298292577266693,0.012298278510570526,0.3369969129562378,,False
22424018484,,/evaluator_log,,,0,0,0,0,False,0.18788659572601318,0.009615384973585606,0.3324308395385742,,False
22524022247,,/evaluator_log,,,0,0,0,0,False,0.16847078502178192,0.00685714278370142,0.3279378116130829,,False
22619015134,,/evaluator_log,,,0,0,0,0,False,0.19409286975860596,0.03993365913629532,0.3432560861110687,,False
22719016011,,/evaluator_log,,,0,0,0,0,False,0.17652882635593414,0.031465236097574234,0.3748534023761749,,False
22824035192,,/evaluator_log,,,0,0,0,0,False,0.17321337759494781,0.0045731705613434315,0.3625982999801636,,False
22924027645,,/evaluator_log,,,0,0,0,0,False,0.17616628110408783,0.008196720853447914,0.3657155930995941,,False
23024020155,,/evaluator_log,,,0,0,0,0,False,0.17579619586467743,0.0026315790601074696,0.3648570775985718,,False
23124030545,,/evaluator_log,,,0,0,0,0,False,0.17706432938575745,0.016129031777381897,0.32705581188201904,,False
23224032280,,/evaluator_log,,,0,0,0,0,False,0.18438586592674255,0.0069444444961845875,0.3311024010181427,,False
23324028032,,/evaluator_log,,,0,0,0,0,False,0.17826339602470398,0.003816793905571103,0.32187703251838684,,False
23409035687,,execution_parametrization,,,0,0,0,3,True,0.0,0.0,0.0,,False
23429030904,,/evaluator_log,,,0,0,0,0,False,0.17780785262584686,0.0,0.311852365732193,,False
23524045967,,/evaluator_log,,,0,0,0,0,False,0.169499471783638,0.0,0.3028610348701477,,False
23619039389,,/evaluator_log,,,0,0,0,0,False,0.1697080284357071,0.0,0.2809664309024811,,False
23714033102,,/evaluator_log,,,0,0,0,0,False,0.17639899253845215,0.0,0.26546764373779297,,False
23819035679,,/evaluator_log,,,0,0,0,0,False,0.1807418018579483,0.0,0.26333677768707275,,False
23804036702,,analyzer,SegmentationBad,recalibration,12522202132277569776,4,0,0,False,0.0,0.0,0.0,,False
23809037060,,planning,SegmentationBad,enhancement_deactivate,18219604205592285671,1,0,0,False,0.0,0.0,0.0,,False
23809037060,,execution_lifecycle_change,,,0,0,0,1,False,0.0,0.0,0.0,,False
23809037060,,execution_comm_change,,,0,0,5,1,False,0.0,0.0,0.0,,False
23924044391,,/evaluator_log,,,0,0,0,0,False,0.41606175899505615,0.08534622192382812,0.9807364344596863,,False
24024044622,,/evaluator_log,,,0,0,0,0,False,0.4188528060913086,0.062745101749897,0.9817897081375122,,False
24124039534,,/evaluator_log,,,0,0,0,0,False,0.4116586446762085,0.06296296417713165,0.9832316637039185,,False
24219043273,,/evaluator_log,,,0,0,0,0,False,0.412051796913147,0.06930693238973618,0.9832282662391663,,False
24204053876,,analyzer,SegmentationBad,enhancement_deactivate,18219604205592285671,3,0,0,True,0.0,0.0,0.0,,False
24209048750,,execution_lifecycle_change,,,0,0,0,3,True,0.0,0.0,0.0,,False
24329072186,,/evaluator_log,,,0,0,0,0,False,0.4215528666973114,0.10256410390138626,0.9839451313018799,,False
24424046138,,/evaluator_log,,,0,0,0,0,False,0.41307738423347473,0.07590759545564651,0.9843064546585083,,False
24519053208,,/evaluator_log,,,0,0,0,0,False,0.4287092387676239,0.0824742242693901,0.9839270114898682,,False
24619052371,,/evaluator_log,,,0,0,0,0,False,0.42695048451423645,0.09764309972524643,0.9857639074325562,,False
24609051601,,execution_comm_change,,,0,0,0,3,True,0.0,0.0,0.0,,False
24719059208,,/evaluator_log,,,0,0,0,0,False,0.4156591594219208,0.10486891865730286,0.9858880639076233,,False
24824061122,,/evaluator_log,,,0,0,0,0,False,0.41482508182525635,0.04575163498520851,0.9858704209327698,,False
24919061704,,/evaluator_log,,,0,0,0,0,False,0.4112538993358612,0.15555556118488312,0.9887058138847351,,False
25024063886,,/evaluator_log,,,0,0,0,0,False,0.390444815158844,0.09783913940191269,0.9887656569480896,,False
25124060463,,/evaluator_log,,,0,0,0,0,False,0.38973096013069153,0.0882352963089943,0.9881337285041809,,False
25219061050,,/evaluator_log,,,0,0,0,0,False,0.394580215215683,0.1111111119389534,0.9888171553611755,,False
25324062219,,/evaluator_log,,,0,0,0,0,False,0.39862561225891113,0.11974110454320908,0.9885910153388977,,False
25419067615,,/evaluator_log,,,0,0,0,0,False,0.40003812313079834,0.11515151709318161,0.9888927936553955,,False
25519065577,,/evaluator_log,,,0,0,0,0,False,0.3833080232143402,0.07971014827489853,0.9880239367485046,,False
25619066147,,/evaluator_log,,,0,0,0,0,False,0.4000239670276642,0.09785932302474976,0.9895986318588257,,False
25719076152,,/evaluator_log,,,0,0,0,0,False,0.3900962769985199,0.07788161933422089,0.9887439012527466,,False
25819072471,,/evaluator_log,,,0,0,0,0,False,0.412097692489624,0.09764309972524643,0.9891946315765381,,False
25924080548,,/evaluator_log,,,0,0,0,0,False,0.41707393527030945,0.07301587611436844,0.9889956116676331,,False
26014075313,,/evaluator_log,,,0,0,0,0,False,0.43774616718292236,0.12747524678707123,0.9898956418037415,,False
26124083587,,/evaluator_log,,,0,0,0,0,False,0.4591083228588104,0.03703703731298447,0.9896063208580017,,False
26224086556,,/evaluator_log,,,0,0,0,0,False,0.4570052921772003,0.1111111119389534,0.9914955496788025,,False
26319082062,,/evaluator_log,,,0,0,0,0,False,0.48133355379104614,0.12745098769664764,0.9913873076438904,,False
26419080677,,/evaluator_log,,,0,0,0,0,False,0.4601764380931854,0.08695652335882187,0.9914307594299316,,False
26524085805,,/evaluator_log,,,0,0,0,0,False,0.46227943897247314,0.0873015895485878,0.9915997982025146,,False
26624091788,,/evaluator_log,,,0,0,0,0,False,0.45697304606437683,0.07909604161977768,0.9913614988327026,,False
26719097153,,/evaluator_log,,,0,0,0,0,False,0.46545174717903137,0.09950248152017593,0.9918009042739868,,False
26824096205,,/evaluator_log,,,0,0,0,0,False,0.4480700194835663,0.04975124076008797,0.9917240738868713,,False
26924099284,,/evaluator_log,,,0,0,0,0,False,0.46296724677085876,0.08045976608991623,0.9912354946136475,,False
27024089933,,/evaluator_log,,,0,0,0,0,False,0.46611496806144714,0.1111111119389534,0.9926279783248901,,False
27119101812,,/evaluator_log,,,0,0,0,0,False,0.4722101092338562,0.11261261254549026,0.9924588203430176,,False
27214103259,,/evaluator_log,,,0,0,0,0,False,0.4613102078437805,0.053333330899477005,0.9925972819328308,,False
27324104847,,/evaluator_log,,,0,0,0,0,False,0.4602747857570648,0.0364583320915699,0.9920551776885986,,False
27419106847,,/evaluator_log,,,0,0,0,0,False,0.471877783536911,0.10769230872392654,0.9920458197593689,,False
27519108764,,/evaluator_log,,,0,0,0,0,False,0.48071709275245667,0.14666666090488434,0.9924769997596741,,False
27619100632,,/evaluator_log,,,0,0,0,0,False,0.4614817202091217,0.025641025975346565,0.9924754500389099,,False
27724102621,,/evaluator_log,,,0,0,0,0,False,0.4931494891643524,0.1204819306731224,0.9932416677474976,,False
27814113712,,/evaluator_log,,,0,0,0,0,False,0.4918881058692932,0.11674347519874573,0.9932563900947571,,False
27919110762,,/evaluator_log,,,0,0,0,0,False,0.4926580488681793,0.07999999821186066,0.9931579828262329,,False
28014107603,,/evaluator_log,,,0,0,0,0,False,0.4826717972755432,0.06425702571868896,0.9926940202713013,,False
28119111356,,/evaluator_log,,,0,0,0,0,False,0.4838288724422455,0.06666667014360428,0.9924871325492859,,False
28224113729,,/evaluator_log,,,0,0,0,0,False,0.4926663637161255,0.13476842641830444,0.9933284521102905,,False
28324114634,,/evaluator_log,,,0,0,0,0,False,0.4946046769618988,0.10526315122842789,0.9930455684661865,,False
28419117241,,/evaluator_log,,,0,0,0,0,False,0.4960182309150696,0.09345794469118118,0.9927752614021301,,False
28519117965,,/evaluator_log,,,0,0,0,0,False,0.49865469336509705,0.1076388880610466,0.9930312037467957,,False
28619117787,,/evaluator_log,,,0,0,0,0,False,0.5083723068237305,0.09578543901443481,0.9926980137825012,,False
28719125253,,/evaluator_log,,,0,0,0,0,False,0.48965150117874146,0.028735632076859474,0.9932291507720947,,False
28824131492,,/evaluator_log,,,0,0,0,0,False,0.49478599429130554,0.03030303120613098,0.9941124320030212,,False
28919127904,,/evaluator_log,,,0,0,0,0,False,0.4904516339302063,0.09259259700775146,0.9922247529029846,,False
29019126880,,/evaluator_log,,,0,0,0,0,False,0.4973035752773285,0.1071428582072258,0.9939159750938416,,False
29124129316,,/evaluator_log,,,0,0,0,0,False,0.5003385543823242,0.15942029654979706,0.9936428070068359,,False
29219129379,,/evaluator_log,,,0,0,0,0,False,0.48747557401657104,0.1190476194024086,0.9939239621162415,,False
29319131977,,/evaluator_log,,,0,0,0,0,False,0.5204021334648132,0.0,0.994884192943573,,False
29419139423,,/evaluator_log,,,0,0,0,0,False,0.5193345546722412,0.0,0.9945171475410461,,False
29519145174,,/evaluator_log,,,0,0,0,0,False,0.5220959782600403,0.0,0.9951618313789368,,False
29619136755,,/evaluator_log,,,0,0,0,0,False,0.5360780954360962,0.0,0.9953465461730957,,False
29719140613,,/evaluator_log,,,0,0,0,0,False,0.53519606590271,0.0,0.9948703646659851,,False
29819143387,,/evaluator_log,,,0,0,0,0,False,0.5282469987869263,0.0,0.994889497756958,,False
29924143436,,/evaluator_log,,,0,0,0,0,False,0.5842770338058472,0.0,0.9947408437728882,,False
30019144601,,/evaluator_log,,,0,0,0,0,False,0.5455870032310486,0.0,0.9955883026123047,,False
30119153953,,/evaluator_log,,,0,0,0,0,False,0.5385004878044128,0.0,0.9952934384346008,,False
30224145951,,/evaluator_log,,,0,0,0,0,False,0.5829612016677856,0.0,0.9953495264053345,,False
30324156679,,/evaluator_log,,,0,0,0,0,False,0.5763334631919861,0.0,0.9947413206100464,,False
30419156013,,/evaluator_log,,,0,0,0,0,False,0.593185305595398,0.0,0.9948140382766724,,False
30519164620,,/evaluator_log,,,0,0,0,0,False,0.5943263173103333,0.0,0.9947230815887451,,False
30629160304,,/evaluator_log,,,0,0,0,0,False,0.5741365551948547,0.0,0.9950323104858398,,False
30719158442,,/evaluator_log,,,0,0,0,0,False,0.5839734077453613,0.0,0.9949407577514648,,False
30814161707,,/evaluator_log,,,0,0,0,0,False,0.580075740814209,0.0,0.9948817491531372,,False
30924166648,,/evaluator_log,,,0,0,0,0,False,0.5701591372489929,0.0,0.9949010610580444,,False
31019163218,,/evaluator_log,,,0,0,0,0,False,0.5756786465644836,0.0,0.9944892525672913,,False
31119164977,,/evaluator_log,,,0,0,0,0,False,0.5718445181846619,0.0,0.9944118857383728,,False
31219173209,,/evaluator_log,,,0,0,0,0,False,0.5283147692680359,0.0,0.9927084445953369,,False
31319176095,,/evaluator_log,,,0,0,0,0,False,0.5678989291191101,0.25,0.9942612648010254,,False
31424178452,,/evaluator_log,,,0,0,0,0,False,0.5463835000991821,0.1428571492433548,0.9948474764823914,,False
31519175190,,/evaluator_log,,,0,0,0,0,False,0.5087789297103882,0.025641025975346565,0.9939217567443848,,False
31619175043,,/evaluator_log,,,0,0,0,0,False,0.5098904371261597,0.04444444552063942,0.9945499897003174,,False
31719174979,,/evaluator_log,,,0,0,0,0,False,0.5231338739395142,0.07407407462596893,0.994123101234436,,False
31819178434,,/evaluator_log,,,0,0,0,0,False,0.5097337961196899,0.1041666641831398,0.9942521452903748,,False
31919187885,,/evaluator_log,,,0,0,0,0,False,0.5512896776199341,0.1071428582072258,0.9952524304389954,,False
32024186495,,/evaluator_log,,,0,0,0,0,False,0.5270325541496277,0.14705882966518402,0.9948630332946777,,False
32124187917,,/evaluator_log,,,0,0,0,0,False,0.5501350164413452,0.1666666716337204,0.9950123429298401,,False
32219181351,,/evaluator_log,,,0,0,0,0,False,0.5309785008430481,0.07894736528396606,0.9945831894874573,,False
32319189062,,/evaluator_log,,,0,0,0,0,False,0.5318971872329712,0.0833333358168602,0.9948235750198364,,False
32424189106,,/evaluator_log,,,0,0,0,0,False,0.5320313572883606,0.10526315867900848,0.9946021437644958,,False
32519191084,,/evaluator_log,,,0,0,0,0,False,0.5030660629272461,0.02380952425301075,0.9946020245552063,,False
32624194597,,/evaluator_log,,,0,0,0,0,False,0.5040271282196045,0.0,0.994784414768219,,False
32719192311,,/evaluator_log,,,0,0,0,0,False,0.5131959319114685,0.029411764815449715,0.9934322834014893,,False
32819195270,,/evaluator_log,,,0,0,0,0,False,0.49294567108154297,0.0,0.9938733577728271,,False
32919205085,,/evaluator_log,,,0,0,0,0,False,0.5086391568183899,0.0625,0.994351327419281,,False
33024200388,,/evaluator_log,,,0,0,0,0,False,0.47110310196876526,0.0,0.9935337901115417,,False
33119209318,,/evaluator_log,,,0,0,0,0,False,0.5119879841804504,0.2943806052207947,0.9935896396636963,,False
33214210383,,/evaluator_log,,,0,0,0,0,False,0.5201823711395264,0.24836601316928864,0.9940519332885742,,False
33319213462,,/evaluator_log,,,0,0,0,0,False,0.5490684509277344,0.23943662643432617,0.9947344660758972,,False
33419206204,,/evaluator_log,,,0,0,0,0,False,0.5579566955566406,0.24242424964904785,0.9946205615997314,,False
33519209089,,/evaluator_log,,,0,0,0,0,False,0.5761139988899231,0.23508770763874054,0.9933344721794128,,False
33624219590,,/evaluator_log,,,0,0,0,0,False,0.5713484883308411,0.23333333432674408,0.9927775263786316,,False
33724212150,,/evaluator_log,,,0,0,0,0,False,0.5449627041816711,0.23024053871631622,0.9925681948661804,,False
33829212960,,/evaluator_log,,,0,0,0,0,False,0.5675346255302429,0.25850340723991394,0.9929013252258301,,False
33919222945,,/evaluator_log,,,0,0,0,0,False,0.5374269485473633,0.24000000953674316,0.9924514889717102,,False
34024216451,,/evaluator_log,,,0,0,0,0,False,0.5433368682861328,0.22006471455097198,0.9922469258308411,,False
34119218358,,/evaluator_log,,,0,0,0,0,False,0.5144083499908447,0.22772276401519775,0.9931147694587708,,False
34224224220,,/evaluator_log,,,0,0,0,0,False,0.5273170471191406,0.20679013431072235,0.9955751299858093,,False
34324225429,,/evaluator_log,,,0,0,0,0,False,0.5121737718582153,0.23148147761821747,0.9949947595596313,,False
34424226684,,/evaluator_log,,,0,0,0,0,False,0.45792365074157715,0.17105263471603394,0.994172990322113,,False
34519229215,,/evaluator_log,,,0,0,0,0,False,0.477876216173172,0.24074073135852814,0.9935929775238037,,False
34629234392,,/evaluator_log,,,0,0,0,0,False,0.45649534463882446,0.17391304671764374,0.9935153722763062,,False
34724254617,,/evaluator_log,,,0,0,0,0,False,0.47388124465942383,0.22314049303531647,0.992709755897522,,False
34819233266,,/evaluator_log,,,0,0,0,0,False,0.46476486325263977,0.2347826212644577,0.9926539063453674,,False
34919245795,,/evaluator_log,,,0,0,0,0,False,0.4429647624492645,0.20080643892288208,0.9932311177253723,,False
35024247692,,/evaluator_log,,,0,0,0,0,False,0.4373524785041809,0.17975206673145294,0.9929888248443604,,False
35119246426,,/evaluator_log,,,0,0,0,0,False,0.4785790741443634,0.26631230115890503,0.9936375021934509,,False
35224252733,,/evaluator_log,,,0,0,0,0,False,0.5029981136322021,0.2587365508079529,0.9938616752624512,,False
35319243855,,/evaluator_log,,,0,0,0,0,False,0.5475367307662964,0.3816239535808563,0.9938786029815674,,False
35424250871,,/evaluator_log,,,0,0,0,0,False,0.5282065868377686,0.3203798532485962,0.9936147332191467,,False
35519252857,,/evaluator_log,,,0,0,0,0,False,0.5211282968521118,0.38912877440452576,0.9934254884719849,,False
35614246110,,/evaluator_log,,,0,0,0,0,False,0.5533194541931152,0.3243523836135864,0.9936870336532593,,False
35719248410,,/evaluator_log,,,0,0,0,0,False,0.5480636358261108,0.3085213303565979,0.9928820133209229,,False
35819246748,,/evaluator_log,,,0,0,0,0,False,0.562537670135498,0.31800976395606995,0.993365466594696,,False
35919253039,,/evaluator_log,,,0,0,0,0,False,0.5543834567070007,0.3226495683193207,0.9930075407028198,,False
36014261413,,/evaluator_log,,,0,0,0,0,False,0.5701911449432373,0.31193429231643677,0.9928193688392639,,False
36119263191,,/evaluator_log,,,0,0,0,0,False,0.6049667000770569,0.44422340393066406,0.9932119250297546,,False
36219265081,,/evaluator_log,,,0,0,0,0,False,0.5628147125244141,0.4435185194015503,0.9928180575370789,,False
36319258664,,/evaluator_log,,,0,0,0,0,False,0.5406023859977722,0.3253968358039856,0.993168294429779,,False
36419260751,,/evaluator_log,,,0,0,0,0,False,0.556297242641449,0.29760199785232544,0.9936187267303467,,False
36519262807,,/evaluator_log,,,0,0,0,0,False,0.5104354619979858,0.31945914030075073,0.9937096238136292,,False
36619272855,,/evaluator_log,,,0,0,0,0,False,0.5753577947616577,0.39737358689308167,0.9932585954666138,,False
36719268430,,/evaluator_log,,,0,0,0,0,False,0.5575599074363708,0.3745059072971344,0.9934988021850586,,False
36819268891,,/evaluator_log,,,0,0,0,0,False,0.5456175804138184,0.300539493560791,0.9938331842422485,,False
36919277709,,/evaluator_log,,,0,0,0,0,False,0.5470929741859436,0.2795153260231018,0.9933990240097046,,False
37024274621,,/evaluator_log,,,0,0,0,0,False,0.5506752133369446,0.2608904242515564,0.9929847717285156,,False
37119274028,,/evaluator_log,,,0,0,0,0,False,0.5931599736213684,0.3513889014720917,0.9933596849441528,,False
37224279117,,/evaluator_log,,,0,0,0,0,False,0.5996935963630676,0.3311965763568878,0.9932239055633545,,False
37324286033,,/evaluator_log,,,0,0,0,0,False,0.6017958521842957,0.3385142385959625,0.9934102892875671,,False
37419279795,,/evaluator_log,,,0,0,0,0,False,0.5748628377914429,0.2826698422431946,0.9932941794395447,,False
37519297248,,/evaluator_log,,,0,0,0,0,False,0.5708615183830261,0.25627386569976807,0.9931033253669739,,False
37624283098,,/evaluator_log,,,0,0,0,0,False,0.5614901781082153,0.24455541372299194,0.992089033126831,,False
37724288498,,/evaluator_log,,,0,0,0,0,False,0.6226552724838257,0.39418959617614746,0.9927964210510254,,False
37819292140,,/evaluator_log,,,0,0,0,0,False,0.5775079727172852,0.4116809368133545,0.9933183789253235,,False
37924289105,,/evaluator_log,,,0,0,0,0,False,0.56048184633255,0.2782961130142212,0.9931642413139343,,False
38019295526,,/evaluator_log,,,0,0,0,0,False,0.5819438099861145,0.35034918785095215,0.993105947971344,,False
38124301140,,/evaluator_log,,,0,0,0,0,False,0.5834172964096069,0.333890825510025,0.9936107993125916,,False
38214299205,,/evaluator_log,,,0,0,0,0,False,0.6206343173980713,0.46052277088165283,0.9928357005119324,,False
38324316066,,/evaluator_log,,,0,0,0,0,False,0.5905721187591553,0.3837599456310272,0.993229329586029,,False
38419303435,,/evaluator_log,,,0,0,0,0,False,0.5722249746322632,0.3621915876865387,0.9927949905395508,,False
38524301944,,/evaluator_log,,,0,0,0,0,False,0.5732762217521667,0.3479352295398712,0.9921484589576721,,False
38624310104,,/evaluator_log,,,0,0,0,0,False,0.602047324180603,0.4635019302368164,0.992807924747467,,False
38724311291,,/evaluator_log,,,0,0,0,0,False,0.5591787695884705,0.3496907651424408,0.9929781556129456,,False
38824304417,,/evaluator_log,,,0,0,0,0,False,0.5478371381759644,0.32198566198349,0.9921675324440002,,False
38919314897,,/evaluator_log,,,0,0,0,0,False,0.5559725761413574,0.2922505736351013,0.9927759766578674,,False
39019317844,,/evaluator_log,,,0,0,0,0,False,0.5788267254829407,0.3516865074634552,0.9931321740150452,,False
39119318435,,/evaluator_log,,,0,0,0,0,False,0.5443630218505859,0.2503097653388977,0.9926756024360657,,False
39219320024,,/evaluator_log,,,0,0,0,0,False,0.5337040424346924,0.22510822117328644,0.9932789206504822,,False
39319321929,,/evaluator_log,,,0,0,0,0,False,0.5551297068595886,0.23553720116615295,0.9930676817893982,,False
39419313736,,/evaluator_log,,,0,0,0,0,False,0.558926522731781,0.289186954498291,0.9925028681755066,,False
39524320319,,/evaluator_log,,,0,0,0,0,False,0.575542688369751,0.3608871102333069,0.9930106997489929,,False
39624321225,,/evaluator_log,,,0,0,0,0,False,0.5568789839744568,0.347897469997406,0.9925040006637573,,False
39719324254,,/evaluator_log,,,0,0,0,0,False,0.5214629173278809,0.2734557092189789,0.9919822812080383,,False
39819329192,,/evaluator_log,,,0,0,0,0,False,0.5198938250541687,0.2594919800758362,0.9914956092834473,,False
39924329220,,/evaluator_log,,,0,0,0,0,False,0.5151317715644836,0.2907075881958008,0.9918203353881836,,False