timestamp,scenario,source,rule_name,strategy_name,strategy_hash,strategy_status,adaptation_type,adaptation_status,success,iou,vehicle_iou,road_iou,gt_failure_name,is_gt_failure
183513019,,/evaluator_log,,,0,0,0,0,False,0.5758379697799683,0.596036434173584,0.9657858610153198,,False
313513430,,/evaluator_log,,,0,0,0,0,False,0.567213237285614,0.5685916543006897,0.9673824310302734,,False
328513800,,/evaluator_log,,,0,0,0,0,False,0.5454676747322083,0.4455137252807617,0.9673227667808533,,False
423517407,,/evaluator_log,,,0,0,0,0,False,0.5193779468536377,0.28688523173332214,0.9692474603652954,,False
523527246,,/evaluator_log,,,0,0,0,0,False,0.5201601386070251,0.44179895520210266,0.9694640040397644,,False
618518971,,/evaluator_log,,,0,0,0,0,False,0.532633364200592,0.9237056970596313,0.9684301614761353,,False
728532195,,/evaluator_log,,,0,0,0,0,False,0.5085535645484924,0.897172212600708,0.9674443602561951,,False
818529628,,/evaluator_log,,,0,0,0,0,False,0.48409977555274963,0.45049506425857544,0.9702792167663574,,False
923533027,,/evaluator_log,,,0,0,0,0,False,0.4939456582069397,0.917475700378418,0.9670359492301941,,False
1003538563,_006,scenario_executor,,,0,0,0,0,False,0.0,0.0,0.0,do_hard_drop_segmentation,False
1003538563,_006,scenario_executor,,,0,0,0,0,False,0.0,0.0,0.0,image_shift,False
1003538563,_006,scenario_executor,,,0,0,0,0,False,0.0,0.0,0.0,autofocus_needed,False
1023530281,,/evaluator_log,,,0,0,0,0,False,0.4771357774734497,0.9146919250488281,0.9674641489982605,,False
1123532913,,/evaluator_log,,,0,0,0,0,False,0.48493415117263794,0.9044288992881775,0.9686749577522278,,False
1223539191,,/evaluator_log,,,0,0,0,0,False,0.48416459560394287,0.898004412651062,0.9655604362487793,,False
1323544417,,/evaluator_log,,,0,0,0,0,False,0.21249641478061676,0.39464882016181946,0.17114415764808655,,False
1428542549,,/evaluator_log,,,0,0,0,0,False,0.2052735984325409,0.23263327777385712,0.16887740790843964,,False
1803547387,,analyzer,AutoFocusNeeded,,0,0,0,0,False,0.0,0.0,0.0,,False
1803547387,,analyzer,SegmentationBad,,0,0,0,0,False,0.0,0.0,0.0,,False
1808546653,,planning,SegmentationBad,recalibration,12522202132277569776,1,0,0,False,0.0,0.0,0.0,,False
1808546653,,planning,AutoFocusNeeded,autofocus_strategy,18274997830408420195,1,0,0,False,0.0,0.0,0.0,,False
1808546653,,execution_parametrization,,,0,0,0,1,False,0.0,0.0,0.0,,False
1808546653,,execution_parametrization,,,0,0,0,1,False,0.0,0.0,0.0,,False
2203559977,,analyzer,AutoFocusNeeded,autofocus_strategy,18274997830408420195,3,0,0,True,0.0,0.0,0.0,,False
2608570857,,execution_parametrization,,,0,0,0,3,True,0.0,0.0,0.0,,False
2608570857,,execution_parametrization,,,0,0,0,3,True,0.0,0.0,0.0,,False
3408591461,,analyzer,SegmentationBad,recalibration,12522202132277569776,4,0,0,False,0.0,0.0,0.0,,False
3413591661,,planning,SegmentationBad,enhancement_deactivate,18219604205592285671,1,0,0,False,0.0,0.0,0.0,,False
3413591661,,execution_lifecycle_change,,,0,0,0,1,False,0.0,0.0,0.0,,False
3413591661,,execution_comm_change,,,0,0,5,1,False,0.0,0.0,0.0,,False
3813600575,,execution_lifecycle_change,,,0,0,0,3,False,0.0,0.0,0.0,,False
4613612303,,execution_comm_change,,,0,0,0,3,True,0.0,0.0,0.0,,False
5408633658,,analyzer,SegmentationBad,enhancement_deactivate,18219604205592285671,4,0,0,False,0.0,0.0,0.0,,False
5413636076,,planning,SegmentationBad,enhancement_activate,8888226150480900823,1,0,0,False,0.0,0.0,0.0,,False
5413636076,,execution_lifecycle_change,,,0,0,0,1,False,0.0,0.0,0.0,,False
5413636076,,execution_comm_change,,,0,0,5,1,False,0.0,0.0,0.0,,False
5808639869,,analyzer,SegmentationDead,,0,0,0,0,False,0.0,0.0,0.0,,False
5813634244,,planning,SegmentationDead,segmentation_restart,3804427162940246793,1,0,0,False,0.0,0.0,0.0,,False
5813634244,,execution_lifecycle_change,,,0,0,0,3,True,0.0,0.0,0.0,,False
5813634244,,execution_comm_change,,,0,0,0,3,True,0.0,0.0,0.0,,False
6213653565,,execution_lifecycle_change,,,0,0,0,1,False,0.0,0.0,0.0,,False
6613651234,,execution_lifecycle_change,,,0,0,0,3,True,0.0,0.0,0.0,,False
8608700892,,analyzer,SegmentationBad,enhancement_activate,8888226150480900823,4,0,0,False,0.0,0.0,0.0,,False
11008762489,,analyzer,SegmentationDead,segmentation_restart,3804427162940246793,4,0,0,False,0.0,0.0,0.0,,False
11013760428,,planning,SegmentationDead,segmentation_redeploy,4862303032868966723,1,0,0,False,0.0,0.0,0.0,,False
11013760428,,execution_redeploy,,,0,0,4,1,False,0.0,0.0,0.0,,False
11413768278,,execution_redeploy,,,0,0,0,3,True,0.0,0.0,0.0,,False
12698796051,,/evaluator_log,,,0,0,0,0,False,0.2866479456424713,0.11101328581571579,0.2864185571670532,,False
12723791237,,/evaluator_log,,,0,0,0,0,False,0.2613915801048279,0.0849778950214386,0.2666327655315399,,False
12743789748,,/evaluator_log,,,0,0,0,0,False,0.24766390025615692,0.05545825883746147,0.2806650996208191,,False
12768788131,,/evaluator_log,,,0,0,0,0,False,0.2937546372413635,0.08875339478254318,0.2681804895401001,,False
12788791775,,/evaluator_log,,,0,0,0,0,False,0.3054454028606415,0.17667193710803986,0.2965863347053528,,False
12823792612,,/evaluator_log,,,0,0,0,0,False,0.30283698439598083,0.2726726830005646,0.2666666805744171,,False
12923793810,,/evaluator_log,,,0,0,0,0,False,0.25852400064468384,0.10996705293655396,0.3061743974685669,,False
13018805911,,/evaluator_log,,,0,0,0,0,False,0.2753037214279175,0.20214134454727173,0.3433133661746979,,False
13008798458,,analyzer,SegmentationDead,segmentation_redeploy,4862303032868966723,3,0,0,True,0.0,0.0,0.0,,False
13123798012,,/evaluator_log,,,0,0,0,0,False,0.26162686944007874,0.15832345187664032,0.32349851727485657,,False
13218801495,,/evaluator_log,,,0,0,0,0,False,0.26849791407585144,0.21834611892700195,0.3014674782752991,,False
13323802654,,/evaluator_log,,,0,0,0,0,False,0.2429094910621643,0.11855792254209518,0.37595754861831665,,False
13418805800,,/evaluator_log,,,0,0,0,0,False,0.23781554400920868,0.05913496017456055,0.3875593841075897,,False
13523810203,,/evaluator_log,,,0,0,0,0,False,0.2641024589538574,0.1725875735282898,0.40543311834335327,,False
13623811676,,/evaluator_log,,,0,0,0,0,False,0.22697466611862183,0.11261502653360367,0.4112432301044464,,False
13728818149,,/evaluator_log,,,0,0,0,0,False,0.22022899985313416,0.05930572748184204,0.36833131313323975,,False
13823815657,,/evaluator_log,,,0,0,0,0,False,0.20392723381519318,0.07658498734235764,0.3481955826282501,,False
13923831196,,/evaluator_log,,,0,0,0,0,False,0.20848871767520905,0.0625,0.4326898753643036,,False
14023818301,,/evaluator_log,,,0,0,0,0,False,0.1849125325679779,0.0,0.41087305545806885,,False
14128822927,,/evaluator_log,,,0,0,0,0,False,0.20638114213943481,0.0,0.40907061100006104,,False
14223827527,,/evaluator_log,,,0,0,0,0,False,0.247381791472435,0.18308080732822418,0.42104557156562805,,False
14318824278,,/evaluator_log,,,0,0,0,0,False,0.2362765669822693,0.1230769231915474,0.4318696856498718,,False
14418829171,,/evaluator_log,,,0,0,0,0,False,0.23312237858772278,0.10664335638284683,0.43356403708457947,,False
14523828620,,/evaluator_log,,,0,0,0,0,False,0.23485136032104492,0.1364942491054535,0.394295871257782,,False
14623838883,,/evaluator_log,,,0,0,0,0,False,0.21995007991790771,0.10638298094272614,0.4305243194103241,,False
14723840963,,/evaluator_log,,,0,0,0,0,False,0.2416868507862091,0.1560606062412262,0.43082326650619507,,False
14828833092,,/evaluator_log,,,0,0,0,0,False,0.2629483640193939,0.1735074669122696,0.4338251054286957,,False
14923853073,,/evaluator_log,,,0,0,0,0,False,0.23983627557754517,0.1354166716337204,0.42816445231437683,,False
15018847866,,/evaluator_log,,,0,0,0,0,False,0.23305828869342804,0.11734694242477417,0.4148976504802704,,False
15118844074,,/evaluator_log,,,0,0,0,0,False,0.20926330983638763,0.05734265595674515,0.3764484226703644,,False
15223844230,,/evaluator_log,,,0,0,0,0,False,0.21110929548740387,0.00657894741743803,0.41246023774147034,,False
15323853480,,/evaluator_log,,,0,0,0,0,False,0.19671054184436798,0.0,0.3679130971431732,,False
15423856629,,/evaluator_log,,,0,0,0,0,False,0.19580808281898499,0.0,0.372483491897583,,False
15533869384,,/evaluator_log,,,0,0,0,0,False,0.19573399424552917,0.0,0.3895202577114105,,False
15628868213,,/evaluator_log,,,0,0,0,0,False,0.18480148911476135,0.0,0.32939496636390686,,False
15728872030,,/evaluator_log,,,0,0,0,0,False,0.1866307258605957,0.0,0.3362489342689514,,False
15818859025,,/evaluator_log,,,0,0,0,0,False,0.18168023228645325,0.0,0.3984195291996002,,False
15923859459,,/evaluator_log,,,0,0,0,0,False,0.17771916091442108,0.0,0.3423205316066742,,False
16018858637,,/evaluator_log,,,0,0,0,0,False,0.18019498884677887,0.0,0.37668904662132263,,False
16128870984,,/evaluator_log,,,0,0,0,0,False,0.18955744802951813,0.0,0.4020121097564697,,False
16218868918,,/evaluator_log,,,0,0,0,0,False,0.18563272058963776,0.0,0.3777565658092499,,False
16328876499,,/evaluator_log,,,0,0,0,0,False,0.18299010396003723,0.0,0.37208250164985657,,False
16423878628,,/evaluator_log,,,0,0,0,0,False,0.18139111995697021,0.0,0.3512590825557709,,False
16523880742,,/evaluator_log,,,0,0,0,0,False,0.17230863869190216,0.0,0.38298121094703674,,False
16623882992,,/evaluator_log,,,0,0,0,0,False,0.1655612587928772,0.0,0.34815093874931335,,False
16723885264,,/evaluator_log,,,0,0,0,0,False,0.1679670512676239,0.021164022386074066,0.3853774070739746,,False
16818881945,,/evaluator_log,,,0,0,0,0,False,0.1723776012659073,0.0,0.41746389865875244,,False
16923884480,,/evaluator_log,,,0,0,0,0,False,0.1965407431125641,0.06538461148738861,0.40701597929000854,,False
17023882712,,/evaluator_log,,,0,0,0,0,False,0.19378376007080078,0.04722221940755844,0.39436253905296326,,False
17123893824,,/evaluator_log,,,0,0,0,0,False,0.16176307201385498,0.0451977401971817,0.3849717080593109,,False
17223891311,,/evaluator_log,,,0,0,0,0,False,0.16553150117397308,0.047979798167943954,0.42220574617385864,,False
17323892773,,/evaluator_log,,,0,0,0,0,False,0.1597636491060257,0.02446483075618744,0.39369240403175354,,False
17423892602,,/evaluator_log,,,0,0,0,0,False,0.16588716208934784,0.03030303120613098,0.4302053451538086,,False
17523898117,,/evaluator_log,,,0,0,0,0,False,0.17005586624145508,0.012121212668716908,0.42825785279273987,,False
17618896445,,/evaluator_log,,,0,0,0,0,False,0.1658262461423874,0.03125,0.449198454618454,,False
17723900697,,/evaluator_log,,,0,0,0,0,False,0.17288203537464142,0.02708333358168602,0.443179726600647,,False
17823906066,,/evaluator_log,,,0,0,0,0,False,0.18105286359786987,0.0677083358168602,0.45413291454315186,,False
17923906971,,/evaluator_log,,,0,0,0,0,False,0.17153064906597137,0.029411764815449715,0.42867201566696167,,False
18023909626,,/evaluator_log,,,0,0,0,0,False,0.16017313301563263,0.0,0.4087524712085724,,False
18123910176,,/evaluator_log,,,0,0,0,0,False,0.1593656688928604,0.0,0.42640557885169983,,False
18223913607,,/evaluator_log,,,0,0,0,0,False,0.17038126289844513,0.0,0.4072040617465973,,False
18323915579,,/evaluator_log,,,0,0,0,0,False,0.15911409258842468,0.0,0.3805382251739502,,False
18423923003,,/evaluator_log,,,0,0,0,0,False,0.16057968139648438,0.0,0.3696214556694031,,False
18523925059,,/evaluator_log,,,0,0,0,0,False,0.15053661167621613,0.0,0.36121049523353577,,False
18623928421,,/evaluator_log,,,0,0,0,0,False,0.1543123573064804,0.0,0.35197126865386963,,False
18723933053,,/evaluator_log,,,0,0,0,0,False,0.1501520425081253,0.0,0.32424765825271606,,False
18823932265,,/evaluator_log,,,0,0,0,0,False,0.14715099334716797,0.0,0.32893654704093933,,False
18923928721,,/evaluator_log,,,0,0,0,0,False,0.1637682318687439,0.031111111864447594,0.30221450328826904,,False
19023930896,,/evaluator_log,,,0,0,0,0,False,0.15154299139976501,0.0,0.2830369770526886,,False
19123934148,,/evaluator_log,,,0,0,0,0,False,0.1440064013004303,0.0,0.2894948124885559,,False
19223935663,,/evaluator_log,,,0,0,0,0,False,0.16022874414920807,0.024390242993831635,0.30274420976638794,,False
19323944284,,/evaluator_log,,,0,0,0,0,False,0.14971570670604706,0.0,0.2765592932701111,,False
19423939634,,/evaluator_log,,,0,0,0,0,False,0.14099586009979248,0.0,0.2721313536167145,,False
19523939307,,/evaluator_log,,,0,0,0,0,False,0.15453507006168365,0.014905150048434734,0.24375203251838684,,False
19618949577,,/evaluator_log,,,0,0,0,0,False,0.15668445825576782,0.02380952425301075,0.2533608675003052,,False
19723946755,,/evaluator_log,,,0,0,0,0,False,0.15938903391361237,0.01904761977493763,0.24297797679901123,,False
19823948846,,/evaluator_log,,,0,0,0,0,False,0.15233910083770752,0.016339870169758797,0.23108796775341034,,False
19923955868,,/evaluator_log,,,0,0,0,0,False,0.1637769192457199,0.007692308165132999,0.257680207490921,,False
20018951670,,/evaluator_log,,,0,0,0,0,False,0.15060751140117645,0.0036764706019312143,0.2739836573600769,,False
20123955457,,/evaluator_log,,,0,0,0,0,False,0.15016309916973114,0.01962149329483509,0.2543465793132782,,False
20218952915,,/evaluator_log,,,0,0,0,0,False,0.15353095531463623,0.0017361111240461469,0.2475687712430954,,False
20323973472,,/evaluator_log,,,0,0,0,0,False,0.166706383228302,0.007692308165132999,0.2660292685031891,,False
20423973702,,/evaluator_log,,,0,0,0,0,False,0.15603895485401154,0.02654782496392727,0.2809934914112091,,False
20523963856,,/evaluator_log,,,0,0,0,0,False,0.1697455793619156,0.007017544005066156,0.26836100220680237,,False
20623973010,,/evaluator_log,,,0,0,0,0,False,0.18218882381916046,0.0381944440305233,0.30076056718826294,,False
20723973594,,/evaluator_log,,,0,0,0,0,False,0.17533376812934875,0.012903225608170033,0.2853887677192688,,False
20823970920,,/evaluator_log,,,0,0,0,0,False,0.1697699874639511,0.002555910497903824,0.3079662621021271,,False
20923972341,,/evaluator_log,,,0,0,0,0,False,0.1657969057559967,0.015428377315402031,0.2937189042568207,,False
21018973572,,/evaluator_log,,,0,0,0,0,False,0.17580045759677887,0.019736841320991516,0.2934155762195587,,False
21123976884,,/evaluator_log,,,0,0,0,0,False,0.1610795110464096,0.0022675737272948027,0.29044079780578613,,False
21223981517,,/evaluator_log,,,0,0,0,0,False,0.1759551614522934,0.021978024393320084,0.3287046551704407,,False
21323980719,,/evaluator_log,,,0,0,0,0,False,0.16839313507080078,0.007692308165132999,0.3380879759788513,,False
21423987972,,/evaluator_log,,,0,0,0,0,False,0.18613415956497192,0.017985612154006958,0.330573171377182,,False
21523992671,,/evaluator_log,,,0,0,0,0,False,0.17500464618206024,0.008538317866623402,0.33587339520454407,,False
21623987492,,/evaluator_log,,,0,0,0,0,False,0.18518489599227905,0.01525423675775528,0.34849750995635986,,False
21723995799,,/evaluator_log,,,0,0,0,0,False,0.18220005929470062,0.02639344334602356,0.3356657922267914,,False
21823995907,,/evaluator_log,,,0,0,0,0,False,0.1723814308643341,0.0014880952658131719,0.3266485035419464,,False
21923991526,,/evaluator_log,,,0,0,0,0,False,0.17894455790519714,0.019048767164349556,0.3094846308231354,,False
22029002511,,/evaluator_log,,,0,0,0,0,False,0.17153403162956238,0.0010362693574279547,0.32885536551475525,,False
22123996161,,/evaluator_log,,,0,0,0,0,False,0.18549004197120667,0.03479116037487984,0.3363550007343292,,False
22219002529,,/evaluator_log,,,0,0,0,0,False,0.16696760058403015,0.0,0.3186023235321045,,False
22329013178,,/evaluator_log,,,0,0,0,0,False,0.16298292577266693,0.012298278510570526,0.3369969129562378,,False
22424002314,,/evaluator_log,,,0,0,0,0,False,0.18788659572601318,0.009615384973585606,0.3324308395385742,,False
22529003056,,/evaluator_log,,,0,0,0,0,False,0.16847078502178192,0.00685714278370142,0.3279378116130829,,False
22624013915,,/evaluator_log,,,0,0,0,0,False,0.19409286975860596,0.03993365913629532,0.3432560861110687,,False
22724007939,,/evaluator_log,,,0,0,0,0,False,0.17652882635593414,0.031465236097574234,0.3748534023761749,,False
22819010802,,/evaluator_log,,,0,0,0,0,False,0.17321337759494781,0.0045731705613434315,0.3625982999801636,,False
22924013553,,/evaluator_log,,,0,0,0,0,False,0.17616628110408783,0.008196720853447914,0.3657155930995941,,False
23024024856,,/evaluator_log,,,0,0,0,0,False,0.17579619586467743,0.0026315790601074696,0.3648570775985718,,False
23124026601,,/evaluator_log,,,0,0,0,0,False,0.17706432938575745,0.016129031777381897,0.32705581188201904,,False
23224028951,,/evaluator_log,,,0,0,0,0,False,0.18438586592674255,0.0069444444961845875,0.3311024010181427,,False
23324039440,,/evaluator_log,,,0,0,0,0,False,0.17826339602470398,0.003816793905571103,0.32187703251838684,,False
23419032112,,/evaluator_log,,,0,0,0,0,False,0.17780785262584686,0.0,0.311852365732193,,False
23524028352,,/evaluator_log,,,0,0,0,0,False,0.169499471783638,0.0,0.3028610348701477,,False
23624038969,,/evaluator_log,,,0,0,0,0,False,0.1697080284357071,0.0,0.2809664309024811,,False
23724040342,,/evaluator_log,,,0,0,0,0,False,0.17639899253845215,0.0,0.26546764373779297,,False
23819032164,,/evaluator_log,,,0,0,0,0,False,0.1807418018579483,0.0,0.26333677768707275,,False
23924043791,,/evaluator_log,,,0,0,0,0,False,0.1785174012184143,0.0071428571827709675,0.23436875641345978,,False
24024047253,,/evaluator_log,,,0,0,0,0,False,0.17813585698604584,0.0,0.26129764318466187,,False
24124049334,,/evaluator_log,,,0,0,0,0,False,0.18057920038700104,0.005194805096834898,0.23886454105377197,,False
24224048834,,/evaluator_log,,,0,0,0,0,False,0.17040836811065674,0.01185185182839632,0.2600364089012146,,False
24319047490,,/evaluator_log,,,0,0,0,0,False,0.16163843870162964,0.0,0.26779571175575256,,False
24424052344,,/evaluator_log,,,0,0,0,0,False,0.1669239103794098,0.0033333334140479565,0.2946734130382538,,False
24519051780,,/evaluator_log,,,0,0,0,0,False,0.17291858792304993,0.0,0.3113196790218353,,False
24624052173,,/evaluator_log,,,0,0,0,0,False,0.17363214492797852,0.0,0.3058108985424042,,False
24724051530,,/evaluator_log,,,0,0,0,0,False,0.17319293320178986,0.0,0.28025689721107483,,False
24824065788,,/evaluator_log,,,0,0,0,0,False,0.1728304922580719,0.0,0.27765747904777527,,False
24924059880,,/evaluator_log,,,0,0,0,0,False,0.17605191469192505,0.0,0.26738297939300537,,False
25024069425,,/evaluator_log,,,0,0,0,0,False,0.1891729086637497,0.03455882519483566,0.2744682729244232,,False
25124060277,,/evaluator_log,,,0,0,0,0,False,0.1759137511253357,0.010638297535479069,0.2696860432624817,,False
25224068204,,/evaluator_log,,,0,0,0,0,False,0.18088366091251373,0.018421052023768425,0.26928094029426575,,False
25324066015,,/evaluator_log,,,0,0,0,0,False,0.1787739247083664,0.010309278033673763,0.2859465479850769,,False
25424073166,,/evaluator_log,,,0,0,0,0,False,0.1570015698671341,0.02223396860063076,0.2738484740257263,,False
25524078781,,/evaluator_log,,,0,0,0,0,False,0.16148243844509125,0.005747126415371895,0.2749176621437073,,False
25624076144,,/evaluator_log,,,0,0,0,0,False,0.16415230929851532,0.0,0.28518277406692505,,False
25724077687,,/evaluator_log,,,0,0,0,0,False,0.16635318100452423,0.025641025975346565,0.2458096742630005,,False
25824085785,,/evaluator_log,,,0,0,0,0,False,0.1920720636844635,0.01617647148668766,0.2602281868457794,,False
25924091220,,/evaluator_log,,,0,0,0,0,False,0.1865951269865036,0.02413793094456196,0.26387181878089905,,False
26024089747,,/evaluator_log,,,0,0,0,0,False,0.19030892848968506,0.0393209233880043,0.2637336552143097,,False
26124094049,,/evaluator_log,,,0,0,0,0,False,0.1973840743303299,0.011827956885099411,0.254013329744339,,False
26224097137,,/evaluator_log,,,0,0,0,0,False,0.18971660733222961,0.004428044427186251,0.2843494415283203,,False
26324089855,,/evaluator_log,,,0,0,0,0,False,0.2020893394947052,0.016413792967796326,0.29362761974334717,,False
26429099802,,/evaluator_log,,,0,0,0,0,False,0.21018533408641815,0.014285714365541935,0.26856061816215515,,False
26524099511,,/evaluator_log,,,0,0,0,0,False,0.19963011145591736,0.01316872425377369,0.3022795617580414,,False
26629105366,,/evaluator_log,,,0,0,0,0,False,0.17347881197929382,0.004975124262273312,0.2922748625278473,,False
26724107095,,/evaluator_log,,,0,0,0,0,False,0.20227594673633575,0.012903225608170033,0.3073285222053528,,False
26824102971,,/evaluator_log,,,0,0,0,0,False,0.19024351239204407,0.0058823530562222,0.3036268949508667,,False
26924111104,,/evaluator_log,,,0,0,0,0,False,0.19949817657470703,0.012612612918019295,0.2907674014568329,,False
27024114672,,/evaluator_log,,,0,0,0,0,False,0.18948806822299957,0.0057416269555687904,0.30386683344841003,,False
27124116856,,/evaluator_log,,,0,0,0,0,False,0.19289645552635193,0.0058823530562222,0.32127872109413147,,False
27224118741,,/evaluator_log,,,0,0,0,0,False,0.19317036867141724,0.0009433962404727936,0.315438449382782,,False
27329114599,,/evaluator_log,,,0,0,0,0,False,0.2043730467557907,0.011299435049295425,0.2903103232383728,,False
27419114553,,/evaluator_log,,,0,0,0,0,False,0.2117408812046051,0.009665427729487419,0.29836514592170715,,False
27524115773,,/evaluator_log,,,0,0,0,0,False,0.2107892483472824,0.006097561214119196,0.31824973225593567,,False
27624127241,,/evaluator_log,,,0,0,0,0,False,0.19669657945632935,0.005162241868674755,0.31464675068855286,,False
27719117822,,/evaluator_log,,,0,0,0,0,False,0.21468868851661682,0.002247191034257412,0.30364471673965454,,False
27824131747,,/evaluator_log,,,0,0,0,0,False,0.20830687880516052,0.0017301038606092334,0.3335529863834381,,False
27924123622,,/evaluator_log,,,0,0,0,0,False,0.2081201672554016,0.000550055003259331,0.3109482526779175,,False
28024127104,,/evaluator_log,,,0,0,0,0,False,0.21616700291633606,0.005361930467188358,0.28506147861480713,,False
28124130299,,/evaluator_log,,,0,0,0,0,False,0.21565623581409454,0.009003215469419956,0.28040990233421326,,False
28224139497,,/evaluator_log,,,0,0,0,0,False,0.22648124396800995,0.015700483694672585,0.28491324186325073,,False
28324142489,,/evaluator_log,,,0,0,0,0,False,0.21698661148548126,0.015853658318519592,0.2717757821083069,,False
28424144598,,/evaluator_log,,,0,0,0,0,False,0.23618893325328827,0.02182539738714695,0.2801501452922821,,False
28524137028,,/evaluator_log,,,0,0,0,0,False,0.2251652032136917,0.014414414763450623,0.28584909439086914,,False
28624149000,,/evaluator_log,,,0,0,0,0,False,0.20062214136123657,0.006741573102772236,0.28416261076927185,,False
28724159205,,/evaluator_log,,,0,0,0,0,False,0.22159521281719208,0.005181347019970417,0.27624961733818054,,False
28824159899,,/evaluator_log,,,0,0,0,0,False,0.2152787446975708,0.004429134074598551,0.2807597815990448,,False
28924155639,,/evaluator_log,,,0,0,0,0,False,0.2141757309436798,0.0021367522422224283,0.27675315737724304,,False
29019167212,,/evaluator_log,,,0,0,0,0,False,0.23275251686573029,0.012560387142002583,0.27970820665359497,,False
29119156542,,/evaluator_log,,,0,0,0,0,False,0.20740671455860138,0.004830917809158564,0.2802760899066925,,False
29224157230,,/evaluator_log,,,0,0,0,0,False,0.21403691172599792,0.0005509642069227993,0.2812027633190155,,False
29324157233,,/evaluator_log,,,0,0,0,0,False,0.21885915100574493,0.0,0.28255075216293335,,False
29424166994,,/evaluator_log,,,0,0,0,0,False,0.24521231651306152,0.007092198356986046,0.28362900018692017,,False
29524171267,,/evaluator_log,,,0,0,0,0,False,0.2194426953792572,0.0008650519303046167,0.29425743222236633,,False
29624181026,,/evaluator_log,,,0,0,0,0,False,0.23369117081165314,0.0,0.30177947878837585,,False
29724167801,,/evaluator_log,,,0,0,0,0,False,0.23566417396068573,0.0016750418581068516,0.3046084940433502,,False
29824171268,,/evaluator_log,,,0,0,0,0,False,0.23064370453357697,0.0117647061124444,0.29803380370140076,,False
29924171359,,/evaluator_log,,,0,0,0,0,False,0.26349925994873047,0.0,0.3051205277442932,,False
30024174894,,/evaluator_log,,,0,0,0,0,False,0.21362066268920898,0.0,0.2933030426502228,,False
30124184830,,/evaluator_log,,,0,0,0,0,False,0.2227688729763031,0.0,0.28730425238609314,,False
30224192900,,/evaluator_log,,,0,0,0,0,False,0.24557897448539734,0.0,0.2806316614151001,,False
30324180727,,/evaluator_log,,,0,0,0,0,False,0.23567984998226166,0.0,0.2933237850666046,,False
30424188759,,/evaluator_log,,,0,0,0,0,False,0.2356010228395462,0.0,0.292607843875885,,False
30524181428,,/evaluator_log,,,0,0,0,0,False,0.23472554981708527,0.0,0.29532963037490845,,False
30619184147,,/evaluator_log,,,0,0,0,0,False,0.22915448248386383,0.0,0.2960107922554016,,False
30724190467,,/evaluator_log,,,0,0,0,0,False,0.23240402340888977,0.0,0.2913619875907898,,False
30824219327,,/evaluator_log,,,0,0,0,0,False,0.2192993462085724,0.0,0.29743221402168274,,False
30929201607,,/evaluator_log,,,0,0,0,0,False,0.21930614113807678,0.0,0.28735142946243286,,False
31024205351,,/evaluator_log,,,0,0,0,0,False,0.2394024282693863,0.0,0.2863340973854065,,False
31134210753,,/evaluator_log,,,0,0,0,0,False,0.2006060630083084,0.0,0.2627201974391937,,False
31229214772,,/evaluator_log,,,0,0,0,0,False,0.21563923358917236,0.0,0.2637784481048584,,False
31324210717,,/evaluator_log,,,0,0,0,0,False,0.2124256044626236,0.0,0.2640533447265625,,False
31424207405,,/evaluator_log,,,0,0,0,0,False,0.2188541442155838,0.0,0.2617602050304413,,False
31524211534,,/evaluator_log,,,0,0,0,0,False,0.19899222254753113,0.0,0.2681928277015686,,False
31619212759,,/evaluator_log,,,0,0,0,0,False,0.18959283828735352,0.0,0.25147944688796997,,False
31719210574,,/evaluator_log,,,0,0,0,0,False,0.1897982805967331,0.0,0.2540014088153839,,False
31824214087,,/evaluator_log,,,0,0,0,0,False,0.17985592782497406,0.0,0.24767455458641052,,False
31924215240,,/evaluator_log,,,0,0,0,0,False,0.1769675612449646,0.0,0.2500250041484833,,False
32024226061,,/evaluator_log,,,0,0,0,0,False,0.17469479143619537,0.0,0.2427108734846115,,False
32124227514,,/evaluator_log,,,0,0,0,0,False,0.1739698052406311,0.0,0.2389010488986969,,False
32224222793,,/evaluator_log,,,0,0,0,0,False,0.1787317544221878,0.0,0.233865424990654,,False
32324231957,,/evaluator_log,,,0,0,0,0,False,0.17696383595466614,0.0,0.2312133014202118,,False
32429225624,,/evaluator_log,,,0,0,0,0,False,0.18583020567893982,0.0,0.21680738031864166,,False
32524230256,,/evaluator_log,,,0,0,0,0,False,0.17461585998535156,0.0,0.21643251180648804,,False
32619230816,,/evaluator_log,,,0,0,0,0,False,0.18264596164226532,0.0,0.22959651052951813,,False
32729232888,,/evaluator_log,,,0,0,0,0,False,0.17619724571704865,0.0,0.21874259412288666,,False
32824234868,,/evaluator_log,,,0,0,0,0,False,0.17621776461601257,0.0,0.2187643051147461,,False
32924233350,,/evaluator_log,,,0,0,0,0,False,0.16154120862483978,0.0,0.21019390225410461,,False
33024246800,,/evaluator_log,,,0,0,0,0,False,0.17486914992332458,0.011244980618357658,0.21645410358905792,,False
33129239022,,/evaluator_log,,,0,0,0,0,False,0.16288495063781738,0.004203039221465588,0.20080256462097168,,False
33229243920,,/evaluator_log,,,0,0,0,0,False,0.17567399144172668,0.0038105605635792017,0.20156891644001007,,False
33324264391,,/evaluator_log,,,0,0,0,0,False,0.16844600439071655,0.004856988787651062,0.2156013399362564,,False
33424258034,,/evaluator_log,,,0,0,0,0,False,0.17177820205688477,0.006410256493836641,0.22440730035305023,,False
33524258652,,/evaluator_log,,,0,0,0,0,False,0.17700451612472534,0.011437908746302128,0.2268080711364746,,False
33619255311,,/evaluator_log,,,0,0,0,0,False,0.18853816390037537,0.01863517053425312,0.22185499966144562,,False
33724266992,,/evaluator_log,,,0,0,0,0,False,0.18619780242443085,0.03870967775583267,0.22454416751861572,,False
33824270395,,/evaluator_log,,,0,0,0,0,False,0.18281759321689606,0.025510204955935478,0.20968244969844818,,False
33924268031,,/evaluator_log,,,0,0,0,0,False,0.19770154356956482,0.05494505912065506,0.2062329202890396,,False
34029269916,,/evaluator_log,,,0,0,0,0,False,0.18987736105918884,0.04878048598766327,0.21209701895713806,,False
34119262662,,/evaluator_log,,,0,0,0,0,False,0.20670738816261292,0.0494023934006691,0.22067835927009583,,False
34219272531,,/evaluator_log,,,0,0,0,0,False,0.19044898450374603,0.020276498049497604,0.22594192624092102,,False
34319280302,,/evaluator_log,,,0,0,0,0,False,0.21677863597869873,0.05694444477558136,0.21702978014945984,,False
34424277161,,/evaluator_log,,,0,0,0,0,False,0.20248083770275116,0.026056338101625443,0.2187996357679367,,False
34524281165,,/evaluator_log,,,0,0,0,0,False,0.18868795037269592,0.019031142815947533,0.2205200344324112,,False
34624279796,,/evaluator_log,,,0,0,0,0,False,0.1933477520942688,0.03533333167433739,0.23038500547409058,,False
34724277120,,/evaluator_log,,,0,0,0,0,False,0.18600350618362427,0.017259979620575905,0.20834925770759583,,False
34824287776,,/evaluator_log,,,0,0,0,0,False,0.2143881767988205,0.05836236849427223,0.2102440893650055,,False
34924289462,,/evaluator_log,,,0,0,0,0,False,0.18829360604286194,0.054054051637649536,0.2252354621887207,,False
35019280126,,/evaluator_log,,,0,0,0,0,False,0.19382622838020325,0.03321554511785507,0.2166348397731781,,False
35119286084,,/evaluator_log,,,0,0,0,0,False,0.1936894953250885,0.03963133692741394,0.2191201001405716,,False
35224287512,,/evaluator_log,,,0,0,0,0,False,0.1898857206106186,0.0527876615524292,0.22816133499145508,,False
35324294702,,/evaluator_log,,,0,0,0,0,False,0.2070813775062561,0.07303370535373688,0.2273634672164917,,False
35424296696,,/evaluator_log,,,0,0,0,0,False,0.20776723325252533,0.05666666477918625,0.21825118362903595,,False
35524296999,,/evaluator_log,,,0,0,0,0,False,0.2058756798505783,0.07514474540948868,0.2247457355260849,,False
35619297893,,/evaluator_log,,,0,0,0,0,False,0.21145468950271606,0.06862745434045792,0.24364618957042694,,False
35719299054,,/evaluator_log,,,0,0,0,0,False,0.1938302218914032,0.08487395197153091,0.23133441805839539,,False
35824301294,,/evaluator_log,,,0,0,0,0,False,0.18246784806251526,0.05824682489037514,0.2292923927307129,,False
35924312585,,/evaluator_log,,,0,0,0,0,False,0.19986751675605774,0.07103448361158371,0.21916604042053223,,False
36019306498,,/evaluator_log,,,0,0,0,0,False,0.1865587681531906,0.06418337672948837,0.2084871530532837,,False
36124318445,,/evaluator_log,,,0,0,0,0,False,0.18912827968597412,0.07377049326896667,0.21359075605869293,,False
36224313214,,/evaluator_log,,,0,0,0,0,False,0.18712761998176575,0.0645892322063446,0.20980465412139893,,False
36324322599,,/evaluator_log,,,0,0,0,0,False,0.17589391767978668,0.0481770820915699,0.2105628252029419,,False
36419312136,,/evaluator_log,,,0,0,0,0,False,0.17954061925411224,0.06595107167959213,0.19580478966236115,,False
36524319229,,/evaluator_log,,,0,0,0,0,False,0.18287108838558197,0.04072553291916847,0.200070321559906,,False
36624322085,,/evaluator_log,,,0,0,0,0,False,0.1888352632522583,0.051890939474105835,0.2142558991909027,,False
36729323878,,/evaluator_log,,,0,0,0,0,False,0.21796730160713196,0.062219731509685516,0.2173401415348053,,False
36824326966,,/evaluator_log,,,0,0,0,0,False,0.20194780826568604,0.060457516461610794,0.22149886190891266,,False
36924327318,,/evaluator_log,,,0,0,0,0,False,0.2017793357372284,0.0640544667840004,0.23207826912403107,,False
37024326969,,/evaluator_log,,,0,0,0,0,False,0.21454688906669617,0.08996070921421051,0.22998523712158203,,False
37124334421,,/evaluator_log,,,0,0,0,0,False,0.22558905184268951,0.08266184478998184,0.22392220795154572,,False
37224337637,,/evaluator_log,,,0,0,0,0,False,0.21083566546440125,0.08158009499311447,0.21236896514892578,,False
37324336807,,/evaluator_log,,,0,0,0,0,False,0.23547568917274475,0.11757361888885498,0.23437337577342987,,False
37424338091,,/evaluator_log,,,0,0,0,0,False,0.23504528403282166,0.1161728948354721,0.21835650503635406,,False
37524339389,,/evaluator_log,,,0,0,0,0,False,0.21874551475048065,0.09291044622659683,0.21394529938697815,,False
37624339789,,/evaluator_log,,,0,0,0,0,False,0.212487131357193,0.04483729228377342,0.23504520952701569,,False
37724355542,,/evaluator_log,,,0,0,0,0,False,0.21747629344463348,0.08824138343334198,0.21729642152786255,,False
37824346292,,/evaluator_log,,,0,0,0,0,False,0.20256313681602478,0.043544456362724304,0.21858111023902893,,False
37924367467,,/evaluator_log,,,0,0,0,0,False,0.2153838574886322,0.06997816264629364,0.21370099484920502,,False
38024354607,,/evaluator_log,,,0,0,0,0,False,0.21081772446632385,0.08570972084999084,0.20997291803359985,,False
38124350982,,/evaluator_log,,,0,0,0,0,False,0.21136322617530823,0.062293849885463715,0.2145468145608902,,False
38224356630,,/evaluator_log,,,0,0,0,0,False,0.2011132538318634,0.0555555559694767,0.21246853470802307,,False
38324354939,,/evaluator_log,,,0,0,0,0,False,0.2037184238433838,0.07321428507566452,0.20099331438541412,,False
38424360386,,/evaluator_log,,,0,0,0,0,False,0.21687054634094238,0.09116022288799286,0.223480686545372,,False
38524369130,,/evaluator_log,,,0,0,0,0,False,0.21433719992637634,0.0734676718711853,0.20957180857658386,,False
38624371698,,/evaluator_log,,,0,0,0,0,False,0.19668124616146088,0.0759548619389534,0.20978833734989166,,False
38724374228,,/evaluator_log,,,0,0,0,0,False,0.20453912019729614,0.09743589907884598,0.21868041157722473,,False
38824376183,,/evaluator_log,,,0,0,0,0,False,0.20345881581306458,0.07809983938932419,0.2107202261686325,,False
38924373406,,/evaluator_log,,,0,0,0,0,False,0.2194889634847641,0.14074157178401947,0.22452087700366974,,False
39024381006,,/evaluator_log,,,0,0,0,0,False,0.21279920637607574,0.10918787866830826,0.2174854427576065,,False
39124382653,,/evaluator_log,,,0,0,0,0,False,0.22381837666034698,0.09609195590019226,0.21072939038276672,,False
39224384847,,/evaluator_log,,,0,0,0,0,False,0.21331773698329926,0.09929411858320236,0.19925712049007416,,False
39324385877,,/evaluator_log,,,0,0,0,0,False,0.21660146117210388,0.08934295177459717,0.2056209295988083,,False
39424383341,,/evaluator_log,,,0,0,0,0,False,0.2100776880979538,0.10382775217294693,0.20472413301467896,,False
39519384244,,/evaluator_log,,,0,0,0,0,False,0.19657984375953674,0.09045419096946716,0.20699262619018555,,False
39624385804,,/evaluator_log,,,0,0,0,0,False,0.2172071635723114,0.1119266003370285,0.19797760248184204,,False
39724387670,,/evaluator_log,,,0,0,0,0,False,0.21143746376037598,0.10498915612697601,0.19965708255767822,,False
39824393825,,/evaluator_log,,,0,0,0,0,False,0.20988161861896515,0.10228689759969711,0.20859889686107635,,False
39924394579,,/evaluator_log,,,0,0,0,0,False,0.19182859361171722,0.09738805890083313,0.20261003077030182,,False