timestamp,scenario,source,rule_name,strategy_name,strategy_hash,strategy_status,adaptation_type,adaptation_status,success,iou,vehicle_iou,road_iou,gt_failure_name,is_gt_failure
173664021,,/evaluator_log,,,0,0,0,0,False,0.5758379697799683,0.596036434173584,0.9657858610153198,,False
408663323,,/evaluator_log,,,0,0,0,0,False,0.567213237285614,0.5685916543006897,0.9673824310302734,,False
408663323,,/evaluator_log,,,0,0,0,0,False,0.5454676747322083,0.4455137252807617,0.9673227667808533,,False
423658049,,/evaluator_log,,,0,0,0,0,False,0.5193779468536377,0.28688523173332214,0.9692474603652954,,False
523664746,,/evaluator_log,,,0,0,0,0,False,0.5201601386070251,0.44179895520210266,0.9694640040397644,,False
618662848,,/evaluator_log,,,0,0,0,0,False,0.532633364200592,0.9237056970596313,0.9684301614761353,,False
718677418,,/evaluator_log,,,0,0,0,0,False,0.5085535645484924,0.897172212600708,0.9674443602561951,,False
823680134,,/evaluator_log,,,0,0,0,0,False,0.48409977555274963,0.45049506425857544,0.9702792167663574,,False
923674102,,/evaluator_log,,,0,0,0,0,False,0.4939456582069397,0.917475700378418,0.9670359492301941,,False
1003677975,_036,scenario_executor,,,0,0,0,0,False,0.0,0.0,0.0,do_hard_drop_segmentation,False
1003677975,_036,scenario_executor,,,0,0,0,0,False,0.0,0.0,0.0,image_shift,False
1003677975,_036,scenario_executor,,,0,0,0,0,False,0.0,0.0,0.0,autofocus_needed,False
1023673897,,/evaluator_log,,,0,0,0,0,False,0.4771357774734497,0.9146919250488281,0.9674641489982605,,False
1118679297,,/evaluator_log,,,0,0,0,0,False,0.48493415117263794,0.9044288992881775,0.9686749577522278,,False
1228680995,,/evaluator_log,,,0,0,0,0,False,0.48416459560394287,0.898004412651062,0.9655604362487793,,False
2198711387,,analyzer,AutoFocusNeeded,,0,0,0,0,False,0.0,0.0,0.0,,False
2203707967,,planning,AutoFocusNeeded,autofocus_strategy,18274997830408420195,1,0,0,False,0.0,0.0,0.0,,False
2203707967,,execution_parametrization,,,0,0,0,1,False,0.0,0.0,0.0,,False
2598720794,,analyzer,AutoFocusNeeded,autofocus_strategy,18274997830408420195,3,0,0,True,0.0,0.0,0.0,,False
3003729777,,execution_parametrization,,,0,0,0,3,True,0.0,0.0,0.0,,False
5003785047,,analyzer,SegmentationDead,,0,0,0,0,False,0.0,0.0,0.0,,False
5008773467,,planning,SegmentationDead,segmentation_restart,3804427162940246793,1,0,0,False,0.0,0.0,0.0,,False
5008773467,,execution_lifecycle_change,,,0,0,0,1,False,0.0,0.0,0.0,,False
5408787883,,execution_lifecycle_change,,,0,0,0,3,True,0.0,0.0,0.0,,False
10203893092,,analyzer,SegmentationDead,segmentation_restart,3804427162940246793,4,0,0,False,0.0,0.0,0.0,,False
10208893656,,planning,SegmentationDead,segmentation_redeploy,4862303032868966723,1,0,0,False,0.0,0.0,0.0,,False
10208893656,,execution_redeploy,,,0,0,4,1,False,0.0,0.0,0.0,,False
10608906294,,execution_redeploy,,,0,0,0,3,True,0.0,0.0,0.0,,False
12038935459,,/evaluator_log,,,0,0,0,0,False,0.1611315757036209,0.07934782654047012,0.23149557411670685,,False
12058938677,,/evaluator_log,,,0,0,0,0,False,0.1400488317012787,0.0,0.2486611008644104,,False
12083938938,,/evaluator_log,,,0,0,0,0,False,0.14880675077438354,0.0,0.26272016763687134,,False
12108940708,,/evaluator_log,,,0,0,0,0,False,0.144413560628891,0.0,0.26047399640083313,,False
12128941373,,/evaluator_log,,,0,0,0,0,False,0.14393959939479828,0.0,0.2610620856285095,,False
12148941056,,/evaluator_log,,,0,0,0,0,False,0.14370229840278625,0.0,0.25804322957992554,,False
12168942025,,/evaluator_log,,,0,0,0,0,False,0.15494221448898315,0.0,0.28419482707977295,,False
12223943817,,/evaluator_log,,,0,0,0,0,False,0.15414857864379883,0.0,0.2784358263015747,,False
12328947211,,/evaluator_log,,,0,0,0,0,False,0.1562531292438507,0.0,0.2903837263584137,,False
12428949787,,/evaluator_log,,,0,0,0,0,False,0.15757544338703156,0.0,0.29290488362312317,,False
12523958515,,/evaluator_log,,,0,0,0,0,False,0.15757715702056885,0.0,0.2682330310344696,,False
12603962385,,analyzer,SegmentationDead,segmentation_redeploy,4862303032868966723,3,0,0,True,0.0,0.0,0.0,,False
12623966351,,/evaluator_log,,,0,0,0,0,False,0.15529923141002655,0.0,0.25786924362182617,,False
12723954366,,/evaluator_log,,,0,0,0,0,False,0.1547159105539322,0.0,0.2800637185573578,,False
12828960380,,/evaluator_log,,,0,0,0,0,False,0.14962074160575867,0.0,0.23693615198135376,,False
12923967646,,/evaluator_log,,,0,0,0,0,False,0.14881682395935059,0.0,0.24137814342975616,,False
13023963332,,/evaluator_log,,,0,0,0,0,False,0.15627261996269226,0.0,0.25362440943717957,,False
13128966082,,/evaluator_log,,,0,0,0,0,False,0.14944535493850708,0.0,0.23775650560855865,,False
13228964833,,/evaluator_log,,,0,0,0,0,False,0.15036886930465698,0.0,0.271232008934021,,False
13318976931,,/evaluator_log,,,0,0,0,0,False,0.15675868093967438,0.0,0.2822099030017853,,False
13428972415,,/evaluator_log,,,0,0,0,0,False,0.14060981571674347,0.0,0.28795158863067627,,False
13523972867,,/evaluator_log,,,0,0,0,0,False,0.1533847600221634,0.0,0.2919388711452484,,False
13628986263,,/evaluator_log,,,0,0,0,0,False,0.14341115951538086,0.0,0.2881633937358856,,False
13723975804,,/evaluator_log,,,0,0,0,0,False,0.1343565583229065,0.0,0.2742612361907959,,False
13828982740,,/evaluator_log,,,0,0,0,0,False,0.14318811893463135,0.0,0.28174522519111633,,False
13923980972,,/evaluator_log,,,0,0,0,0,False,0.14283180236816406,0.0,0.26359090209007263,,False
14018986028,,/evaluator_log,,,0,0,0,0,False,0.14427807927131653,0.0,0.26207235455513,,False
14128999223,,/evaluator_log,,,0,0,0,0,False,0.1668267846107483,0.029411764815449715,0.27884921431541443,,False
14223999985,,/evaluator_log,,,0,0,0,0,False,0.15705011785030365,0.0,0.31265658140182495,,False
14323993935,,/evaluator_log,,,0,0,0,0,False,0.1582905799150467,0.0,0.33733293414115906,,False
14424006329,,/evaluator_log,,,0,0,0,0,False,0.1574152410030365,0.0,0.33408480882644653,,False
14518998170,,/evaluator_log,,,0,0,0,0,False,0.1583164632320404,0.0022727272007614374,0.3373786509037018,,False
14629010274,,/evaluator_log,,,0,0,0,0,False,0.15707306563854218,0.01024590153247118,0.3332740366458893,,False
14719006442,,/evaluator_log,,,0,0,0,0,False,0.15962958335876465,0.029661016538739204,0.3346410095691681,,False
14824002115,,/evaluator_log,,,0,0,0,0,False,0.15537790954113007,0.0,0.3414100110530853,,False
14924005935,,/evaluator_log,,,0,0,0,0,False,0.14522013068199158,0.0,0.32788166403770447,,False
15019008511,,/evaluator_log,,,0,0,0,0,False,0.15434931218624115,0.016129031777381897,0.3287944197654724,,False
15129018947,,/evaluator_log,,,0,0,0,0,False,0.151993528008461,0.0,0.3330738842487335,,False
15224014172,,/evaluator_log,,,0,0,0,0,False,0.15121182799339294,0.0,0.32472994923591614,,False
15329016464,,/evaluator_log,,,0,0,0,0,False,0.14820770919322968,0.0,0.3159294128417969,,False
15424019716,,/evaluator_log,,,0,0,0,0,False,0.14982299506664276,0.0,0.3129516839981079,,False
15524022288,,/evaluator_log,,,0,0,0,0,False,0.15745867788791656,0.0,0.31296005845069885,,False
15624021637,,/evaluator_log,,,0,0,0,0,False,0.14917361736297607,0.0,0.31814226508140564,,False
15729028959,,/evaluator_log,,,0,0,0,0,False,0.1494624763727188,0.0,0.3258204758167267,,False
15829034415,,/evaluator_log,,,0,0,0,0,False,0.14664828777313232,0.0,0.31851473450660706,,False
15924030084,,/evaluator_log,,,0,0,0,0,False,0.13854439556598663,0.0,0.3126293420791626,,False
16024034806,,/evaluator_log,,,0,0,0,0,False,0.13857507705688477,0.0,0.3053405284881592,,False
16129042780,,/evaluator_log,,,0,0,0,0,False,0.12275826930999756,0.0,0.3032323718070984,,False
16229046880,,/evaluator_log,,,0,0,0,0,False,0.13612645864486694,0.0,0.30265921354293823,,False
16329048377,,/evaluator_log,,,0,0,0,0,False,0.1338769495487213,0.0,0.3024522364139557,,False
16429045003,,/evaluator_log,,,0,0,0,0,False,0.12402203679084778,0.0,0.30661541223526,,False
16524047881,,/evaluator_log,,,0,0,0,0,False,0.13370995223522186,0.0,0.30233898758888245,,False
16619056913,,/evaluator_log,,,0,0,0,0,False,0.13055084645748138,0.0,0.30355656147003174,,False
16724055744,,/evaluator_log,,,0,0,0,0,False,0.128284752368927,0.0,0.29785090684890747,,False
16829063598,,/evaluator_log,,,0,0,0,0,False,0.13278314471244812,0.0,0.30516326427459717,,False
16924057617,,/evaluator_log,,,0,0,0,0,False,0.12611640989780426,0.0,0.3030253052711487,,False
17019063103,,/evaluator_log,,,0,0,0,0,False,0.1289631426334381,0.0,0.3167741298675537,,False
17119064107,,/evaluator_log,,,0,0,0,0,False,0.11941496282815933,0.0,0.2952766716480255,,False
17224069856,,/evaluator_log,,,0,0,0,0,False,0.12521901726722717,0.0,0.28916260600090027,,False
17319066852,,/evaluator_log,,,0,0,0,0,False,0.1190611720085144,0.0,0.2813844680786133,,False
17419067978,,/evaluator_log,,,0,0,0,0,False,0.12200871855020523,0.0,0.2777268886566162,,False
17524071107,,/evaluator_log,,,0,0,0,0,False,0.12495443224906921,0.0,0.2677704691886902,,False
17624080169,,/evaluator_log,,,0,0,0,0,False,0.12938642501831055,0.0,0.26362189650535583,,False
17729076362,,/evaluator_log,,,0,0,0,0,False,0.1360211819410324,0.0,0.2596014142036438,,False
17829077750,,/evaluator_log,,,0,0,0,0,False,0.1340256929397583,0.0,0.26970407366752625,,False
17929084772,,/evaluator_log,,,0,0,0,0,False,0.14282439649105072,0.0,0.27915704250335693,,False
18024086863,,/evaluator_log,,,0,0,0,0,False,0.14122705161571503,0.0,0.2689771056175232,,False
18124082525,,/evaluator_log,,,0,0,0,0,False,0.1413475126028061,0.0,0.2608240246772766,,False
18224088435,,/evaluator_log,,,0,0,0,0,False,0.14210422337055206,0.0,0.26067569851875305,,False
18319089920,,/evaluator_log,,,0,0,0,0,False,0.14749202132225037,0.0,0.25899749994277954,,False
18424090318,,/evaluator_log,,,0,0,0,0,False,0.14749915897846222,0.0,0.26715344190597534,,False
18524098366,,/evaluator_log,,,0,0,0,0,False,0.15078860521316528,0.0,0.26298826932907104,,False
18624095053,,/evaluator_log,,,0,0,0,0,False,0.1409873515367508,0.0,0.2663919925689697,,False
18729100225,,/evaluator_log,,,0,0,0,0,False,0.14175982773303986,0.0,0.26419028639793396,,False
18824108281,,/evaluator_log,,,0,0,0,0,False,0.13849426805973053,0.0,0.2750776708126068,,False
18924103714,,/evaluator_log,,,0,0,0,0,False,0.1578376591205597,0.0,0.30295467376708984,,False
19024113078,,/evaluator_log,,,0,0,0,0,False,0.15163758397102356,0.0,0.3070279657840729,,False
19129116075,,/evaluator_log,,,0,0,0,0,False,0.15069948136806488,0.0,0.3122396767139435,,False
19224111729,,/evaluator_log,,,0,0,0,0,False,0.15866205096244812,0.0,0.33250847458839417,,False
19324112814,,/evaluator_log,,,0,0,0,0,False,0.15785083174705505,0.0,0.35108357667922974,,False
19429119726,,/evaluator_log,,,0,0,0,0,False,0.1583479940891266,0.0,0.37686464190483093,,False
19524119382,,/evaluator_log,,,0,0,0,0,False,0.15923309326171875,0.0,0.384601354598999,,False
19624126771,,/evaluator_log,,,0,0,0,0,False,0.14502041041851044,0.0,0.3930991291999817,,False
19729130487,,/evaluator_log,,,0,0,0,0,False,0.16067185997962952,0.0,0.39954498410224915,,False
19819127038,,/evaluator_log,,,0,0,0,0,False,0.16838103532791138,0.0,0.4188396632671356,,False
19924132714,,/evaluator_log,,,0,0,0,0,False,0.1549130380153656,0.0,0.42586392164230347,,False
20029137424,,/evaluator_log,,,0,0,0,0,False,0.16951560974121094,0.0,0.43220746517181396,,False
20124137401,,/evaluator_log,,,0,0,0,0,False,0.16010209918022156,0.0,0.44806885719299316,,False
20219137725,,/evaluator_log,,,0,0,0,0,False,0.15220734477043152,0.0,0.4678223729133606,,False
20324138986,,/evaluator_log,,,0,0,0,0,False,0.16069290041923523,0.0,0.48234277963638306,,False
20419139898,,/evaluator_log,,,0,0,0,0,False,0.16506251692771912,0.0,0.4946751594543457,,False
20524141499,,/evaluator_log,,,0,0,0,0,False,0.15968036651611328,0.0,0.5078234076499939,,False
20629151105,,/evaluator_log,,,0,0,0,0,False,0.16174468398094177,0.0,0.5113794207572937,,False
20729151720,,/evaluator_log,,,0,0,0,0,False,0.16033987700939178,0.0,0.5131924152374268,,False
20824148980,,/evaluator_log,,,0,0,0,0,False,0.15647020936012268,0.0,0.5156123638153076,,False
20924154565,,/evaluator_log,,,0,0,0,0,False,0.1541176587343216,0.0,0.5177876949310303,,False
21019156329,,/evaluator_log,,,0,0,0,0,False,0.1466369777917862,0.0,0.523039698600769,,False
21119157623,,/evaluator_log,,,0,0,0,0,False,0.14711599051952362,0.0,0.5360097885131836,,False
21219159772,,/evaluator_log,,,0,0,0,0,False,0.15358591079711914,0.0,0.5423794984817505,,False
21329162654,,/evaluator_log,,,0,0,0,0,False,0.1515984684228897,0.004999999888241291,0.5403037667274475,,False
21424170265,,/evaluator_log,,,0,0,0,0,False,0.15006187558174133,0.0,0.5517661571502686,,False
21524166381,,/evaluator_log,,,0,0,0,0,False,0.17315977811813354,0.045045044273138046,0.558381199836731,,False
21624165214,,/evaluator_log,,,0,0,0,0,False,0.16556665301322937,0.004000000189989805,0.5524904131889343,,False
21724170664,,/evaluator_log,,,0,0,0,0,False,0.1581229716539383,0.021484375,0.5485620498657227,,False
21829173447,,/evaluator_log,,,0,0,0,0,False,0.16860367357730865,0.019083969295024872,0.5618013143539429,,False
21924178803,,/evaluator_log,,,0,0,0,0,False,0.16344672441482544,0.003816793905571103,0.5492697954177856,,False
22024176364,,/evaluator_log,,,0,0,0,0,False,0.17188666760921478,0.010162601247429848,0.5686924457550049,,False
22124189486,,/evaluator_log,,,0,0,0,0,False,0.16607922315597534,0.0,0.563042402267456,,False
22229183387,,/evaluator_log,,,0,0,0,0,False,0.16862013936042786,0.01171875,0.5722317099571228,,False
22324190643,,/evaluator_log,,,0,0,0,0,False,0.16846813261508942,0.0,0.5715455412864685,,False
22419191888,,/evaluator_log,,,0,0,0,0,False,0.17528396844863892,0.009920635260641575,0.5672272443771362,,False
22529205528,,/evaluator_log,,,0,0,0,0,False,0.17578013241291046,0.0,0.5797550082206726,,False
22619193929,,/evaluator_log,,,0,0,0,0,False,0.17949019372463226,0.0,0.5888266563415527,,False
22734218535,,/evaluator_log,,,0,0,0,0,False,0.1760006844997406,0.0,0.6068836450576782,,False
22829195004,,/evaluator_log,,,0,0,0,0,False,0.19749414920806885,0.0,0.6168074011802673,,False
22924208248,,/evaluator_log,,,0,0,0,0,False,0.15973004698753357,0.0,0.5513238310813904,,False
23024217889,,/evaluator_log,,,0,0,0,0,False,0.14690177142620087,0.0,0.44933852553367615,,False
23129219203,,/evaluator_log,,,0,0,0,0,False,0.12862996757030487,0.0017241379246115685,0.3529707193374634,,False
23224208394,,/evaluator_log,,,0,0,0,0,False,0.12549076974391937,0.0,0.30696627497673035,,False
23319205297,,/evaluator_log,,,0,0,0,0,False,0.11939611285924911,0.0,0.23920275270938873,,False
23424219545,,/evaluator_log,,,0,0,0,0,False,0.1203463077545166,0.0,0.28356197476387024,,False
23519210030,,/evaluator_log,,,0,0,0,0,False,0.13449881970882416,0.0,0.3557038903236389,,False
23624223774,,/evaluator_log,,,0,0,0,0,False,0.14199146628379822,0.0,0.3956780731678009,,False
23729218289,,/evaluator_log,,,0,0,0,0,False,0.14956820011138916,0.0,0.40612074732780457,,False
23809222455,,analyzer,SegmentationBad,,0,0,0,0,False,0.0,0.0,0.0,,False
23814226321,,planning,SegmentationBad,recalibration,12522202132277569776,1,0,0,False,0.0,0.0,0.0,,False
23814226321,,execution_parametrization,,,0,0,0,1,False,0.0,0.0,0.0,,False
23824227357,,/evaluator_log,,,0,0,0,0,False,0.14496134221553802,0.0,0.4245021641254425,,False
23924221394,,/evaluator_log,,,0,0,0,0,False,0.41606175899505615,0.08534622192382812,0.9807364344596863,,False
24029226616,,/evaluator_log,,,0,0,0,0,False,0.4188528060913086,0.062745101749897,0.9817897081375122,,False
24124235837,,/evaluator_log,,,0,0,0,0,False,0.4116586446762085,0.06296296417713165,0.9832316637039185,,False
24219229955,,/evaluator_log,,,0,0,0,0,False,0.412051796913147,0.06930693238973618,0.9832282662391663,,False
24209230093,,analyzer,SegmentationBad,recalibration,12522202132277569776,3,0,0,True,0.0,0.0,0.0,,False
24324235034,,/evaluator_log,,,0,0,0,0,False,0.4215528666973114,0.10256410390138626,0.9839451313018799,,False
24419236130,,/evaluator_log,,,0,0,0,0,False,0.41307738423347473,0.07590759545564651,0.9843064546585083,,False
24524244617,,/evaluator_log,,,0,0,0,0,False,0.4287092387676239,0.0824742242693901,0.9839270114898682,,False
24624247184,,/evaluator_log,,,0,0,0,0,False,0.42695048451423645,0.09764309972524643,0.9857639074325562,,False
24614246820,,execution_parametrization,,,0,0,0,3,True,0.0,0.0,0.0,,False
24719247028,,/evaluator_log,,,0,0,0,0,False,0.4156591594219208,0.10486891865730286,0.9858880639076233,,False
24824251875,,/evaluator_log,,,0,0,0,0,False,0.41482508182525635,0.04575163498520851,0.9858704209327698,,False
24919251359,,/evaluator_log,,,0,0,0,0,False,0.4112538993358612,0.15555556118488312,0.9887058138847351,,False
25029268332,,/evaluator_log,,,0,0,0,0,False,0.390444815158844,0.09783913940191269,0.9887656569480896,,False
25129255890,,/evaluator_log,,,0,0,0,0,False,0.38973096013069153,0.0882352963089943,0.9881337285041809,,False
25224262641,,/evaluator_log,,,0,0,0,0,False,0.394580215215683,0.1111111119389534,0.9888171553611755,,False
25324257850,,/evaluator_log,,,0,0,0,0,False,0.39862561225891113,0.11974110454320908,0.9885910153388977,,False
25424269058,,/evaluator_log,,,0,0,0,0,False,0.40003812313079834,0.11515151709318161,0.9888927936553955,,False
25519260935,,/evaluator_log,,,0,0,0,0,False,0.3833080232143402,0.07971014827489853,0.9880239367485046,,False
25624274893,,/evaluator_log,,,0,0,0,0,False,0.4000239670276642,0.09785932302474976,0.9895986318588257,,False
25724263072,,/evaluator_log,,,0,0,0,0,False,0.3900962769985199,0.07788161933422089,0.9887439012527466,,False
25824266365,,/evaluator_log,,,0,0,0,0,False,0.412097692489624,0.09764309972524643,0.9891946315765381,,False
25924271767,,/evaluator_log,,,0,0,0,0,False,0.41707393527030945,0.07301587611436844,0.9889956116676331,,False
26024274954,,/evaluator_log,,,0,0,0,0,False,0.43774616718292236,0.12747524678707123,0.9898956418037415,,False
26124283604,,/evaluator_log,,,0,0,0,0,False,0.4591083228588104,0.03703703731298447,0.9896063208580017,,False
26229277963,,/evaluator_log,,,0,0,0,0,False,0.4570052921772003,0.1111111119389534,0.9914955496788025,,False
26324289836,,/evaluator_log,,,0,0,0,0,False,0.48133355379104614,0.12745098769664764,0.9913873076438904,,False
26424291124,,/evaluator_log,,,0,0,0,0,False,0.4601764380931854,0.08695652335882187,0.9914307594299316,,False
26519289697,,/evaluator_log,,,0,0,0,0,False,0.46227943897247314,0.0873015895485878,0.9915997982025146,,False
26624287518,,/evaluator_log,,,0,0,0,0,False,0.45697304606437683,0.07909604161977768,0.9913614988327026,,False
26724291030,,/evaluator_log,,,0,0,0,0,False,0.46545174717903137,0.09950248152017593,0.9918009042739868,,False
26824300791,,/evaluator_log,,,0,0,0,0,False,0.4480700194835663,0.04975124076008797,0.9917240738868713,,False
26924294800,,/evaluator_log,,,0,0,0,0,False,0.46296724677085876,0.08045976608991623,0.9912354946136475,,False
27024303496,,/evaluator_log,,,0,0,0,0,False,0.46611496806144714,0.1111111119389534,0.9926279783248901,,False
27124305611,,/evaluator_log,,,0,0,0,0,False,0.4722101092338562,0.11261261254549026,0.9924588203430176,,False
27229313565,,/evaluator_log,,,0,0,0,0,False,0.4613102078437805,0.053333330899477005,0.9925972819328308,,False
27329318208,,/evaluator_log,,,0,0,0,0,False,0.4602747857570648,0.0364583320915699,0.9920551776885986,,False
27419313565,,/evaluator_log,,,0,0,0,0,False,0.471877783536911,0.10769230872392654,0.9920458197593689,,False
27524318625,,/evaluator_log,,,0,0,0,0,False,0.48071709275245667,0.14666666090488434,0.9924769997596741,,False
27624309076,,/evaluator_log,,,0,0,0,0,False,0.4614817202091217,0.025641025975346565,0.9924754500389099,,False
27719312113,,/evaluator_log,,,0,0,0,0,False,0.4931494891643524,0.1204819306731224,0.9932416677474976,,False
27824326349,,/evaluator_log,,,0,0,0,0,False,0.4918881058692932,0.11674347519874573,0.9932563900947571,,False
27919320422,,/evaluator_log,,,0,0,0,0,False,0.4926580488681793,0.07999999821186066,0.9931579828262329,,False
28024327801,,/evaluator_log,,,0,0,0,0,False,0.4826717972755432,0.06425702571868896,0.9926940202713013,,False
28124331441,,/evaluator_log,,,0,0,0,0,False,0.4838288724422455,0.06666667014360428,0.9924871325492859,,False
28229331182,,/evaluator_log,,,0,0,0,0,False,0.4926663637161255,0.13476842641830444,0.9933284521102905,,False
28329330855,,/evaluator_log,,,0,0,0,0,False,0.4946046769618988,0.10526315122842789,0.9930455684661865,,False
28424333776,,/evaluator_log,,,0,0,0,0,False,0.4960182309150696,0.09345794469118118,0.9927752614021301,,False
28529334818,,/evaluator_log,,,0,0,0,0,False,0.49865469336509705,0.1076388880610466,0.9930312037467957,,False
28624342397,,/evaluator_log,,,0,0,0,0,False,0.5083723068237305,0.09578543901443481,0.9926980137825012,,False
28724336808,,/evaluator_log,,,0,0,0,0,False,0.48965150117874146,0.028735632076859474,0.9932291507720947,,False
28824341880,,/evaluator_log,,,0,0,0,0,False,0.49478599429130554,0.03030303120613098,0.9941124320030212,,False
28929350547,,/evaluator_log,,,0,0,0,0,False,0.4904516339302063,0.09259259700775146,0.9922247529029846,,False
29024347526,,/evaluator_log,,,0,0,0,0,False,0.4973035752773285,0.1071428582072258,0.9939159750938416,,False
29119353302,,/evaluator_log,,,0,0,0,0,False,0.5003385543823242,0.15942029654979706,0.9936428070068359,,False
29229359355,,/evaluator_log,,,0,0,0,0,False,0.48747557401657104,0.1190476194024086,0.9939239621162415,,False
29319350226,,/evaluator_log,,,0,0,0,0,False,0.5204021334648132,0.0,0.994884192943573,,False
29424355427,,/evaluator_log,,,0,0,0,0,False,0.5193345546722412,0.0,0.9945171475410461,,False
29524357909,,/evaluator_log,,,0,0,0,0,False,0.5220959782600403,0.0,0.9951618313789368,,False
29624357442,,/evaluator_log,,,0,0,0,0,False,0.5360780954360962,0.0,0.9953465461730957,,False
29724360717,,/evaluator_log,,,0,0,0,0,False,0.53519606590271,0.0,0.9948703646659851,,False
29819370207,,/evaluator_log,,,0,0,0,0,False,0.5282469987869263,0.0,0.994889497756958,,False
29924373650,,/evaluator_log,,,0,0,0,0,False,0.5842770338058472,0.0,0.9947408437728882,,False
30019369815,,/evaluator_log,,,0,0,0,0,False,0.5455870032310486,0.0,0.9955883026123047,,False
30129377352,,/evaluator_log,,,0,0,0,0,False,0.5385004878044128,0.0,0.9952934384346008,,False
30219370687,,/evaluator_log,,,0,0,0,0,False,0.5829612016677856,0.0,0.9953495264053345,,False
30319373647,,/evaluator_log,,,0,0,0,0,False,0.5763334631919861,0.0,0.9947413206100464,,False
30424385038,,/evaluator_log,,,0,0,0,0,False,0.593185305595398,0.0,0.9948140382766724,,False
30529377581,,/evaluator_log,,,0,0,0,0,False,0.5943263173103333,0.0,0.9947230815887451,,False
30619391737,,/evaluator_log,,,0,0,0,0,False,0.5741365551948547,0.0,0.9950323104858398,,False
30719393816,,/evaluator_log,,,0,0,0,0,False,0.5839734077453613,0.0,0.9949407577514648,,False
30824390177,,/evaluator_log,,,0,0,0,0,False,0.580075740814209,0.0,0.9948817491531372,,False
30924387196,,/evaluator_log,,,0,0,0,0,False,0.5701591372489929,0.0,0.9949010610580444,,False
31019389493,,/evaluator_log,,,0,0,0,0,False,0.5756786465644836,0.0,0.9944892525672913,,False
31119394673,,/evaluator_log,,,0,0,0,0,False,0.5718445181846619,0.0,0.9944118857383728,,False
31224402610,,/evaluator_log,,,0,0,0,0,False,0.5283147692680359,0.0,0.9927084445953369,,False
31324398273,,/evaluator_log,,,0,0,0,0,False,0.5678989291191101,0.25,0.9942612648010254,,False
31429402958,,/evaluator_log,,,0,0,0,0,False,0.5463835000991821,0.1428571492433548,0.9948474764823914,,False
31519407268,,/evaluator_log,,,0,0,0,0,False,0.5087789297103882,0.025641025975346565,0.9939217567443848,,False
31619408657,,/evaluator_log,,,0,0,0,0,False,0.5098904371261597,0.04444444552063942,0.9945499897003174,,False
31724408652,,/evaluator_log,,,0,0,0,0,False,0.5231338739395142,0.07407407462596893,0.994123101234436,,False
31824413829,,/evaluator_log,,,0,0,0,0,False,0.5097337961196899,0.1041666641831398,0.9942521452903748,,False
31929417002,,/evaluator_log,,,0,0,0,0,False,0.5512896776199341,0.1071428582072258,0.9952524304389954,,False
32019413930,,/evaluator_log,,,0,0,0,0,False,0.5270325541496277,0.14705882966518402,0.9948630332946777,,False
32119420997,,/evaluator_log,,,0,0,0,0,False,0.5501350164413452,0.1666666716337204,0.9950123429298401,,False
32224421032,,/evaluator_log,,,0,0,0,0,False,0.5309785008430481,0.07894736528396606,0.9945831894874573,,False
32324427131,,/evaluator_log,,,0,0,0,0,False,0.5318971872329712,0.0833333358168602,0.9948235750198364,,False
32429425092,,/evaluator_log,,,0,0,0,0,False,0.5320313572883606,0.10526315867900848,0.9946021437644958,,False
32519425898,,/evaluator_log,,,0,0,0,0,False,0.5030660629272461,0.02380952425301075,0.9946020245552063,,False
32629432205,,/evaluator_log,,,0,0,0,0,False,0.5040271282196045,0.0,0.994784414768219,,False
32724430592,,/evaluator_log,,,0,0,0,0,False,0.5131959319114685,0.029411764815449715,0.9934322834014893,,False
32819436379,,/evaluator_log,,,0,0,0,0,False,0.49294567108154297,0.0,0.9938733577728271,,False
32929438470,,/evaluator_log,,,0,0,0,0,False,0.5086391568183899,0.0625,0.994351327419281,,False
33019445270,,/evaluator_log,,,0,0,0,0,False,0.47110310196876526,0.0,0.9935337901115417,,False
33124444385,,/evaluator_log,,,0,0,0,0,False,0.5119879841804504,0.2943806052207947,0.9935896396636963,,False
33224452102,,/evaluator_log,,,0,0,0,0,False,0.5201823711395264,0.24836601316928864,0.9940519332885742,,False
33319448975,,/evaluator_log,,,0,0,0,0,False,0.5490684509277344,0.23943662643432617,0.9947344660758972,,False
33424457664,,/evaluator_log,,,0,0,0,0,False,0.5579566955566406,0.24242424964904785,0.9946205615997314,,False
33519448561,,/evaluator_log,,,0,0,0,0,False,0.5761139988899231,0.23508770763874054,0.9933344721794128,,False
33624454965,,/evaluator_log,,,0,0,0,0,False,0.5713484883308411,0.23333333432674408,0.9927775263786316,,False
33724456032,,/evaluator_log,,,0,0,0,0,False,0.5449627041816711,0.23024053871631622,0.9925681948661804,,False
33824457379,,/evaluator_log,,,0,0,0,0,False,0.5675346255302429,0.25850340723991394,0.9929013252258301,,False
33919459710,,/evaluator_log,,,0,0,0,0,False,0.5374269485473633,0.24000000953674316,0.9924514889717102,,False
34024463533,,/evaluator_log,,,0,0,0,0,False,0.5433368682861328,0.22006471455097198,0.9922469258308411,,False
34124463702,,/evaluator_log,,,0,0,0,0,False,0.5144083499908447,0.22772276401519775,0.9931147694587708,,False
34229467081,,/evaluator_log,,,0,0,0,0,False,0.5273170471191406,0.20679013431072235,0.9955751299858093,,False
34329473603,,/evaluator_log,,,0,0,0,0,False,0.5121737718582153,0.23148147761821747,0.9949947595596313,,False
34424477572,,/evaluator_log,,,0,0,0,0,False,0.45792365074157715,0.17105263471603394,0.994172990322113,,False
34524483531,,/evaluator_log,,,0,0,0,0,False,0.477876216173172,0.24074073135852814,0.9935929775238037,,False
34624475542,,/evaluator_log,,,0,0,0,0,False,0.45649534463882446,0.17391304671764374,0.9935153722763062,,False
34719489817,,/evaluator_log,,,0,0,0,0,False,0.47388124465942383,0.22314049303531647,0.992709755897522,,False
34824485674,,/evaluator_log,,,0,0,0,0,False,0.46476486325263977,0.2347826212644577,0.9926539063453674,,False
34924486248,,/evaluator_log,,,0,0,0,0,False,0.4429647624492645,0.20080643892288208,0.9932311177253723,,False
35024488667,,/evaluator_log,,,0,0,0,0,False,0.4373524785041809,0.17975206673145294,0.9929888248443604,,False
35124492064,,/evaluator_log,,,0,0,0,0,False,0.4785790741443634,0.26631230115890503,0.9936375021934509,,False
35224493093,,/evaluator_log,,,0,0,0,0,False,0.5029981136322021,0.2587365508079529,0.9938616752624512,,False
35324497334,,/evaluator_log,,,0,0,0,0,False,0.5475367307662964,0.3816239535808563,0.9938786029815674,,False
35424500833,,/evaluator_log,,,0,0,0,0,False,0.5282065868377686,0.3203798532485962,0.9936147332191467,,False
35524506166,,/evaluator_log,,,0,0,0,0,False,0.5211282968521118,0.38912877440452576,0.9934254884719849,,False
35619505633,,/evaluator_log,,,0,0,0,0,False,0.5533194541931152,0.3243523836135864,0.9936870336532593,,False
35724511643,,/evaluator_log,,,0,0,0,0,False,0.5480636358261108,0.3085213303565979,0.9928820133209229,,False
35824512758,,/evaluator_log,,,0,0,0,0,False,0.562537670135498,0.31800976395606995,0.993365466594696,,False
35924509683,,/evaluator_log,,,0,0,0,0,False,0.5543834567070007,0.3226495683193207,0.9930075407028198,,False
36024512096,,/evaluator_log,,,0,0,0,0,False,0.5701911449432373,0.31193429231643677,0.9928193688392639,,False
36124514977,,/evaluator_log,,,0,0,0,0,False,0.6049667000770569,0.44422340393066406,0.9932119250297546,,False
36224517982,,/evaluator_log,,,0,0,0,0,False,0.5628147125244141,0.4435185194015503,0.9928180575370789,,False
36324521411,,/evaluator_log,,,0,0,0,0,False,0.5406023859977722,0.3253968358039856,0.993168294429779,,False
36429529224,,/evaluator_log,,,0,0,0,0,False,0.556297242641449,0.29760199785232544,0.9936187267303467,,False
36524524363,,/evaluator_log,,,0,0,0,0,False,0.5104354619979858,0.31945914030075073,0.9937096238136292,,False
36624527904,,/evaluator_log,,,0,0,0,0,False,0.5753577947616577,0.39737358689308167,0.9932585954666138,,False
36719529645,,/evaluator_log,,,0,0,0,0,False,0.5575599074363708,0.3745059072971344,0.9934988021850586,,False
36824541147,,/evaluator_log,,,0,0,0,0,False,0.5456175804138184,0.300539493560791,0.9938331842422485,,False
36924541882,,/evaluator_log,,,0,0,0,0,False,0.5470929741859436,0.2795153260231018,0.9933990240097046,,False
37019537057,,/evaluator_log,,,0,0,0,0,False,0.5506752133369446,0.2608904242515564,0.9929847717285156,,False
37124536392,,/evaluator_log,,,0,0,0,0,False,0.5931599736213684,0.3513889014720917,0.9933596849441528,,False
37224549245,,/evaluator_log,,,0,0,0,0,False,0.5996935963630676,0.3311965763568878,0.9932239055633545,,False
37319540208,,/evaluator_log,,,0,0,0,0,False,0.6017958521842957,0.3385142385959625,0.9934102892875671,,False
37424553711,,/evaluator_log,,,0,0,0,0,False,0.5748628377914429,0.2826698422431946,0.9932941794395447,,False
37524555792,,/evaluator_log,,,0,0,0,0,False,0.5708615183830261,0.25627386569976807,0.9931033253669739,,False
37624557365,,/evaluator_log,,,0,0,0,0,False,0.5614901781082153,0.24455541372299194,0.992089033126831,,False
37724551538,,/evaluator_log,,,0,0,0,0,False,0.6226552724838257,0.39418959617614746,0.9927964210510254,,False
37819556693,,/evaluator_log,,,0,0,0,0,False,0.5775079727172852,0.4116809368133545,0.9933183789253235,,False
37929569162,,/evaluator_log,,,0,0,0,0,False,0.56048184633255,0.2782961130142212,0.9931642413139343,,False
38024567240,,/evaluator_log,,,0,0,0,0,False,0.5819438099861145,0.35034918785095215,0.993105947971344,,False
38119579059,,/evaluator_log,,,0,0,0,0,False,0.5834172964096069,0.333890825510025,0.9936107993125916,,False
38224575848,,/evaluator_log,,,0,0,0,0,False,0.6206343173980713,0.46052277088165283,0.9928357005119324,,False
38319566599,,/evaluator_log,,,0,0,0,0,False,0.5905721187591553,0.3837599456310272,0.993229329586029,,False
38424570913,,/evaluator_log,,,0,0,0,0,False,0.5722249746322632,0.3621915876865387,0.9927949905395508,,False
38524569834,,/evaluator_log,,,0,0,0,0,False,0.5732762217521667,0.3479352295398712,0.9921484589576721,,False
38624572789,,/evaluator_log,,,0,0,0,0,False,0.602047324180603,0.4635019302368164,0.992807924747467,,False
38724584817,,/evaluator_log,,,0,0,0,0,False,0.5591787695884705,0.3496907651424408,0.9929781556129456,,False
38824582088,,/evaluator_log,,,0,0,0,0,False,0.5478371381759644,0.32198566198349,0.9921675324440002,,False
38924581093,,/evaluator_log,,,0,0,0,0,False,0.5559725761413574,0.2922505736351013,0.9927759766578674,,False
39024592032,,/evaluator_log,,,0,0,0,0,False,0.5788267254829407,0.3516865074634552,0.9931321740150452,,False
39124593771,,/evaluator_log,,,0,0,0,0,False,0.5443630218505859,0.2503097653388977,0.9926756024360657,,False
39229586577,,/evaluator_log,,,0,0,0,0,False,0.5337040424346924,0.22510822117328644,0.9932789206504822,,False
39324589509,,/evaluator_log,,,0,0,0,0,False,0.5551297068595886,0.23553720116615295,0.9930676817893982,,False
39424594210,,/evaluator_log,,,0,0,0,0,False,0.558926522731781,0.289186954498291,0.9925028681755066,,False
39524597047,,/evaluator_log,,,0,0,0,0,False,0.575542688369751,0.3608871102333069,0.9930106997489929,,False
39629601034,,/evaluator_log,,,0,0,0,0,False,0.5568789839744568,0.347897469997406,0.9925040006637573,,False
39729598377,,/evaluator_log,,,0,0,0,0,False,0.5214629173278809,0.2734557092189789,0.9919822812080383,,False
39824610936,,/evaluator_log,,,0,0,0,0,False,0.5198938250541687,0.2594919800758362,0.9914956092834473,,False
39924604199,,/evaluator_log,,,0,0,0,0,False,0.5151317715644836,0.2907075881958008,0.9918203353881836,,False