timestamp,scenario,source,rule_name,strategy_name,strategy_hash,strategy_status,adaptation_type,adaptation_status,success,iou,vehicle_iou,road_iou,gt_failure_name,is_gt_failure
383596813,,/evaluator_log,,,0,0,0,0,False,0.5454676747322083,0.4455137252807617,0.9673227667808533,,False
513595390,,/evaluator_log,,,0,0,0,0,False,0.5193779468536377,0.28688523173332214,0.9692474603652954,,False
528595164,,/evaluator_log,,,0,0,0,0,False,0.5201601386070251,0.44179895520210266,0.9694640040397644,,False
628594019,,/evaluator_log,,,0,0,0,0,False,0.532633364200592,0.9237056970596313,0.9684301614761353,,False
728599493,,/evaluator_log,,,0,0,0,0,False,0.5085535645484924,0.897172212600708,0.9674443602561951,,False
828605737,,/evaluator_log,,,0,0,0,0,False,0.48409977555274963,0.45049506425857544,0.9702792167663574,,False
928605324,,/evaluator_log,,,0,0,0,0,False,0.4939456582069397,0.917475700378418,0.9670359492301941,,False
1013612232,_014,scenario_executor,,,0,0,0,0,False,0.0,0.0,0.0,do_drop_sensor_fusion,False
1013612232,_014,scenario_executor,,,0,0,0,0,False,0.0,0.0,0.0,image_shift,False
1013612232,_014,scenario_executor,,,0,0,0,0,False,0.0,0.0,0.0,autofocus_needed,False
1028617338,,/evaluator_log,,,0,0,0,0,False,0.4771357774734497,0.9146919250488281,0.9674641489982605,,False
1128609933,,/evaluator_log,,,0,0,0,0,False,0.48493415117263794,0.9044288992881775,0.9686749577522278,,False
1228610954,,/evaluator_log,,,0,0,0,0,False,0.48416459560394287,0.898004412651062,0.9655604362487793,,False
2208637721,,analyzer,AutoFocusNeeded,,0,0,0,0,False,0.0,0.0,0.0,,False
2213638181,,planning,AutoFocusNeeded,autofocus_strategy,18274997830408420195,1,0,0,False,0.0,0.0,0.0,,False
2213638181,,execution_parametrization,,,0,0,0,1,False,0.0,0.0,0.0,,False
2608654840,,analyzer,AutoFocusNeeded,autofocus_strategy,18274997830408420195,3,0,0,True,0.0,0.0,0.0,,False
3013665631,,execution_parametrization,,,0,0,0,3,True,0.0,0.0,0.0,,False
5008711487,,analyzer,SegmentationDead,,0,0,0,0,False,0.0,0.0,0.0,,False
5008711487,,analyzer,SensorFusionDead,,0,0,0,0,False,0.0,0.0,0.0,,False
5013716819,,planning,SensorFusionDead,sensor_fusion_restart,14489321528306928715,1,0,0,False,0.0,0.0,0.0,,False
5013716819,,execution_lifecycle_change,,,0,0,0,1,False,0.0,0.0,0.0,,False
5413725915,,execution_lifecycle_change,,,0,0,0,3,True,0.0,0.0,0.0,,False
10208844851,,analyzer,SensorFusionDead,sensor_fusion_restart,14489321528306928715,4,0,0,False,0.0,0.0,0.0,,False
10213845511,,planning,SensorFusionDead,sensor_fusion_redeploy,209983007077540200,1,0,0,False,0.0,0.0,0.0,,False
10213845511,,execution_redeploy,,,0,0,4,1,False,0.0,0.0,0.0,,False
10618856033,,execution_redeploy,,,0,0,0,3,True,0.0,0.0,0.0,,False
11013866915,,analyzer,SensorFusionDead,sensor_fusion_redeploy,209983007077540200,3,0,0,True,0.0,0.0,0.0,,False
11018876705,,planning,SegmentationDead,segmentation_restart,3804427162940246793,1,0,0,False,0.0,0.0,0.0,,False
11028874318,,/evaluator_log,,,0,0,0,0,False,0.5168727040290833,0.38290902972221375,0.9635830521583557,,False
11018876705,,execution_lifecycle_change,,,0,0,0,1,False,0.0,0.0,0.0,,False
11128878553,,/evaluator_log,,,0,0,0,0,False,0.5042887330055237,0.36111801862716675,0.9653876423835754,,False
11228879828,,/evaluator_log,,,0,0,0,0,False,0.5646101832389832,0.49536705017089844,0.9685717821121216,,False
11328883711,,/evaluator_log,,,0,0,0,0,False,0.5861941576004028,0.5204906463623047,0.9681228995323181,,False
11428870405,,/evaluator_log,,,0,0,0,0,False,0.5701418519020081,0.4293246269226074,0.9636505246162415,,False
11418870862,,execution_lifecycle_change,,,0,0,0,3,True,0.0,0.0,0.0,,False
11523882209,,/evaluator_log,,,0,0,0,0,False,0.5861554145812988,0.4528311789035797,0.9617072343826294,,False
11628892083,,/evaluator_log,,,0,0,0,0,False,0.5836420059204102,0.47821134328842163,0.9596347808837891,,False
11723884905,,/evaluator_log,,,0,0,0,0,False,0.5662462115287781,0.30621352791786194,0.9628427028656006,,False
11828893659,,/evaluator_log,,,0,0,0,0,False,0.5704206824302673,0.36593902111053467,0.9639289379119873,,False
11813878434,,analyzer,SegmentationDead,segmentation_restart,3804427162940246793,3,0,0,True,0.0,0.0,0.0,,False
11928879737,,/evaluator_log,,,0,0,0,0,False,0.5914216041564941,0.41143354773521423,0.9642979502677917,,False
12028883343,,/evaluator_log,,,0,0,0,0,False,0.5582331418991089,0.3585297167301178,0.9679654240608215,,False
12123893071,,/evaluator_log,,,0,0,0,0,False,0.5410193800926208,0.3424072265625,0.9681640267372131,,False
12228895668,,/evaluator_log,,,0,0,0,0,False,0.5668210387229919,0.3049047291278839,0.9675570130348206,,False
12328892890,,/evaluator_log,,,0,0,0,0,False,0.5890623331069946,0.4731232225894928,0.9662838578224182,,False
12428896071,,/evaluator_log,,,0,0,0,0,False,0.5144208073616028,0.22821101546287537,0.9625864624977112,,False
12523897937,,/evaluator_log,,,0,0,0,0,False,0.5336877107620239,0.44257915019989014,0.9645086526870728,,False
12623896581,,/evaluator_log,,,0,0,0,0,False,0.6278260350227356,0.49707213044166565,0.9626938700675964,,False
12733897444,,/evaluator_log,,,0,0,0,0,False,0.6027848720550537,0.3367927074432373,0.9619548320770264,,False
12828911076,,/evaluator_log,,,0,0,0,0,False,0.6294820308685303,0.5654958486557007,0.9614843726158142,,False
12928913510,,/evaluator_log,,,0,0,0,0,False,0.5801875591278076,0.37029266357421875,0.9611750841140747,,False
13028916576,,/evaluator_log,,,0,0,0,0,False,0.6302376985549927,0.5008273720741272,0.9631007313728333,,False
13128907259,,/evaluator_log,,,0,0,0,0,False,0.6103309392929077,0.36521288752555847,0.9636154770851135,,False
13228915667,,/evaluator_log,,,0,0,0,0,False,0.5949963927268982,0.3913276195526123,0.962965190410614,,False
13328913206,,/evaluator_log,,,0,0,0,0,False,0.5858325958251953,0.3077557682991028,0.9640382528305054,,False
13428926240,,/evaluator_log,,,0,0,0,0,False,0.5924453139305115,0.31338199973106384,0.9658276438713074,,False
13528928627,,/evaluator_log,,,0,0,0,0,False,0.5928488373756409,0.3384920656681061,0.9667096734046936,,False
13628923234,,/evaluator_log,,,0,0,0,0,False,0.5782277584075928,0.5044554471969604,0.966389000415802,,False
13728930750,,/evaluator_log,,,0,0,0,0,False,0.5472815036773682,0.2988980710506439,0.967505693435669,,False
13828930803,,/evaluator_log,,,0,0,0,0,False,0.5165050029754639,0.236286923289299,0.9646360874176025,,False
13928931250,,/evaluator_log,,,0,0,0,0,False,0.5385122895240784,0.21875,0.9670128226280212,,False
14028933195,,/evaluator_log,,,0,0,0,0,False,0.4780207574367523,0.0,0.9695613980293274,,False
14128935901,,/evaluator_log,,,0,0,0,0,False,0.5327069163322449,0.1031746044754982,0.9716749787330627,,False
14228938842,,/evaluator_log,,,0,0,0,0,False,0.5303745865821838,0.1759433001279831,0.9696787595748901,,False
14324299151,,/evaluator_log,,,0,0,0,0,False,0.5533831119537354,0.1590413898229599,0.9728933572769165,,False
14428944054,,/evaluator_log,,,0,0,0,0,False,0.5960582494735718,0.35637256503105164,0.9745287895202637,,False
14523952179,,/evaluator_log,,,0,0,0,0,False,0.5393051505088806,0.2063492089509964,0.973270058631897,,False
14628948483,,/evaluator_log,,,0,0,0,0,False,0.5083479285240173,0.24662309885025024,0.9720221161842346,,False
14728950933,,/evaluator_log,,,0,0,0,0,False,0.5313709378242493,0.36274513602256775,0.9710788726806641,,False
14828955297,,/evaluator_log,,,0,0,0,0,False,0.5457416772842407,0.37052062153816223,0.971839427947998,,False
14928956970,,/evaluator_log,,,0,0,0,0,False,0.5757120847702026,0.46568629145622253,0.9698745012283325,,False
15028958608,,/evaluator_log,,,0,0,0,0,False,0.5219817161560059,0.28337061405181885,0.9698830842971802,,False
15128960102,,/evaluator_log,,,0,0,0,0,False,0.5847554802894592,0.3844245970249176,0.9698662757873535,,False
15228963658,,/evaluator_log,,,0,0,0,0,False,0.5454312562942505,0.1994152069091797,0.9696393609046936,,False
15328963026,,/evaluator_log,,,0,0,0,0,False,0.49378475546836853,0.09803921729326248,0.9707441926002502,,False
15423968309,,/evaluator_log,,,0,0,0,0,False,0.48572298884391785,0.1071428582072258,0.9719101190567017,,False
15523972864,,/evaluator_log,,,0,0,0,0,False,0.5307661890983582,0.1764705926179886,0.9728449583053589,,False
15628975976,,/evaluator_log,,,0,0,0,0,False,0.4864245057106018,0.02777777798473835,0.9713959693908691,,False
15733974291,,/evaluator_log,,,0,0,0,0,False,0.4923173785209656,0.0,0.9750180840492249,,False
15823984558,,/evaluator_log,,,0,0,0,0,False,0.492740660905838,0.06818182021379471,0.9726449251174927,,False
15923980527,,/evaluator_log,,,0,0,0,0,False,0.48017948865890503,0.0,0.9694505929946899,,False
16028990830,,/evaluator_log,,,0,0,0,0,False,0.4925432503223419,0.0,0.9692940711975098,,False
16128994779,,/evaluator_log,,,0,0,0,0,False,0.475460946559906,0.03125,0.9685039520263672,,False
16228995649,,/evaluator_log,,,0,0,0,0,False,0.5162955522537231,0.1666666716337204,0.9706103801727295,,False
16328998612,,/evaluator_log,,,0,0,0,0,False,0.5057417154312134,0.1304347813129425,0.9661545157432556,,False
16429001085,,/evaluator_log,,,0,0,0,0,False,0.4523526728153229,0.1111111119389534,0.9684128761291504,,False
16528997990,,/evaluator_log,,,0,0,0,0,False,0.4318277835845947,0.08771929889917374,0.9652845859527588,,False
16628997697,,/evaluator_log,,,0,0,0,0,False,0.4366863965988159,0.12121212482452393,0.9653105139732361,,False
16729000384,,/evaluator_log,,,0,0,0,0,False,0.4375477433204651,0.1149425283074379,0.9647720456123352,,False
16829003477,,/evaluator_log,,,0,0,0,0,False,0.4458679258823395,0.1304347813129425,0.9666752815246582,,False
16924002938,,/evaluator_log,,,0,0,0,0,False,0.45935139060020447,0.15485313534736633,0.9670991897583008,,False
17024009085,,/evaluator_log,,,0,0,0,0,False,0.461885929107666,0.19107142090797424,0.9618270397186279,,False
17129010643,,/evaluator_log,,,0,0,0,0,False,0.4223302900791168,0.1308642029762268,0.9628810882568359,,False
17229020512,,/evaluator_log,,,0,0,0,0,False,0.428175687789917,0.04619673267006874,0.9612118601799011,,False
17324022719,,/evaluator_log,,,0,0,0,0,False,0.4337335526943207,0.013333332724869251,0.9650911688804626,,False
17429025237,,/evaluator_log,,,0,0,0,0,False,0.4229198694229126,0.11764705926179886,0.9691982269287109,,False
17524027820,,/evaluator_log,,,0,0,0,0,False,0.3987254202365875,0.09767206758260727,0.9680261611938477,,False
17624025550,,/evaluator_log,,,0,0,0,0,False,0.4181203544139862,0.1428571492433548,0.9677289724349976,,False
17729028669,,/evaluator_log,,,0,0,0,0,False,0.4233807921409607,0.15925925970077515,0.9682643413543701,,False
17829027228,,/evaluator_log,,,0,0,0,0,False,0.4174668788909912,0.23005147278308868,0.9697639346122742,,False
17924033618,,/evaluator_log,,,0,0,0,0,False,0.38919782638549805,0.073908731341362,0.9675198197364807,,False
18029041796,,/evaluator_log,,,0,0,0,0,False,0.37846678495407104,0.0,0.9632494449615479,,False
18124038628,,/evaluator_log,,,0,0,0,0,False,0.41276511549949646,0.0683760717511177,0.9587269425392151,,False
18229046910,,/evaluator_log,,,0,0,0,0,False,0.3823671042919159,0.0476190485060215,0.9552995562553406,,False
18329041619,,/evaluator_log,,,0,0,0,0,False,0.40110325813293457,0.016260161995887756,0.9532545804977417,,False
18429042011,,/evaluator_log,,,0,0,0,0,False,0.40588605403900146,0.0,0.9510555863380432,,False
18529043442,,/evaluator_log,,,0,0,0,0,False,0.4126879870891571,0.011904762126505375,0.9507076144218445,,False
18629048586,,/evaluator_log,,,0,0,0,0,False,0.3872612714767456,0.04629629850387573,0.9486418962478638,,False
18724050004,,/evaluator_log,,,0,0,0,0,False,0.3802129328250885,0.0,0.9479735493659973,,False
18829060811,,/evaluator_log,,,0,0,0,0,False,0.3860384523868561,0.06534391641616821,0.9481557607650757,,False
18929056500,,/evaluator_log,,,0,0,0,0,False,0.4133278727531433,0.06201550364494324,0.9517925977706909,,False
19029065674,,/evaluator_log,,,0,0,0,0,False,0.4054830074310303,0.035087719559669495,0.9516674280166626,,False
19129068367,,/evaluator_log,,,0,0,0,0,False,0.4267377555370331,0.08811559528112411,0.9523910284042358,,False
19229071516,,/evaluator_log,,,0,0,0,0,False,0.4096881151199341,0.02298850566148758,0.9567475914955139,,False
19329062131,,/evaluator_log,,,0,0,0,0,False,0.4130993187427521,0.0555555559694767,0.9556384086608887,,False
19429070652,,/evaluator_log,,,0,0,0,0,False,0.4361078143119812,0.1252150982618332,0.9578683376312256,,False
19524072078,,/evaluator_log,,,0,0,0,0,False,0.42533814907073975,0.0775097981095314,0.9582257270812988,,False
19629077114,,/evaluator_log,,,0,0,0,0,False,0.4133051931858063,0.0624176561832428,0.9612367153167725,,False
19724075954,,/evaluator_log,,,0,0,0,0,False,0.4337766766548157,0.1346801370382309,0.964257001876831,,False
19829098236,,/evaluator_log,,,0,0,0,0,False,0.4211706519126892,0.030901722609996796,0.9606696963310242,,False
19929089686,,/evaluator_log,,,0,0,0,0,False,0.42557841539382935,0.07565503567457199,0.9660600423812866,,False
20029082001,,/evaluator_log,,,0,0,0,0,False,0.4190134108066559,0.0896117091178894,0.9645386338233948,,False
20129093197,,/evaluator_log,,,0,0,0,0,False,0.42040106654167175,0.0339113287627697,0.9654301404953003,,False
20224085640,,/evaluator_log,,,0,0,0,0,False,0.4165797233581543,0.09734513610601425,0.9652183651924133,,False
20329098660,,/evaluator_log,,,0,0,0,0,False,0.4163501262664795,0.08451947569847107,0.9652887582778931,,False
20429093236,,/evaluator_log,,,0,0,0,0,False,0.4215703010559082,0.03552350401878357,0.9657419919967651,,False
20529098970,,/evaluator_log,,,0,0,0,0,False,0.421222984790802,0.09444444626569748,0.9663247466087341,,False
20629098208,,/evaluator_log,,,0,0,0,0,False,0.4157421290874481,0.02430555410683155,0.9651657938957214,,False
20729108467,,/evaluator_log,,,0,0,0,0,False,0.42149609327316284,0.06779661029577255,0.966253399848938,,False
20824102323,,/evaluator_log,,,0,0,0,0,False,0.40538451075553894,0.13978494703769684,0.9656240344047546,,False
20929105123,,/evaluator_log,,,0,0,0,0,False,0.42517685890197754,0.10645061731338501,0.9666838049888611,,False
21029111582,,/evaluator_log,,,0,0,0,0,False,0.41478216648101807,0.07547169923782349,0.9653895497322083,,False
21134109687,,/evaluator_log,,,0,0,0,0,False,0.40039515495300293,0.14017094671726227,0.9629180431365967,,False
21229120788,,/evaluator_log,,,0,0,0,0,False,0.41959959268569946,0.103518046438694,0.9663628339767456,,False
21329117648,,/evaluator_log,,,0,0,0,0,False,0.39579880237579346,0.11818239837884903,0.969240128993988,,False
21429125899,,/evaluator_log,,,0,0,0,0,False,0.4239928722381592,0.09340377897024155,0.9696224331855774,,False
21529128481,,/evaluator_log,,,0,0,0,0,False,0.419269859790802,0.10437051206827164,0.9710537791252136,,False
21629125382,,/evaluator_log,,,0,0,0,0,False,0.4266468286514282,0.1317424476146698,0.971825897693634,,False
21729133264,,/evaluator_log,,,0,0,0,0,False,0.423421710729599,0.07901234179735184,0.9723962545394897,,False
21829125071,,/evaluator_log,,,0,0,0,0,False,0.42389288544654846,0.1090909019112587,0.9730981588363647,,False
21929129576,,/evaluator_log,,,0,0,0,0,False,0.4423636496067047,0.12035105377435684,0.9720500707626343,,False
22029140729,,/evaluator_log,,,0,0,0,0,False,0.43060001730918884,0.12679865956306458,0.9747444987297058,,False
22129133088,,/evaluator_log,,,0,0,0,0,False,0.4418886601924896,0.11610738188028336,0.9738417863845825,,False
22229142237,,/evaluator_log,,,0,0,0,0,False,0.4327247440814972,0.12325707823038101,0.9739596843719482,,False
22329138146,,/evaluator_log,,,0,0,0,0,False,0.4384230673313141,0.1354258805513382,0.9742657542228699,,False
22429152459,,/evaluator_log,,,0,0,0,0,False,0.42612481117248535,0.09476422518491745,0.9764000177383423,,False
22529155038,,/evaluator_log,,,0,0,0,0,False,0.43102604150772095,0.11002824455499649,0.976611852645874,,False
22629156055,,/evaluator_log,,,0,0,0,0,False,0.436712384223938,0.13388265669345856,0.9785138964653015,,False
22729160038,,/evaluator_log,,,0,0,0,0,False,0.40072566270828247,0.1321144700050354,0.9780634045600891,,False
22829156834,,/evaluator_log,,,0,0,0,0,False,0.45998191833496094,0.1567714661359787,0.9809863567352295,,False
22924163810,,/evaluator_log,,,0,0,0,0,False,0.43743789196014404,0.07909604161977768,0.9791422486305237,,False
23029163793,,/evaluator_log,,,0,0,0,0,False,0.42501676082611084,0.11264774948358536,0.9792952537536621,,False
23129162182,,/evaluator_log,,,0,0,0,0,False,0.4343532621860504,0.08382066339254379,0.9791098237037659,,False
23229181658,,/evaluator_log,,,0,0,0,0,False,0.40295055508613586,0.07816091924905777,0.9793967604637146,,False
23329185263,,/evaluator_log,,,0,0,0,0,False,0.3988533318042755,0.11178862303495407,0.9799819588661194,,False
23424166797,,/evaluator_log,,,0,0,0,0,False,0.4355815649032593,0.12745098769664764,0.9788947105407715,,False
23529167869,,/evaluator_log,,,0,0,0,0,False,0.4198135435581207,0.07550644129514694,0.9786794185638428,,False
23629175121,,/evaluator_log,,,0,0,0,0,False,0.41500523686408997,0.09624412655830383,0.9788017868995667,,False
23734174508,,/evaluator_log,,,0,0,0,0,False,0.4130338430404663,0.10489510744810104,0.9772264957427979,,False
23829184885,,/evaluator_log,,,0,0,0,0,False,0.40465056896209717,0.07037036865949631,0.9785304069519043,,False
23924196060,,/evaluator_log,,,0,0,0,0,False,0.41606175899505615,0.08534622192382812,0.9807364344596863,,False
24029189948,,/evaluator_log,,,0,0,0,0,False,0.4188528060913086,0.062745101749897,0.9817897081375122,,False
24129192514,,/evaluator_log,,,0,0,0,0,False,0.4116586446762085,0.06296296417713165,0.9832316637039185,,False
24229188876,,/evaluator_log,,,0,0,0,0,False,0.412051796913147,0.06930693238973618,0.9832282662391663,,False
24329197807,,/evaluator_log,,,0,0,0,0,False,0.4215528666973114,0.10256410390138626,0.9839451313018799,,False
24429197715,,/evaluator_log,,,0,0,0,0,False,0.41307738423347473,0.07590759545564651,0.9843064546585083,,False
24529206382,,/evaluator_log,,,0,0,0,0,False,0.4287092387676239,0.0824742242693901,0.9839270114898682,,False
24629205624,,/evaluator_log,,,0,0,0,0,False,0.42695048451423645,0.09764309972524643,0.9857639074325562,,False
24724200432,,/evaluator_log,,,0,0,0,0,False,0.4156591594219208,0.10486891865730286,0.9858880639076233,,False
24829203268,,/evaluator_log,,,0,0,0,0,False,0.41482508182525635,0.04575163498520851,0.9858704209327698,,False
24924207568,,/evaluator_log,,,0,0,0,0,False,0.4112538993358612,0.15555556118488312,0.9887058138847351,,False
25029224017,,/evaluator_log,,,0,0,0,0,False,0.390444815158844,0.09783913940191269,0.9887656569480896,,False
25129217340,,/evaluator_log,,,0,0,0,0,False,0.38973096013069153,0.0882352963089943,0.9881337285041809,,False
25229209858,,/evaluator_log,,,0,0,0,0,False,0.394580215215683,0.1111111119389534,0.9888171553611755,,False
25329222556,,/evaluator_log,,,0,0,0,0,False,0.39862561225891113,0.11974110454320908,0.9885910153388977,,False
25429225212,,/evaluator_log,,,0,0,0,0,False,0.40003812313079834,0.11515151709318161,0.9888927936553955,,False
25529227691,,/evaluator_log,,,0,0,0,0,False,0.3833080232143402,0.07971014827489853,0.9880239367485046,,False
25629229358,,/evaluator_log,,,0,0,0,0,False,0.4000239670276642,0.09785932302474976,0.9895986318588257,,False
25724230816,,/evaluator_log,,,0,0,0,0,False,0.3900962769985199,0.07788161933422089,0.9887439012527466,,False
25829233391,,/evaluator_log,,,0,0,0,0,False,0.412097692489624,0.09764309972524643,0.9891946315765381,,False
25929236798,,/evaluator_log,,,0,0,0,0,False,0.41707393527030945,0.07301587611436844,0.9889956116676331,,False
26024231563,,/evaluator_log,,,0,0,0,0,False,0.43774616718292236,0.12747524678707123,0.9898956418037415,,False
26129231272,,/evaluator_log,,,0,0,0,0,False,0.4591083228588104,0.03703703731298447,0.9896063208580017,,False
26229245493,,/evaluator_log,,,0,0,0,0,False,0.4570052921772003,0.1111111119389534,0.9914955496788025,,False
26324237542,,/evaluator_log,,,0,0,0,0,False,0.48133355379104614,0.12745098769664764,0.9913873076438904,,False
26429250181,,/evaluator_log,,,0,0,0,0,False,0.4601764380931854,0.08695652335882187,0.9914307594299316,,False
26529251667,,/evaluator_log,,,0,0,0,0,False,0.46227943897247314,0.0873015895485878,0.9915997982025146,,False
26624246182,,/evaluator_log,,,0,0,0,0,False,0.45697304606437683,0.07909604161977768,0.9913614988327026,,False
26729254563,,/evaluator_log,,,0,0,0,0,False,0.46545174717903137,0.09950248152017593,0.9918009042739868,,False
26829261077,,/evaluator_log,,,0,0,0,0,False,0.4480700194835663,0.04975124076008797,0.9917240738868713,,False
26924258014,,/evaluator_log,,,0,0,0,0,False,0.46296724677085876,0.08045976608991623,0.9912354946136475,,False
27029257297,,/evaluator_log,,,0,0,0,0,False,0.46611496806144714,0.1111111119389534,0.9926279783248901,,False
27124256752,,/evaluator_log,,,0,0,0,0,False,0.4722101092338562,0.11261261254549026,0.9924588203430176,,False
27229269456,,/evaluator_log,,,0,0,0,0,False,0.4613102078437805,0.053333330899477005,0.9925972819328308,,False
27329263922,,/evaluator_log,,,0,0,0,0,False,0.4602747857570648,0.0364583320915699,0.9920551776885986,,False
27424270316,,/evaluator_log,,,0,0,0,0,False,0.471877783536911,0.10769230872392654,0.9920458197593689,,False
27529275921,,/evaluator_log,,,0,0,0,0,False,0.48071709275245667,0.14666666090488434,0.9924769997596741,,False
27629283276,,/evaluator_log,,,0,0,0,0,False,0.4614817202091217,0.025641025975346565,0.9924754500389099,,False
27729283660,,/evaluator_log,,,0,0,0,0,False,0.4931494891643524,0.1204819306731224,0.9932416677474976,,False
27824279732,,/evaluator_log,,,0,0,0,0,False,0.4918881058692932,0.11674347519874573,0.9932563900947571,,False
27929287464,,/evaluator_log,,,0,0,0,0,False,0.4926580488681793,0.07999999821186066,0.9931579828262329,,False
28029290301,,/evaluator_log,,,0,0,0,0,False,0.4826717972755432,0.06425702571868896,0.9926940202713013,,False
28129292400,,/evaluator_log,,,0,0,0,0,False,0.4838288724422455,0.06666667014360428,0.9924871325492859,,False
28229285343,,/evaluator_log,,,0,0,0,0,False,0.4926663637161255,0.13476842641830444,0.9933284521102905,,False
28324287977,,/evaluator_log,,,0,0,0,0,False,0.4946046769618988,0.10526315122842789,0.9930455684661865,,False
28424288876,,/evaluator_log,,,0,0,0,0,False,0.4960182309150696,0.09345794469118118,0.9927752614021301,,False
28529306498,,/evaluator_log,,,0,0,0,0,False,0.49865469336509705,0.1076388880610466,0.9930312037467957,,False
28624306404,,/evaluator_log,,,0,0,0,0,False,0.5083723068237305,0.09578543901443481,0.9926980137825012,,False
28729296513,,/evaluator_log,,,0,0,0,0,False,0.48965150117874146,0.028735632076859474,0.9932291507720947,,False
28824304047,,/evaluator_log,,,0,0,0,0,False,0.49478599429130554,0.03030303120613098,0.9941124320030212,,False
28924302355,,/evaluator_log,,,0,0,0,0,False,0.4904516339302063,0.09259259700775146,0.9922247529029846,,False
29029314525,,/evaluator_log,,,0,0,0,0,False,0.4973035752773285,0.1071428582072258,0.9939159750938416,,False
29129317713,,/evaluator_log,,,0,0,0,0,False,0.5003385543823242,0.15942029654979706,0.9936428070068359,,False
29229313847,,/evaluator_log,,,0,0,0,0,False,0.48747557401657104,0.1190476194024086,0.9939239621162415,,False
29324321895,,/evaluator_log,,,0,0,0,0,False,0.5204021334648132,0.0,0.994884192943573,,False
29424317681,,/evaluator_log,,,0,0,0,0,False,0.5193345546722412,0.0,0.9945171475410461,,False
29529321894,,/evaluator_log,,,0,0,0,0,False,0.5220959782600403,0.0,0.9951618313789368,,False
29629330904,,/evaluator_log,,,0,0,0,0,False,0.5360780954360962,0.0,0.9953465461730957,,False
29729340765,,/evaluator_log,,,0,0,0,0,False,0.53519606590271,0.0,0.9948703646659851,,False
29829343459,,/evaluator_log,,,0,0,0,0,False,0.5282469987869263,0.0,0.994889497756958,,False
29924326843,,/evaluator_log,,,0,0,0,0,False,0.5842770338058472,0.0,0.9947408437728882,,False
30029333000,,/evaluator_log,,,0,0,0,0,False,0.5455870032310486,0.0,0.9955883026123047,,False
30124334671,,/evaluator_log,,,0,0,0,0,False,0.5385004878044128,0.0,0.9952934384346008,,False
30229336213,,/evaluator_log,,,0,0,0,0,False,0.5829612016677856,0.0,0.9953495264053345,,False
30329346245,,/evaluator_log,,,0,0,0,0,False,0.5763334631919861,0.0,0.9947413206100464,,False
30429349065,,/evaluator_log,,,0,0,0,0,False,0.593185305595398,0.0,0.9948140382766724,,False
30524344147,,/evaluator_log,,,0,0,0,0,False,0.5943263173103333,0.0,0.9947230815887451,,False
30629355600,,/evaluator_log,,,0,0,0,0,False,0.5741365551948547,0.0,0.9950323104858398,,False
30729356191,,/evaluator_log,,,0,0,0,0,False,0.5839734077453613,0.0,0.9949407577514648,,False
30829349428,,/evaluator_log,,,0,0,0,0,False,0.580075740814209,0.0,0.9948817491531372,,False
30934357334,,/evaluator_log,,,0,0,0,0,False,0.5701591372489929,0.0,0.9949010610580444,,False
31029365179,,/evaluator_log,,,0,0,0,0,False,0.5756786465644836,0.0,0.9944892525672913,,False
31129359696,,/evaluator_log,,,0,0,0,0,False,0.5718445181846619,0.0,0.9944118857383728,,False
31229369205,,/evaluator_log,,,0,0,0,0,False,0.5283147692680359,0.0,0.9927084445953369,,False
31324365999,,/evaluator_log,,,0,0,0,0,False,0.5678989291191101,0.25,0.9942612648010254,,False
31424373990,,/evaluator_log,,,0,0,0,0,False,0.5463835000991821,0.1428571492433548,0.9948474764823914,,False
31529368968,,/evaluator_log,,,0,0,0,0,False,0.5087789297103882,0.025641025975346565,0.9939217567443848,,False
31624389932,,/evaluator_log,,,0,0,0,0,False,0.5098904371261597,0.04444444552063942,0.9945499897003174,,False
31729391004,,/evaluator_log,,,0,0,0,0,False,0.5231338739395142,0.07407407462596893,0.994123101234436,,False
31829382188,,/evaluator_log,,,0,0,0,0,False,0.5097337961196899,0.1041666641831398,0.9942521452903748,,False
31929398503,,/evaluator_log,,,0,0,0,0,False,0.5512896776199341,0.1071428582072258,0.9952524304389954,,False
32029400586,,/evaluator_log,,,0,0,0,0,False,0.5270325541496277,0.14705882966518402,0.9948630332946777,,False
32124382151,,/evaluator_log,,,0,0,0,0,False,0.5501350164413452,0.1666666716337204,0.9950123429298401,,False
32229388654,,/evaluator_log,,,0,0,0,0,False,0.5309785008430481,0.07894736528396606,0.9945831894874573,,False
32324390350,,/evaluator_log,,,0,0,0,0,False,0.5318971872329712,0.0833333358168602,0.9948235750198364,,False
32429399361,,/evaluator_log,,,0,0,0,0,False,0.5320313572883606,0.10526315867900848,0.9946021437644958,,False
32524390770,,/evaluator_log,,,0,0,0,0,False,0.5030660629272461,0.02380952425301075,0.9946020245552063,,False
32629394737,,/evaluator_log,,,0,0,0,0,False,0.5040271282196045,0.0,0.994784414768219,,False
32729416952,,/evaluator_log,,,0,0,0,0,False,0.5131959319114685,0.029411764815449715,0.9934322834014893,,False
32829422024,,/evaluator_log,,,0,0,0,0,False,0.49294567108154297,0.0,0.9938733577728271,,False
32929426086,,/evaluator_log,,,0,0,0,0,False,0.5086391568183899,0.0625,0.994351327419281,,False
33029427584,,/evaluator_log,,,0,0,0,0,False,0.47110310196876526,0.0,0.9935337901115417,,False
33129425780,,/evaluator_log,,,0,0,0,0,False,0.5119879841804504,0.2943806052207947,0.9935896396636963,,False
33229427653,,/evaluator_log,,,0,0,0,0,False,0.5201823711395264,0.24836601316928864,0.9940519332885742,,False
33329430203,,/evaluator_log,,,0,0,0,0,False,0.5490684509277344,0.23943662643432617,0.9947344660758972,,False
33419421339,,/evaluator_log,,,0,0,0,0,False,0.5579566955566406,0.24242424964904785,0.9946205615997314,,False
33524420890,,/evaluator_log,,,0,0,0,0,False,0.5761139988899231,0.23508770763874054,0.9933344721794128,,False
33629427078,,/evaluator_log,,,0,0,0,0,False,0.5713484883308411,0.23333333432674408,0.9927775263786316,,False
33729432408,,/evaluator_log,,,0,0,0,0,False,0.5449627041816711,0.23024053871631622,0.9925681948661804,,False
33829434297,,/evaluator_log,,,0,0,0,0,False,0.5675346255302429,0.25850340723991394,0.9929013252258301,,False
33929431690,,/evaluator_log,,,0,0,0,0,False,0.5374269485473633,0.24000000953674316,0.9924514889717102,,False
34029432957,,/evaluator_log,,,0,0,0,0,False,0.5433368682861328,0.22006471455097198,0.9922469258308411,,False
34124432046,,/evaluator_log,,,0,0,0,0,False,0.5144083499908447,0.22772276401519775,0.9931147694587708,,False
34229449276,,/evaluator_log,,,0,0,0,0,False,0.5273170471191406,0.20679013431072235,0.9955751299858093,,False
34329444211,,/evaluator_log,,,0,0,0,0,False,0.5121737718582153,0.23148147761821747,0.9949947595596313,,False
34429449024,,/evaluator_log,,,0,0,0,0,False,0.45792365074157715,0.17105263471603394,0.994172990322113,,False
34529451207,,/evaluator_log,,,0,0,0,0,False,0.477876216173172,0.24074073135852814,0.9935929775238037,,False
34629460410,,/evaluator_log,,,0,0,0,0,False,0.45649534463882446,0.17391304671764374,0.9935153722763062,,False
34729451673,,/evaluator_log,,,0,0,0,0,False,0.47388124465942383,0.22314049303531647,0.992709755897522,,False
34829459372,,/evaluator_log,,,0,0,0,0,False,0.46476486325263977,0.2347826212644577,0.9926539063453674,,False
34929456751,,/evaluator_log,,,0,0,0,0,False,0.4429647624492645,0.20080643892288208,0.9932311177253723,,False
35024459039,,/evaluator_log,,,0,0,0,0,False,0.4373524785041809,0.17975206673145294,0.9929888248443604,,False
35124458915,,/evaluator_log,,,0,0,0,0,False,0.4785790741443634,0.26631230115890503,0.9936375021934509,,False
35229464886,,/evaluator_log,,,0,0,0,0,False,0.5029981136322021,0.2587365508079529,0.9938616752624512,,False
35324463720,,/evaluator_log,,,0,0,0,0,False,0.5475367307662964,0.3816239535808563,0.9938786029815674,,False
35429469051,,/evaluator_log,,,0,0,0,0,False,0.5282065868377686,0.3203798532485962,0.9936147332191467,,False
35529476444,,/evaluator_log,,,0,0,0,0,False,0.5211282968521118,0.38912877440452576,0.9934254884719849,,False
35629473294,,/evaluator_log,,,0,0,0,0,False,0.5533194541931152,0.3243523836135864,0.9936870336532593,,False
35729479259,,/evaluator_log,,,0,0,0,0,False,0.5480636358261108,0.3085213303565979,0.9928820133209229,,False
35829483839,,/evaluator_log,,,0,0,0,0,False,0.562537670135498,0.31800976395606995,0.993365466594696,,False
35924486938,,/evaluator_log,,,0,0,0,0,False,0.5543834567070007,0.3226495683193207,0.9930075407028198,,False
36029482387,,/evaluator_log,,,0,0,0,0,False,0.5701911449432373,0.31193429231643677,0.9928193688392639,,False
36124482670,,/evaluator_log,,,0,0,0,0,False,0.6049667000770569,0.44422340393066406,0.9932119250297546,,False
36229491561,,/evaluator_log,,,0,0,0,0,False,0.5628147125244141,0.4435185194015503,0.9928180575370789,,False
36329496297,,/evaluator_log,,,0,0,0,0,False,0.5406023859977722,0.3253968358039856,0.993168294429779,,False
36429498945,,/evaluator_log,,,0,0,0,0,False,0.556297242641449,0.29760199785232544,0.9936187267303467,,False
36524493500,,/evaluator_log,,,0,0,0,0,False,0.5104354619979858,0.31945914030075073,0.9937096238136292,,False
36624504416,,/evaluator_log,,,0,0,0,0,False,0.5753577947616577,0.39737358689308167,0.9932585954666138,,False
36724498351,,/evaluator_log,,,0,0,0,0,False,0.5575599074363708,0.3745059072971344,0.9934988021850586,,False
36829510854,,/evaluator_log,,,0,0,0,0,False,0.5456175804138184,0.300539493560791,0.9938331842422485,,False
36924513791,,/evaluator_log,,,0,0,0,0,False,0.5470929741859436,0.2795153260231018,0.9933990240097046,,False
37024511164,,/evaluator_log,,,0,0,0,0,False,0.5506752133369446,0.2608904242515564,0.9929847717285156,,False
37129516288,,/evaluator_log,,,0,0,0,0,False,0.5931599736213684,0.3513889014720917,0.9933596849441528,,False
37229519285,,/evaluator_log,,,0,0,0,0,False,0.5996935963630676,0.3311965763568878,0.9932239055633545,,False
37329513491,,/evaluator_log,,,0,0,0,0,False,0.6017958521842957,0.3385142385959625,0.9934102892875671,,False
37429523782,,/evaluator_log,,,0,0,0,0,False,0.5748628377914429,0.2826698422431946,0.9932941794395447,,False
37524526023,,/evaluator_log,,,0,0,0,0,False,0.5708615183830261,0.25627386569976807,0.9931033253669739,,False
37624528994,,/evaluator_log,,,0,0,0,0,False,0.5614901781082153,0.24455541372299194,0.992089033126831,,False
37724522001,,/evaluator_log,,,0,0,0,0,False,0.6226552724838257,0.39418959617614746,0.9927964210510254,,False
37824523140,,/evaluator_log,,,0,0,0,0,False,0.5775079727172852,0.4116809368133545,0.9933183789253235,,False
37929530183,,/evaluator_log,,,0,0,0,0,False,0.56048184633255,0.2782961130142212,0.9931642413139343,,False
38024530158,,/evaluator_log,,,0,0,0,0,False,0.5819438099861145,0.35034918785095215,0.993105947971344,,False
38129542441,,/evaluator_log,,,0,0,0,0,False,0.5834172964096069,0.333890825510025,0.9936107993125916,,False
38229543456,,/evaluator_log,,,0,0,0,0,False,0.6206343173980713,0.46052277088165283,0.9928357005119324,,False
38329545161,,/evaluator_log,,,0,0,0,0,False,0.5905721187591553,0.3837599456310272,0.993229329586029,,False
38424548875,,/evaluator_log,,,0,0,0,0,False,0.5722249746322632,0.3621915876865387,0.9927949905395508,,False
38524543559,,/evaluator_log,,,0,0,0,0,False,0.5732762217521667,0.3479352295398712,0.9921484589576721,,False
38629548315,,/evaluator_log,,,0,0,0,0,False,0.602047324180603,0.4635019302368164,0.992807924747467,,False
38729556153,,/evaluator_log,,,0,0,0,0,False,0.5591787695884705,0.3496907651424408,0.9929781556129456,,False
38829553839,,/evaluator_log,,,0,0,0,0,False,0.5478371381759644,0.32198566198349,0.9921675324440002,,False
38929561176,,/evaluator_log,,,0,0,0,0,False,0.5559725761413574,0.2922505736351013,0.9927759766578674,,False
39024552803,,/evaluator_log,,,0,0,0,0,False,0.5788267254829407,0.3516865074634552,0.9931321740150452,,False
39124558698,,/evaluator_log,,,0,0,0,0,False,0.5443630218505859,0.2503097653388977,0.9926756024360657,,False
39229558142,,/evaluator_log,,,0,0,0,0,False,0.5337040424346924,0.22510822117328644,0.9932789206504822,,False
39324561642,,/evaluator_log,,,0,0,0,0,False,0.5551297068595886,0.23553720116615295,0.9930676817893982,,False
39429563066,,/evaluator_log,,,0,0,0,0,False,0.558926522731781,0.289186954498291,0.9925028681755066,,False
39524568278,,/evaluator_log,,,0,0,0,0,False,0.575542688369751,0.3608871102333069,0.9930106997489929,,False
39629571582,,/evaluator_log,,,0,0,0,0,False,0.5568789839744568,0.347897469997406,0.9925040006637573,,False
39729580991,,/evaluator_log,,,0,0,0,0,False,0.5214629173278809,0.2734557092189789,0.9919822812080383,,False
39824582550,,/evaluator_log,,,0,0,0,0,False,0.5198938250541687,0.2594919800758362,0.9914956092834473,,False
39929580756,,/evaluator_log,,,0,0,0,0,False,0.5151317715644836,0.2907075881958008,0.9918203353881836,,False