timestamp,scenario,source,rule_name,strategy_name,strategy_hash,strategy_status,adaptation_type,adaptation_status,success,iou,vehicle_iou,road_iou,gt_failure_name,is_gt_failure
618378483,,analyzer,SegmentationDead,,0,0,0,0,False,0.0,0.0,0.0,,False
618378483,,analyzer,RGBDead,,0,0,0,0,False,0.0,0.0,0.0,,False
618378483,,analyzer,SensorFusionDead,,0,0,0,0,False,0.0,0.0,0.0,,False
638380053,,/camera/experiment_log,,,0,0,0,0,False,0.0,0.0,0.0,shutdown,True
623375287,,planning,SensorFusionDead,sensor_fusion_redeploy,209983007077540200,1,0,0,False,0.0,0.0,0.0,,False
623375287,,planning,RGBDead,rgb_redeploy,5800010051192795019,1,0,0,False,0.0,0.0,0.0,,False
623375287,,execution_redeploy,,,0,0,4,1,False,0.0,0.0,0.0,,False
623375287,,execution_redeploy,,,0,0,4,1,False,0.0,0.0,0.0,,False
1003383036,_005,scenario_executor,,,0,0,0,0,False,0.0,0.0,0.0,do_hard_drop_sensor_fusion,False
1003383036,_005,scenario_executor,,,0,0,0,0,False,0.0,0.0,0.0,image_degradation,False
1003383036,_005,scenario_executor,,,0,0,0,0,False,0.0,0.0,0.0,autofocus_needed,False
1023389949,,planning,SegmentationDead,segmentation_redeploy,4862303032868966723,1,0,0,False,0.0,0.0,0.0,,False
1023389949,,execution_redeploy,,,0,0,0,3,True,0.0,0.0,0.0,,False
1023389949,,execution_redeploy,,,0,0,0,3,True,0.0,0.0,0.0,,False
1423402067,,execution_redeploy,,,0,0,4,1,False,0.0,0.0,0.0,,False
1383399930,,/evaluator_log,,,0,0,0,0,False,0.4567387104034424,0.4553191363811493,0.9668986797332764,,False
1508397496,,/evaluator_log,,,0,0,0,0,False,0.4587119519710541,0.4604700803756714,0.9675349593162537,,False
1823413348,,execution_redeploy,,,0,0,0,3,True,0.0,0.0,0.0,,False
2218411541,,analyzer,AutoFocusNeeded,,0,0,0,0,False,0.0,0.0,0.0,,False
2218411541,,analyzer,RGBDead,rgb_redeploy,5800010051192795019,3,0,0,True,0.0,0.0,0.0,,False
2218411541,,analyzer,SensorFusionDead,sensor_fusion_redeploy,209983007077540200,3,0,0,True,0.0,0.0,0.0,,False
2223411485,,planning,AutoFocusNeeded,autofocus_strategy,18274997830408420195,1,0,0,False,0.0,0.0,0.0,,False
2223411485,,execution_parametrization,,,0,0,0,1,False,0.0,0.0,0.0,,False
2618420753,,analyzer,AutoFocusNeeded,autofocus_strategy,18274997830408420195,3,0,0,True,0.0,0.0,0.0,,False
3118440555,,/evaluator_log,,,0,0,0,0,False,0.24780091643333435,0.0,0.42133501172065735,,False
3138440242,,/evaluator_log,,,0,0,0,0,False,0.24826855957508087,0.0,0.39058399200439453,,False
3163432769,,/evaluator_log,,,0,0,0,0,False,0.25474780797958374,0.0,0.3640606701374054,,False
3183433588,,/evaluator_log,,,0,0,0,0,False,0.26683223247528076,0.15853658318519592,0.3584229350090027,,False
3208433710,,/evaluator_log,,,0,0,0,0,False,0.27841466665267944,0.14961831271648407,0.36443474888801575,,False
3228433661,,/evaluator_log,,,0,0,0,0,False,0.27367639541625977,0.117365263402462,0.3748478889465332,,False
3323445029,,/evaluator_log,,,0,0,0,0,False,0.2629096210002899,0.09617486596107483,0.37071874737739563,,False
3418439557,,/evaluator_log,,,0,0,0,0,False,0.24999670684337616,0.08435096591711044,0.3661072552204132,,False
3423439867,,execution_parametrization,,,0,0,0,3,True,0.0,0.0,0.0,,False
3523443856,,/evaluator_log,,,0,0,0,0,False,0.25665828585624695,0.07686832547187805,0.3410535752773285,,False
3623451078,,/evaluator_log,,,0,0,0,0,False,0.26479268074035645,0.10871795564889908,0.32651206851005554,,False
3718445084,,/evaluator_log,,,0,0,0,0,False,0.25589966773986816,0.1066974550485611,0.3138532340526581,,False
3823457448,,/evaluator_log,,,0,0,0,0,False,0.24894264340400696,0.0818452462553978,0.3013356328010559,,False
3818448482,,analyzer,SegmentationBad,,0,0,0,0,False,0.0,0.0,0.0,,False
3818448482,,analyzer,SegmentationDead,segmentation_redeploy,4862303032868966723,3,0,0,True,0.0,0.0,0.0,,False
3823457448,,planning,SegmentationBad,recalibration,12522202132277569776,1,0,0,False,0.0,0.0,0.0,,False
3823457448,,execution_parametrization,,,0,0,0,1,False,0.0,0.0,0.0,,False
3918449246,,/evaluator_log,,,0,0,0,0,False,0.25386539101600647,0.10185185819864273,0.2832353115081787,,False
4023466925,,/evaluator_log,,,0,0,0,0,False,0.25307533144950867,0.10784313827753067,0.29576802253723145,,False
4123462035,,/evaluator_log,,,0,0,0,0,False,0.24301493167877197,0.09803921729326248,0.271904855966568,,False
4223465328,,/evaluator_log,,,0,0,0,0,False,0.24864093959331512,0.08855721354484558,0.3159119486808777,,False
4223465328,,execution_parametrization,,,0,0,0,3,True,0.0,0.0,0.0,,False
4323471252,,/evaluator_log,,,0,0,0,0,False,0.248631089925766,0.10000000149011612,0.31662049889564514,,False
4423461098,,/evaluator_log,,,0,0,0,0,False,0.25037550926208496,0.11512194573879242,0.32611432671546936,,False
4523465073,,/evaluator_log,,,0,0,0,0,False,0.24249842762947083,0.08423738181591034,0.30500879883766174,,False
4623467243,,/evaluator_log,,,0,0,0,0,False,0.24723157286643982,0.1094527393579483,0.31787508726119995,,False
4723470195,,/evaluator_log,,,0,0,0,0,False,0.24387940764427185,0.1041666641831398,0.33472952246665955,,False
4823473414,,/evaluator_log,,,0,0,0,0,False,0.2339656949043274,0.08128079026937485,0.338273286819458,,False
4923472612,,/evaluator_log,,,0,0,0,0,False,0.21911905705928802,0.035164836794137955,0.32103586196899414,,False
5023475229,,/evaluator_log,,,0,0,0,0,False,0.24819447100162506,0.11158797889947891,0.33520933985710144,,False
5123477248,,/evaluator_log,,,0,0,0,0,False,0.2399563044309616,0.11072961241006851,0.31209057569503784,,False
5223480240,,/evaluator_log,,,0,0,0,0,False,0.2384134978055954,0.10699588060379028,0.2784351408481598,,False
5323489597,,/evaluator_log,,,0,0,0,0,False,0.25234249234199524,0.12328766286373138,0.2912800908088684,,False
5423486668,,/evaluator_log,,,0,0,0,0,False,0.2514757812023163,0.12424242496490479,0.3396468162536621,,False
5418485081,,analyzer,SegmentationBad,recalibration,12522202132277569776,4,0,0,False,0.0,0.0,0.0,,False
5423486668,,planning,SegmentationBad,enhancement_activate,8888226150480900823,1,0,0,False,0.0,0.0,0.0,,False
5423486668,,execution_lifecycle_change,,,0,0,0,1,False,0.0,0.0,0.0,,False
5423486668,,execution_comm_change,,,0,0,5,1,False,0.0,0.0,0.0,,False
5533491537,,/evaluator_log,,,0,0,0,0,False,0.4072340130805969,0.20680411159992218,0.951497495174408,,False
5618485602,,/evaluator_log,,,0,0,0,0,False,0.39652779698371887,0.1995154172182083,0.9488728642463684,,False
5728493882,,/evaluator_log,,,0,0,0,0,False,0.3859299421310425,0.1928071826696396,0.9493534564971924,,False
5823495398,,/evaluator_log,,,0,0,0,0,False,0.3978493809700012,0.23231758177280426,0.9464542865753174,,False
5823495398,,execution_lifecycle_change,,,0,0,0,3,True,0.0,0.0,0.0,,False
5928497243,,/evaluator_log,,,0,0,0,0,False,0.4126264452934265,0.20725411176681519,0.9444077014923096,,False
6023505272,,/evaluator_log,,,0,0,0,0,False,0.4193629324436188,0.2189083844423294,0.9482929110527039,,False
6123507205,,/evaluator_log,,,0,0,0,0,False,0.41620922088623047,0.19445161521434784,0.9441953897476196,,False
6223516468,,/evaluator_log,,,0,0,0,0,False,0.4353598654270172,0.24681726098060608,0.947223961353302,,False
6218516539,,analyzer,SegmentationBad,enhancement_activate,8888226150480900823,3,0,0,True,0.0,0.0,0.0,,False
6223516468,,execution_comm_change,,,0,0,0,3,True,0.0,0.0,0.0,,False
6323501942,,/evaluator_log,,,0,0,0,0,False,0.4418928921222687,0.27153390645980835,0.9508539438247681,,False
6418503127,,/evaluator_log,,,0,0,0,0,False,0.4153331518173218,0.19825701415538788,0.9384342432022095,,False
6523517186,,/evaluator_log,,,0,0,0,0,False,0.42011481523513794,0.3693798780441284,0.9276543259620667,,False
6623514277,,/evaluator_log,,,0,0,0,0,False,0.39656102657318115,0.26608046889305115,0.9467751979827881,,False
6723514518,,/evaluator_log,,,0,0,0,0,False,0.3979567587375641,0.20083755254745483,0.9451597929000854,,False
6823522933,,/evaluator_log,,,0,0,0,0,False,0.41560959815979004,0.2469276487827301,0.9491254091262817,,False
6923519988,,/evaluator_log,,,0,0,0,0,False,0.390217125415802,0.2425430417060852,0.9455387592315674,,False
7023527051,,/evaluator_log,,,0,0,0,0,False,0.3913106918334961,0.2369813323020935,0.9487011432647705,,False
7123523292,,/evaluator_log,,,0,0,0,0,False,0.4036422371864319,0.26768404245376587,0.9466906189918518,,False
7218526469,,/evaluator_log,,,0,0,0,0,False,0.3843632638454437,0.28385528922080994,0.9480460286140442,,False
7323527822,,/evaluator_log,,,0,0,0,0,False,0.3980660140514374,0.23643040657043457,0.9513788819313049,,False
7418534575,,/evaluator_log,,,0,0,0,0,False,0.42304810881614685,0.28334158658981323,0.9516879916191101,,False
7523539912,,/evaluator_log,,,0,0,0,0,False,0.4236159026622772,0.3186045289039612,0.9527004957199097,,False
7628536486,,/evaluator_log,,,0,0,0,0,False,0.42268821597099304,0.27886420488357544,0.9543726444244385,,False
7723536543,,/evaluator_log,,,0,0,0,0,False,0.44116678833961487,0.3386150002479553,0.9548667669296265,,False
7823536668,,/evaluator_log,,,0,0,0,0,False,0.4305998980998993,0.29398781061172485,0.9584549069404602,,False
7923539021,,/evaluator_log,,,0,0,0,0,False,0.44760751724243164,0.3191845715045929,0.9560830593109131,,False
8023542724,,/evaluator_log,,,0,0,0,0,False,0.44317835569381714,0.3359876573085785,0.9597543478012085,,False
8123546516,,/evaluator_log,,,0,0,0,0,False,0.4409419894218445,0.30511265993118286,0.9598335027694702,,False
8223548133,,/evaluator_log,,,0,0,0,0,False,0.4531584680080414,0.3617594838142395,0.9574757814407349,,False
8323555572,,/evaluator_log,,,0,0,0,0,False,0.4537389874458313,0.3557220995426178,0.9610797762870789,,False
8428553802,,/evaluator_log,,,0,0,0,0,False,0.4584696888923645,0.374594509601593,0.9635366201400757,,False
8523555147,,/evaluator_log,,,0,0,0,0,False,0.46570664644241333,0.395585834980011,0.965113639831543,,False
8623561018,,/evaluator_log,,,0,0,0,0,False,0.45276668667793274,0.33529186248779297,0.9616296887397766,,False
8728567044,,/evaluator_log,,,0,0,0,0,False,0.48925015330314636,0.4416256844997406,0.9671957492828369,,False
8823567877,,/evaluator_log,,,0,0,0,0,False,0.461208701133728,0.3451005816459656,0.9651229381561279,,False
8923566793,,/evaluator_log,,,0,0,0,0,False,0.4966680407524109,0.47761592268943787,0.9667773246765137,,False
9023568744,,/evaluator_log,,,0,0,0,0,False,0.4577946364879608,0.3570374548435211,0.9654164910316467,,False
9123568976,,/evaluator_log,,,0,0,0,0,False,0.4751203954219818,0.4055840075016022,0.9675886034965515,,False
9223572267,,/evaluator_log,,,0,0,0,0,False,0.46548858284950256,0.3808491826057434,0.9661460518836975,,False
9323573921,,/evaluator_log,,,0,0,0,0,False,0.4543795883655548,0.3514285683631897,0.9689124226570129,,False
9423574160,,/evaluator_log,,,0,0,0,0,False,0.45946118235588074,0.42550015449523926,0.9693832993507385,,False
9523578220,,/evaluator_log,,,0,0,0,0,False,0.44664862751960754,0.3640775680541992,0.9674156308174133,,False
9628586168,,/evaluator_log,,,0,0,0,0,False,0.499502569437027,0.5009820461273193,0.964836835861206,,False
9723583923,,/evaluator_log,,,0,0,0,0,False,0.48578569293022156,0.3868735432624817,0.9608904719352722,,False
9818586773,,/evaluator_log,,,0,0,0,0,False,0.5195212960243225,0.47977519035339355,0.9615176916122437,,False
9923590927,,/evaluator_log,,,0,0,0,0,False,0.49268922209739685,0.38365331292152405,0.9576442837715149,,False
10023593098,,/evaluator_log,,,0,0,0,0,False,0.5497097373008728,0.44485801458358765,0.9628542065620422,,False
10123595078,,/evaluator_log,,,0,0,0,0,False,0.531718909740448,0.37135496735572815,0.9602189660072327,,False
10223589440,,/evaluator_log,,,0,0,0,0,False,0.5688152313232422,0.4205071032047272,0.9627084732055664,,False
10323593314,,/evaluator_log,,,0,0,0,0,False,0.5624940991401672,0.38349342346191406,0.9618117809295654,,False
10423591693,,/evaluator_log,,,0,0,0,0,False,0.5499382615089417,0.3884473145008087,0.958633542060852,,False
10523607629,,/evaluator_log,,,0,0,0,0,False,0.5528474450111389,0.41903939843177795,0.956508219242096,,False
10623607863,,/evaluator_log,,,0,0,0,0,False,0.5619865655899048,0.4356355667114258,0.9617108702659607,,False
10723610227,,/evaluator_log,,,0,0,0,0,False,0.5333515405654907,0.41407090425491333,0.9626902937889099,,False
10823613187,,/evaluator_log,,,0,0,0,0,False,0.5316376090049744,0.38811367750167847,0.962467610836029,,False
10923607163,,/evaluator_log,,,0,0,0,0,False,0.5213850736618042,0.4228300452232361,0.964588463306427,,False
11023609793,,/evaluator_log,,,0,0,0,0,False,0.5163746476173401,0.37951841950416565,0.9633393883705139,,False
11123612142,,/evaluator_log,,,0,0,0,0,False,0.5066598057746887,0.36220964789390564,0.9651525020599365,,False
11218617674,,/evaluator_log,,,0,0,0,0,False,0.5720590353012085,0.49645864963531494,0.9683635830879211,,False
11328626317,,/evaluator_log,,,0,0,0,0,False,0.588093101978302,0.5204260945320129,0.9674477577209473,,False
11423615443,,/evaluator_log,,,0,0,0,0,False,0.5699391961097717,0.43039655685424805,0.9635815620422363,,False
11518623964,,/evaluator_log,,,0,0,0,0,False,0.5876377820968628,0.4520273208618164,0.9617102742195129,,False
11623622857,,/evaluator_log,,,0,0,0,0,False,0.5863057374954224,0.4802696108818054,0.959855318069458,,False
11723633137,,/evaluator_log,,,0,0,0,0,False,0.5660625696182251,0.304497092962265,0.9619722366333008,,False
11823629953,,/evaluator_log,,,0,0,0,0,False,0.5706742405891418,0.36231639981269836,0.9638365507125854,,False
11918633837,,/evaluator_log,,,0,0,0,0,False,0.5935221910476685,0.4110981523990631,0.9636207818984985,,False
12023633117,,/evaluator_log,,,0,0,0,0,False,0.5572599172592163,0.35820579528808594,0.9682022929191589,,False
12123641348,,/evaluator_log,,,0,0,0,0,False,0.535964846611023,0.3050254285335541,0.9679363369941711,,False
12218639767,,/evaluator_log,,,0,0,0,0,False,0.5561468601226807,0.3037383258342743,0.9670852422714233,,False
12323640532,,/evaluator_log,,,0,0,0,0,False,0.5950107574462891,0.4994089603424072,0.9661693572998047,,False
12428638798,,/evaluator_log,,,0,0,0,0,False,0.516674816608429,0.22735589742660522,0.962096631526947,,False
12523649595,,/evaluator_log,,,0,0,0,0,False,0.5332502126693726,0.44175466895103455,0.9648038148880005,,False
12623644863,,/evaluator_log,,,0,0,0,0,False,0.6291046142578125,0.4968317449092865,0.962212324142456,,False
12723654931,,/evaluator_log,,,0,0,0,0,False,0.5961061120033264,0.3059239685535431,0.9617335796356201,,False
12823648907,,/evaluator_log,,,0,0,0,0,False,0.6270754933357239,0.5634738802909851,0.9601832032203674,,False
12923658822,,/evaluator_log,,,0,0,0,0,False,0.5788451433181763,0.3705174922943115,0.960882306098938,,False
13028655396,,/evaluator_log,,,0,0,0,0,False,0.6232233643531799,0.4985578954219818,0.9618032574653625,,False
13123664147,,/evaluator_log,,,0,0,0,0,False,0.6123567223548889,0.36367881298065186,0.9622926712036133,,False
13223659711,,/evaluator_log,,,0,0,0,0,False,0.5940719842910767,0.39025697112083435,0.9633353352546692,,False
13323668192,,/evaluator_log,,,0,0,0,0,False,0.5867248177528381,0.30816832184791565,0.9644157886505127,,False
13423670446,,/evaluator_log,,,0,0,0,0,False,0.5942391157150269,0.31386861205101013,0.9661709666252136,,False
13523672079,,/evaluator_log,,,0,0,0,0,False,0.5917015075683594,0.3373015820980072,0.9660162925720215,,False
13623671081,,/evaluator_log,,,0,0,0,0,False,0.5780602693557739,0.5003300309181213,0.9656188488006592,,False
13723669136,,/evaluator_log,,,0,0,0,0,False,0.5460036993026733,0.2976680397987366,0.9672253131866455,,False
13823673320,,/evaluator_log,,,0,0,0,0,False,0.5151551961898804,0.2222222238779068,0.9644282460212708,,False
13923675949,,/evaluator_log,,,0,0,0,0,False,0.5384346842765808,0.23333333432674408,0.9668387770652771,,False
14018676863,,/evaluator_log,,,0,0,0,0,False,0.48005741834640503,0.0,0.9690515398979187,,False
14118682646,,/evaluator_log,,,0,0,0,0,False,0.532198965549469,0.1031746044754982,0.9715670943260193,,False
14223693389,,/evaluator_log,,,0,0,0,0,False,0.5281937718391418,0.17493796348571777,0.9692113995552063,,False
14323693726,,/evaluator_log,,,0,0,0,0,False,0.5515991449356079,0.1590413898229599,0.9727163314819336,,False
14423696650,,/evaluator_log,,,0,0,0,0,False,0.5976963639259338,0.3523809611797333,0.974644660949707,,False
14523695795,,/evaluator_log,,,0,0,0,0,False,0.5369047522544861,0.2063492089509964,0.9734534621238708,,False
14623700226,,/evaluator_log,,,0,0,0,0,False,0.5081157088279724,0.24547719955444336,0.9714851975440979,,False
14723709789,,/evaluator_log,,,0,0,0,0,False,0.5286353230476379,0.35592249035835266,0.9702056050300598,,False
14828697973,,/evaluator_log,,,0,0,0,0,False,0.546244204044342,0.37052062153816223,0.9717331528663635,,False
14923699072,,/evaluator_log,,,0,0,0,0,False,0.5749825835227966,0.4642857015132904,0.9700555801391602,,False
15023695685,,/evaluator_log,,,0,0,0,0,False,0.5231437087059021,0.28337061405181885,0.9697096347808838,,False
15123709346,,/evaluator_log,,,0,0,0,0,False,0.5848590135574341,0.3844245970249176,0.9691731929779053,,False
15223710821,,/evaluator_log,,,0,0,0,0,False,0.5444660186767578,0.20060060918331146,0.9697059988975525,,False
15323714170,,/evaluator_log,,,0,0,0,0,False,0.4929567575454712,0.09803921729326248,0.9701030254364014,,False
15418710402,,/evaluator_log,,,0,0,0,0,False,0.5143243074417114,0.1428571492433548,0.9713312983512878,,False
15523710683,,/evaluator_log,,,0,0,0,0,False,0.5309504270553589,0.1764705926179886,0.9724919199943542,,False
15623708142,,/evaluator_log,,,0,0,0,0,False,0.48871904611587524,0.02777777798473835,0.9716362953186035,,False
15723713089,,/evaluator_log,,,0,0,0,0,False,0.4911832809448242,0.0,0.9747270345687866,,False
15823718222,,/evaluator_log,,,0,0,0,0,False,0.49242475628852844,0.06818182021379471,0.9727085828781128,,False
15923729502,,/evaluator_log,,,0,0,0,0,False,0.4778924286365509,0.0,0.9694451093673706,,False
16023728598,,/evaluator_log,,,0,0,0,0,False,0.49366623163223267,0.0,0.9692867398262024,,False
16123726869,,/evaluator_log,,,0,0,0,0,False,0.474953830242157,0.03125,0.9675297737121582,,False
16223733663,,/evaluator_log,,,0,0,0,0,False,0.5156716108322144,0.1666666716337204,0.9702746272087097,,False
16323728076,,/evaluator_log,,,0,0,0,0,False,0.5060756206512451,0.1304347813129425,0.9658376574516296,,False
16423737469,,/evaluator_log,,,0,0,0,0,False,0.45607173442840576,0.13333334028720856,0.9678029417991638,,False
16523734920,,/evaluator_log,,,0,0,0,0,False,0.4310709536075592,0.08771929889917374,0.9649018049240112,,False
16618735065,,/evaluator_log,,,0,0,0,0,False,0.43661004304885864,0.12121212482452393,0.9647977948188782,,False
16728740839,,/evaluator_log,,,0,0,0,0,False,0.4353315830230713,0.10344827175140381,0.9642462730407715,,False
16823742284,,/evaluator_log,,,0,0,0,0,False,0.4465601146221161,0.1304347813129425,0.9660032987594604,,False
16923745417,,/evaluator_log,,,0,0,0,0,False,0.458130419254303,0.15485313534736633,0.9668011665344238,,False
17023751810,,/evaluator_log,,,0,0,0,0,False,0.457879900932312,0.1967165768146515,0.9623022079467773,,False
17123753489,,/evaluator_log,,,0,0,0,0,False,0.4224069118499756,0.1308642029762268,0.9631917476654053,,False
17223755339,,/evaluator_log,,,0,0,0,0,False,0.43482324481010437,0.07088809460401535,0.9620488882064819,,False
17323757878,,/evaluator_log,,,0,0,0,0,False,0.4384281635284424,0.053333330899477005,0.9647306799888611,,False
17423751706,,/evaluator_log,,,0,0,0,0,False,0.42134594917297363,0.11428571492433548,0.9686053395271301,,False
17518751595,,/evaluator_log,,,0,0,0,0,False,0.3983817994594574,0.09767206758260727,0.9678360819816589,,False
17628764099,,/evaluator_log,,,0,0,0,0,False,0.39821141958236694,0.1071428582072258,0.9679155349731445,,False
17723764854,,/evaluator_log,,,0,0,0,0,False,0.4228309690952301,0.15295815467834473,0.9679577350616455,,False
17823771613,,/evaluator_log,,,0,0,0,0,False,0.41665515303611755,0.23005147278308868,0.9696148037910461,,False
17923774488,,/evaluator_log,,,0,0,0,0,False,0.3846472501754761,0.04518872871994972,0.9676710963249207,,False
18023770930,,/evaluator_log,,,0,0,0,0,False,0.37712180614471436,0.0,0.962771475315094,,False
18123769384,,/evaluator_log,,,0,0,0,0,False,0.41116631031036377,0.0683760717511177,0.9585795998573303,,False
18218772267,,/evaluator_log,,,0,0,0,0,False,0.3801974952220917,0.03809523954987526,0.9551637768745422,,False
18323783698,,/evaluator_log,,,0,0,0,0,False,0.40158677101135254,0.016260161995887756,0.9531792998313904,,False
18423780321,,/evaluator_log,,,0,0,0,0,False,0.40634211897850037,0.0,0.9505499601364136,,False
18523787787,,/evaluator_log,,,0,0,0,0,False,0.4119999408721924,0.011904762126505375,0.9504534006118774,,False
18623796931,,/evaluator_log,,,0,0,0,0,False,0.38792043924331665,0.04901960864663124,0.9485169649124146,,False
18723804102,,/evaluator_log,,,0,0,0,0,False,0.38155046105384827,0.0,0.9479799866676331,,False
18823797243,,/evaluator_log,,,0,0,0,0,False,0.3865319788455963,0.06534391641616821,0.9476912021636963,,False
18923796359,,/evaluator_log,,,0,0,0,0,False,0.4152509272098541,0.06201550364494324,0.9519662261009216,,False
19023804253,,/evaluator_log,,,0,0,0,0,False,0.4036237597465515,0.038596492260694504,0.9509508609771729,,False
19123806771,,/evaluator_log,,,0,0,0,0,False,0.42743629217147827,0.08761509507894516,0.9523674845695496,,False
19218799638,,/evaluator_log,,,0,0,0,0,False,0.4070952832698822,0.026819923892617226,0.9564641714096069,,False
19323806337,,/evaluator_log,,,0,0,0,0,False,0.4131174087524414,0.0602409653365612,0.9552546143531799,,False
19423808073,,/evaluator_log,,,0,0,0,0,False,0.434784859418869,0.12455859035253525,0.9573487639427185,,False
19523809871,,/evaluator_log,,,0,0,0,0,False,0.42656010389328003,0.0798611119389534,0.958204448223114,,False
19623815415,,/evaluator_log,,,0,0,0,0,False,0.4119740426540375,0.0624176561832428,0.960953950881958,,False
19723823172,,/evaluator_log,,,0,0,0,0,False,0.4369451105594635,0.1514478176832199,0.9641204476356506,,False
19823826744,,/evaluator_log,,,0,0,0,0,False,0.4211771786212921,0.030901722609996796,0.9612032175064087,,False
19923821448,,/evaluator_log,,,0,0,0,0,False,0.426678866147995,0.07615546137094498,0.9655631184577942,,False
20028832868,,/evaluator_log,,,0,0,0,0,False,0.4174771010875702,0.0868692621588707,0.964406430721283,,False
20123827188,,/evaluator_log,,,0,0,0,0,False,0.41738784313201904,0.0339113287627697,0.9653669595718384,,False
20223829073,,/evaluator_log,,,0,0,0,0,False,0.41667571663856506,0.09734513610601425,0.9653582572937012,,False
20323833823,,/evaluator_log,,,0,0,0,0,False,0.4128778278827667,0.07903090864419937,0.9654226303100586,,False
20423842540,,/evaluator_log,,,0,0,0,0,False,0.41967782378196716,0.03556005284190178,0.9657300114631653,,False
20523843942,,/evaluator_log,,,0,0,0,0,False,0.4198237657546997,0.095238097012043,0.9662883281707764,,False
20618839614,,/evaluator_log,,,0,0,0,0,False,0.4148688316345215,0.02430555410683155,0.9650062918663025,,False
20728843267,,/evaluator_log,,,0,0,0,0,False,0.41987910866737366,0.07344632595777512,0.9662442207336426,,False
20823847224,,/evaluator_log,,,0,0,0,0,False,0.4048973321914673,0.13803653419017792,0.9655649065971375,,False
20918864498,,/evaluator_log,,,0,0,0,0,False,0.4230349659919739,0.0954044759273529,0.9662741422653198,,False
21023858970,,/evaluator_log,,,0,0,0,0,False,0.41475382447242737,0.07547169923782349,0.9651317000389099,,False
21123861910,,/evaluator_log,,,0,0,0,0,False,0.398630291223526,0.1316957026720047,0.9632502794265747,,False
21223864233,,/evaluator_log,,,0,0,0,0,False,0.4199780523777008,0.10136120766401291,0.9656977653503418,,False
21323867623,,/evaluator_log,,,0,0,0,0,False,0.3952764868736267,0.11416634172201157,0.9694750905036926,,False
21423864263,,/evaluator_log,,,0,0,0,0,False,0.42486390471458435,0.09622862935066223,0.9696589112281799,,False
21523864519,,/evaluator_log,,,0,0,0,0,False,0.17500464618206024,0.008538317866623402,0.33587339520454407,,False
21618869003,,/evaluator_log,,,0,0,0,0,False,0.18518489599227905,0.01525423675775528,0.34849750995635986,,False
21723874353,,/evaluator_log,,,0,0,0,0,False,0.18220005929470062,0.02639344334602356,0.3356657922267914,,False
21818877733,,/evaluator_log,,,0,0,0,0,False,0.1723814308643341,0.0014880952658131719,0.3266485035419464,,False
21923876230,,/evaluator_log,,,0,0,0,0,False,0.17894455790519714,0.019048767164349556,0.3094846308231354,,False
22023887808,,/evaluator_log,,,0,0,0,0,False,0.17153403162956238,0.0010362693574279547,0.32885536551475525,,False
22123897995,,/evaluator_log,,,0,0,0,0,False,0.18549004197120667,0.03479116037487984,0.3363550007343292,,False
22223891864,,/evaluator_log,,,0,0,0,0,False,0.16696760058403015,0.0,0.3186023235321045,,False
22223891864,,analyzer,SegmentationBad,,0,0,0,0,False,0.0,0.0,0.0,,False
22228892059,,planning,SegmentationBad,recalibration,12522202132277569776,1,0,0,False,0.0,0.0,0.0,,False
22228892059,,execution_parametrization,,,0,0,0,1,False,0.0,0.0,0.0,,False
22323894580,,/evaluator_log,,,0,0,0,0,False,0.16298292577266693,0.012298278510570526,0.3369969129562378,,False
22423897050,,/evaluator_log,,,0,0,0,0,False,0.18788659572601318,0.009615384973585606,0.3324308395385742,,False
22523892460,,/evaluator_log,,,0,0,0,0,False,0.16847078502178192,0.00685714278370142,0.3279378116130829,,False
22623892729,,/evaluator_log,,,0,0,0,0,False,0.19409286975860596,0.03993365913629532,0.3432560861110687,,False
22718896991,,/evaluator_log,,,0,0,0,0,False,0.17652882635593414,0.031465236097574234,0.3748534023761749,,False
22818899658,,/evaluator_log,,,0,0,0,0,False,0.17321337759494781,0.0045731705613434315,0.3625982999801636,,False
22923908154,,/evaluator_log,,,0,0,0,0,False,0.17616628110408783,0.008196720853447914,0.3657155930995941,,False
23023913152,,/evaluator_log,,,0,0,0,0,False,0.17579619586467743,0.0026315790601074696,0.3648570775985718,,False
23028913419,,execution_parametrization,,,0,0,0,3,True,0.0,0.0,0.0,,False
23123910167,,/evaluator_log,,,0,0,0,0,False,0.17706432938575745,0.016129031777381897,0.32705581188201904,,False
23223910510,,/evaluator_log,,,0,0,0,0,False,0.18438586592674255,0.0069444444961845875,0.3311024010181427,,False
23323922355,,/evaluator_log,,,0,0,0,0,False,0.17826339602470398,0.003816793905571103,0.32187703251838684,,False
23423913373,,/evaluator_log,,,0,0,0,0,False,0.17780785262584686,0.0,0.311852365732193,,False
23523919282,,/evaluator_log,,,0,0,0,0,False,0.169499471783638,0.0,0.3028610348701477,,False
23618924921,,/evaluator_log,,,0,0,0,0,False,0.1697080284357071,0.0,0.2809664309024811,,False
23723925328,,/evaluator_log,,,0,0,0,0,False,0.17639899253845215,0.0,0.26546764373779297,,False
23823926861,,/evaluator_log,,,0,0,0,0,False,0.1807418018579483,0.0,0.26333677768707275,,False
23823926861,,analyzer,SegmentationBad,recalibration,12522202132277569776,4,0,0,False,0.0,0.0,0.0,,False
23828927433,,planning,SegmentationBad,enhancement_activate,8888226150480900823,1,0,0,False,0.0,0.0,0.0,,False
23828927433,,execution_lifecycle_change,,,0,0,0,1,False,0.0,0.0,0.0,,False
23828927433,,execution_comm_change,,,0,0,5,1,False,0.0,0.0,0.0,,False
23928937739,,/evaluator_log,,,0,0,0,0,False,0.1785174012184143,0.0071428571827709675,0.23436875641345978,,False
24023947737,,/evaluator_log,,,0,0,0,0,False,0.17813585698604584,0.0,0.26129764318466187,,False
24123951078,,/evaluator_log,,,0,0,0,0,False,0.18057920038700104,0.005194805096834898,0.23886454105377197,,False
24218945428,,/evaluator_log,,,0,0,0,0,False,0.17040836811065674,0.01185185182839632,0.2600364089012146,,False
24228940833,,execution_lifecycle_change,,,0,0,0,3,False,0.0,0.0,0.0,,False
24323949275,,/evaluator_log,,,0,0,0,0,False,0.16163843870162964,0.0,0.26779571175575256,,False
24418944611,,/evaluator_log,,,0,0,0,0,False,0.1669239103794098,0.0033333334140479565,0.2946734130382538,,False
24523950871,,/evaluator_log,,,0,0,0,0,False,0.17291858792304993,0.0,0.3113196790218353,,False
24623952496,,/evaluator_log,,,0,0,0,0,False,0.17363214492797852,0.0,0.3058108985424042,,False
24628953761,,execution_comm_change,,,0,0,0,3,True,0.0,0.0,0.0,,False
24723959767,,/evaluator_log,,,0,0,0,0,False,0.17319293320178986,0.0,0.28025689721107483,,False
24823956696,,/evaluator_log,,,0,0,0,0,False,0.1728304922580719,0.0,0.27765747904777527,,False
24923957269,,/evaluator_log,,,0,0,0,0,False,0.17605191469192505,0.0,0.26738297939300537,,False
25023959053,,/evaluator_log,,,0,0,0,0,False,0.1891729086637497,0.03455882519483566,0.2744682729244232,,False
25123970451,,/evaluator_log,,,0,0,0,0,False,0.1759137511253357,0.010638297535479069,0.2696860432624817,,False
25223966144,,/evaluator_log,,,0,0,0,0,False,0.18088366091251373,0.018421052023768425,0.26928094029426575,,False
25318968234,,/evaluator_log,,,0,0,0,0,False,0.1787739247083664,0.010309278033673763,0.2859465479850769,,False
25423970804,,/evaluator_log,,,0,0,0,0,False,0.1570015698671341,0.02223396860063076,0.2738484740257263,,False
25523980414,,/evaluator_log,,,0,0,0,0,False,0.16148243844509125,0.005747126415371895,0.2749176621437073,,False
25623974721,,/evaluator_log,,,0,0,0,0,False,0.16415230929851532,0.0,0.28518277406692505,,False
25723983310,,/evaluator_log,,,0,0,0,0,False,0.16635318100452423,0.025641025975346565,0.2458096742630005,,False
25818990025,,/evaluator_log,,,0,0,0,0,False,0.1920720636844635,0.01617647148668766,0.2602281868457794,,False
25924001139,,/evaluator_log,,,0,0,0,0,False,0.1865951269865036,0.02413793094456196,0.26387181878089905,,False
26028984897,,/evaluator_log,,,0,0,0,0,False,0.19030892848968506,0.0393209233880043,0.2637336552143097,,False
26118997989,,/evaluator_log,,,0,0,0,0,False,0.1973840743303299,0.011827956885099411,0.254013329744339,,False
26223995743,,/evaluator_log,,,0,0,0,0,False,0.18971660733222961,0.004428044427186251,0.2843494415283203,,False
26328996568,,/evaluator_log,,,0,0,0,0,False,0.2020893394947052,0.016413792967796326,0.29362761974334717,,False
26424006582,,/evaluator_log,,,0,0,0,0,False,0.21018533408641815,0.014285714365541935,0.26856061816215515,,False
26524000534,,/evaluator_log,,,0,0,0,0,False,0.19963011145591736,0.01316872425377369,0.3022795617580414,,False
26619012366,,/evaluator_log,,,0,0,0,0,False,0.17347881197929382,0.004975124262273312,0.2922748625278473,,False
26724007555,,/evaluator_log,,,0,0,0,0,False,0.20227594673633575,0.012903225608170033,0.3073285222053528,,False
26819015112,,/evaluator_log,,,0,0,0,0,False,0.19024351239204407,0.0058823530562222,0.3036268949508667,,False
26924010357,,/evaluator_log,,,0,0,0,0,False,0.19949817657470703,0.012612612918019295,0.2907674014568329,,False
27024011337,,/evaluator_log,,,0,0,0,0,False,0.18948806822299957,0.0057416269555687904,0.30386683344841003,,False
27024011337,,analyzer,SegmentationBad,enhancement_activate,8888226150480900823,4,0,0,False,0.0,0.0,0.0,,False
27029011421,,planning,SegmentationBad,enhancement_deactivate,18219604205592285671,1,0,0,False,0.0,0.0,0.0,,False
27029011421,,execution_lifecycle_change,,,0,0,0,1,False,0.0,0.0,0.0,,False
27029011421,,execution_comm_change,,,0,0,5,1,False,0.0,0.0,0.0,,False
27124017631,,/evaluator_log,,,0,0,0,0,False,0.4722101092338562,0.11261261254549026,0.9924588203430176,,False
27219019982,,/evaluator_log,,,0,0,0,0,False,0.4613102078437805,0.053333330899477005,0.9925972819328308,,False
27324023045,,/evaluator_log,,,0,0,0,0,False,0.4602747857570648,0.0364583320915699,0.9920551776885986,,False
27424026341,,/evaluator_log,,,0,0,0,0,False,0.471877783536911,0.10769230872392654,0.9920458197593689,,False
27429028851,,execution_lifecycle_change,,,0,0,0,3,True,0.0,0.0,0.0,,False
27429028851,,execution_comm_change,,,0,0,0,3,True,0.0,0.0,0.0,,False
27524029789,,/evaluator_log,,,0,0,0,0,False,0.48071709275245667,0.14666666090488434,0.9924769997596741,,False
27624030853,,/evaluator_log,,,0,0,0,0,False,0.4614817202091217,0.025641025975346565,0.9924754500389099,,False
27724040284,,/evaluator_log,,,0,0,0,0,False,0.4931494891643524,0.1204819306731224,0.9932416677474976,,False
27824044095,,/evaluator_log,,,0,0,0,0,False,0.4918881058692932,0.11674347519874573,0.9932563900947571,,False
27824044095,,analyzer,SegmentationBad,enhancement_deactivate,18219604205592285671,3,0,0,True,0.0,0.0,0.0,,False
27919034910,,/evaluator_log,,,0,0,0,0,False,0.4926580488681793,0.07999999821186066,0.9931579828262329,,False
28019038760,,/evaluator_log,,,0,0,0,0,False,0.4826717972755432,0.06425702571868896,0.9926940202713013,,False
28124042629,,/evaluator_log,,,0,0,0,0,False,0.4838288724422455,0.06666667014360428,0.9924871325492859,,False
28219054211,,/evaluator_log,,,0,0,0,0,False,0.4926663637161255,0.13476842641830444,0.9933284521102905,,False
28324051178,,/evaluator_log,,,0,0,0,0,False,0.4946046769618988,0.10526315122842789,0.9930455684661865,,False
28424054552,,/evaluator_log,,,0,0,0,0,False,0.4960182309150696,0.09345794469118118,0.9927752614021301,,False
28524063780,,/evaluator_log,,,0,0,0,0,False,0.49865469336509705,0.1076388880610466,0.9930312037467957,,False
28619053712,,/evaluator_log,,,0,0,0,0,False,0.5083723068237305,0.09578543901443481,0.9926980137825012,,False
28724060691,,/evaluator_log,,,0,0,0,0,False,0.48965150117874146,0.028735632076859474,0.9932291507720947,,False
28824071207,,/evaluator_log,,,0,0,0,0,False,0.49478599429130554,0.03030303120613098,0.9941124320030212,,False
28924066403,,/evaluator_log,,,0,0,0,0,False,0.4904516339302063,0.09259259700775146,0.9922247529029846,,False
29024077234,,/evaluator_log,,,0,0,0,0,False,0.4973035752773285,0.1071428582072258,0.9939159750938416,,False
29124089604,,/evaluator_log,,,0,0,0,0,False,0.5003385543823242,0.15942029654979706,0.9936428070068359,,False
29219084214,,/evaluator_log,,,0,0,0,0,False,0.48747557401657104,0.1190476194024086,0.9939239621162415,,False
29324084900,,/evaluator_log,,,0,0,0,0,False,0.5204021334648132,0.0,0.994884192943573,,False
29419080033,,/evaluator_log,,,0,0,0,0,False,0.5193345546722412,0.0,0.9945171475410461,,False
29524089699,,/evaluator_log,,,0,0,0,0,False,0.5220959782600403,0.0,0.9951618313789368,,False
29624085303,,/evaluator_log,,,0,0,0,0,False,0.5360780954360962,0.0,0.9953465461730957,,False
29724088061,,/evaluator_log,,,0,0,0,0,False,0.53519606590271,0.0,0.9948703646659851,,False
29819091567,,/evaluator_log,,,0,0,0,0,False,0.5282469987869263,0.0,0.994889497756958,,False
29924102523,,/evaluator_log,,,0,0,0,0,False,0.5842770338058472,0.0,0.9947408437728882,,False
30024094045,,/evaluator_log,,,0,0,0,0,False,0.5455870032310486,0.0,0.9955883026123047,,False
30124097610,,/evaluator_log,,,0,0,0,0,False,0.5385004878044128,0.0,0.9952934384346008,,False
30224107479,,/evaluator_log,,,0,0,0,0,False,0.5829612016677856,0.0,0.9953495264053345,,False
30324112189,,/evaluator_log,,,0,0,0,0,False,0.5763334631919861,0.0,0.9947413206100464,,False
30424114312,,/evaluator_log,,,0,0,0,0,False,0.593185305595398,0.0,0.9948140382766724,,False
30524107484,,/evaluator_log,,,0,0,0,0,False,0.5943263173103333,0.0,0.9947230815887451,,False
30629110588,,/evaluator_log,,,0,0,0,0,False,0.5741365551948547,0.0,0.9950323104858398,,False
30724116379,,/evaluator_log,,,0,0,0,0,False,0.5839734077453613,0.0,0.9949407577514648,,False
30824124728,,/evaluator_log,,,0,0,0,0,False,0.580075740814209,0.0,0.9948817491531372,,False
30924122763,,/evaluator_log,,,0,0,0,0,False,0.5701591372489929,0.0,0.9949010610580444,,False
31024121160,,/evaluator_log,,,0,0,0,0,False,0.5756786465644836,0.0,0.9944892525672913,,False
31124125246,,/evaluator_log,,,0,0,0,0,False,0.5718445181846619,0.0,0.9944118857383728,,False
31224126796,,/evaluator_log,,,0,0,0,0,False,0.5283147692680359,0.0,0.9927084445953369,,False
31319130663,,/evaluator_log,,,0,0,0,0,False,0.5678989291191101,0.25,0.9942612648010254,,False
31424141248,,/evaluator_log,,,0,0,0,0,False,0.5463835000991821,0.1428571492433548,0.9948474764823914,,False
31524134982,,/evaluator_log,,,0,0,0,0,False,0.5087789297103882,0.025641025975346565,0.9939217567443848,,False
31624141461,,/evaluator_log,,,0,0,0,0,False,0.5098904371261597,0.04444444552063942,0.9945499897003174,,False
31724145185,,/evaluator_log,,,0,0,0,0,False,0.5231338739395142,0.07407407462596893,0.994123101234436,,False
31819154644,,/evaluator_log,,,0,0,0,0,False,0.5097337961196899,0.1041666641831398,0.9942521452903748,,False
31924154649,,/evaluator_log,,,0,0,0,0,False,0.5512896776199341,0.1071428582072258,0.9952524304389954,,False
32024161600,,/evaluator_log,,,0,0,0,0,False,0.5270325541496277,0.14705882966518402,0.9948630332946777,,False
32124168257,,/evaluator_log,,,0,0,0,0,False,0.5501350164413452,0.1666666716337204,0.9950123429298401,,False
32224171775,,/evaluator_log,,,0,0,0,0,False,0.5309785008430481,0.07894736528396606,0.9945831894874573,,False
32324165275,,/evaluator_log,,,0,0,0,0,False,0.5318971872329712,0.0833333358168602,0.9948235750198364,,False
32424162940,,/evaluator_log,,,0,0,0,0,False,0.5320313572883606,0.10526315867900848,0.9946021437644958,,False
32524170722,,/evaluator_log,,,0,0,0,0,False,0.5030660629272461,0.02380952425301075,0.9946020245552063,,False
32624173651,,/evaluator_log,,,0,0,0,0,False,0.5040271282196045,0.0,0.994784414768219,,False
32719168782,,/evaluator_log,,,0,0,0,0,False,0.5131959319114685,0.029411764815449715,0.9934322834014893,,False
32824171563,,/evaluator_log,,,0,0,0,0,False,0.49294567108154297,0.0,0.9938733577728271,,False
32924175805,,/evaluator_log,,,0,0,0,0,False,0.5086391568183899,0.0625,0.994351327419281,,False
33024183693,,/evaluator_log,,,0,0,0,0,False,0.47110310196876526,0.0,0.9935337901115417,,False
33124176325,,/evaluator_log,,,0,0,0,0,False,0.5119879841804504,0.2943806052207947,0.9935896396636963,,False
33229189161,,/evaluator_log,,,0,0,0,0,False,0.5201823711395264,0.24836601316928864,0.9940519332885742,,False
33324183480,,/evaluator_log,,,0,0,0,0,False,0.5490684509277344,0.23943662643432617,0.9947344660758972,,False
33424185953,,/evaluator_log,,,0,0,0,0,False,0.5579566955566406,0.24242424964904785,0.9946205615997314,,False
33524188560,,/evaluator_log,,,0,0,0,0,False,0.5761139988899231,0.23508770763874054,0.9933344721794128,,False
33629191956,,/evaluator_log,,,0,0,0,0,False,0.5713484883308411,0.23333333432674408,0.9927775263786316,,False
33724192790,,/evaluator_log,,,0,0,0,0,False,0.5449627041816711,0.23024053871631622,0.9925681948661804,,False
33824195581,,/evaluator_log,,,0,0,0,0,False,0.5675346255302429,0.25850340723991394,0.9929013252258301,,False
33924200625,,/evaluator_log,,,0,0,0,0,False,0.5374269485473633,0.24000000953674316,0.9924514889717102,,False
34024210679,,/evaluator_log,,,0,0,0,0,False,0.5433368682861328,0.22006471455097198,0.9922469258308411,,False
34124212970,,/evaluator_log,,,0,0,0,0,False,0.5144083499908447,0.22772276401519775,0.9931147694587708,,False
34224207609,,/evaluator_log,,,0,0,0,0,False,0.5273170471191406,0.20679013431072235,0.9955751299858093,,False
34319212009,,/evaluator_log,,,0,0,0,0,False,0.5121737718582153,0.23148147761821747,0.9949947595596313,,False
34419214704,,/evaluator_log,,,0,0,0,0,False,0.45792365074157715,0.17105263471603394,0.994172990322113,,False
34524223001,,/evaluator_log,,,0,0,0,0,False,0.477876216173172,0.24074073135852814,0.9935929775238037,,False
34619217296,,/evaluator_log,,,0,0,0,0,False,0.45649534463882446,0.17391304671764374,0.9935153722763062,,False
34724223153,,/evaluator_log,,,0,0,0,0,False,0.47388124465942383,0.22314049303531647,0.992709755897522,,False
34824231145,,/evaluator_log,,,0,0,0,0,False,0.46476486325263977,0.2347826212644577,0.9926539063453674,,False
34924228141,,/evaluator_log,,,0,0,0,0,False,0.4429647624492645,0.20080643892288208,0.9932311177253723,,False
35019230107,,/evaluator_log,,,0,0,0,0,False,0.4373524785041809,0.17975206673145294,0.9929888248443604,,False
35129230233,,/evaluator_log,,,0,0,0,0,False,0.4785790741443634,0.26631230115890503,0.9936375021934509,,False
35224243623,,/evaluator_log,,,0,0,0,0,False,0.5029981136322021,0.2587365508079529,0.9938616752624512,,False
35324238852,,/evaluator_log,,,0,0,0,0,False,0.5475367307662964,0.3816239535808563,0.9938786029815674,,False
35424249149,,/evaluator_log,,,0,0,0,0,False,0.5282065868377686,0.3203798532485962,0.9936147332191467,,False
35524251603,,/evaluator_log,,,0,0,0,0,False,0.5211282968521118,0.38912877440452576,0.9934254884719849,,False
35624248363,,/evaluator_log,,,0,0,0,0,False,0.5533194541931152,0.3243523836135864,0.9936870336532593,,False
35719250345,,/evaluator_log,,,0,0,0,0,False,0.5480636358261108,0.3085213303565979,0.9928820133209229,,False
35819249178,,/evaluator_log,,,0,0,0,0,False,0.562537670135498,0.31800976395606995,0.993365466594696,,False
35924253637,,/evaluator_log,,,0,0,0,0,False,0.5543834567070007,0.3226495683193207,0.9930075407028198,,False
36024264504,,/evaluator_log,,,0,0,0,0,False,0.5701911449432373,0.31193429231643677,0.9928193688392639,,False
36124258338,,/evaluator_log,,,0,0,0,0,False,0.6049667000770569,0.44422340393066406,0.9932119250297546,,False
36224259972,,/evaluator_log,,,0,0,0,0,False,0.5628147125244141,0.4435185194015503,0.9928180575370789,,False
36324272694,,/evaluator_log,,,0,0,0,0,False,0.5406023859977722,0.3253968358039856,0.993168294429779,,False
36429266369,,/evaluator_log,,,0,0,0,0,False,0.556297242641449,0.29760199785232544,0.9936187267303467,,False
36524271814,,/evaluator_log,,,0,0,0,0,False,0.5104354619979858,0.31945914030075073,0.9937096238136292,,False
36624272369,,/evaluator_log,,,0,0,0,0,False,0.5753577947616577,0.39737358689308167,0.9932585954666138,,False
36724279745,,/evaluator_log,,,0,0,0,0,False,0.5575599074363708,0.3745059072971344,0.9934988021850586,,False
36824285219,,/evaluator_log,,,0,0,0,0,False,0.5456175804138184,0.300539493560791,0.9938331842422485,,False
36924288805,,/evaluator_log,,,0,0,0,0,False,0.5470929741859436,0.2795153260231018,0.9933990240097046,,False
37024287904,,/evaluator_log,,,0,0,0,0,False,0.5506752133369446,0.2608904242515564,0.9929847717285156,,False
37124289300,,/evaluator_log,,,0,0,0,0,False,0.5931599736213684,0.3513889014720917,0.9933596849441528,,False
37224293311,,/evaluator_log,,,0,0,0,0,False,0.5996935963630676,0.3311965763568878,0.9932239055633545,,False
37324298163,,/evaluator_log,,,0,0,0,0,False,0.6017958521842957,0.3385142385959625,0.9934102892875671,,False
37424301753,,/evaluator_log,,,0,0,0,0,False,0.5748628377914429,0.2826698422431946,0.9932941794395447,,False
37519305414,,/evaluator_log,,,0,0,0,0,False,0.5708615183830261,0.25627386569976807,0.9931033253669739,,False
37624308474,,/evaluator_log,,,0,0,0,0,False,0.5614901781082153,0.24455541372299194,0.992089033126831,,False
37724301120,,/evaluator_log,,,0,0,0,0,False,0.6226552724838257,0.39418959617614746,0.9927964210510254,,False
37824312953,,/evaluator_log,,,0,0,0,0,False,0.5775079727172852,0.4116809368133545,0.9933183789253235,,False
37924307254,,/evaluator_log,,,0,0,0,0,False,0.56048184633255,0.2782961130142212,0.9931642413139343,,False
38024310554,,/evaluator_log,,,0,0,0,0,False,0.5819438099861145,0.35034918785095215,0.993105947971344,,False
38124321112,,/evaluator_log,,,0,0,0,0,False,0.5834172964096069,0.333890825510025,0.9936107993125916,,False
38224319444,,/evaluator_log,,,0,0,0,0,False,0.6206343173980713,0.46052277088165283,0.9928357005119324,,False
38324317419,,/evaluator_log,,,0,0,0,0,False,0.5905721187591553,0.3837599456310272,0.993229329586029,,False
38419323568,,/evaluator_log,,,0,0,0,0,False,0.5722249746322632,0.3621915876865387,0.9927949905395508,,False
38524328721,,/evaluator_log,,,0,0,0,0,False,0.5732762217521667,0.3479352295398712,0.9921484589576721,,False
38624332921,,/evaluator_log,,,0,0,0,0,False,0.602047324180603,0.4635019302368164,0.992807924747467,,False
38724342246,,/evaluator_log,,,0,0,0,0,False,0.5591787695884705,0.3496907651424408,0.9929781556129456,,False
38824331321,,/evaluator_log,,,0,0,0,0,False,0.5478371381759644,0.32198566198349,0.9921675324440002,,False
38919335330,,/evaluator_log,,,0,0,0,0,False,0.5559725761413574,0.2922505736351013,0.9927759766578674,,False
39024344518,,/evaluator_log,,,0,0,0,0,False,0.5788267254829407,0.3516865074634552,0.9931321740150452,,False
39124339740,,/evaluator_log,,,0,0,0,0,False,0.5443630218505859,0.2503097653388977,0.9926756024360657,,False
39224351310,,/evaluator_log,,,0,0,0,0,False,0.5337040424346924,0.22510822117328644,0.9932789206504822,,False
39324347973,,/evaluator_log,,,0,0,0,0,False,0.5551297068595886,0.23553720116615295,0.9930676817893982,,False
39424354640,,/evaluator_log,,,0,0,0,0,False,0.558926522731781,0.289186954498291,0.9925028681755066,,False
39524358330,,/evaluator_log,,,0,0,0,0,False,0.575542688369751,0.3608871102333069,0.9930106997489929,,False
39624361272,,/evaluator_log,,,0,0,0,0,False,0.5568789839744568,0.347897469997406,0.9925040006637573,,False
39724363530,,/evaluator_log,,,0,0,0,0,False,0.5214629173278809,0.2734557092189789,0.9919822812080383,,False
39824366214,,/evaluator_log,,,0,0,0,0,False,0.5198938250541687,0.2594919800758362,0.9914956092834473,,False
39924369225,,/evaluator_log,,,0,0,0,0,False,0.5151317715644836,0.2907075881958008,0.9918203353881836,,False