timestamp,scenario,source,rule_name,strategy_name,strategy_hash,strategy_status,adaptation_type,adaptation_status,success,iou,vehicle_iou,road_iou,gt_failure_name,is_gt_failure
482655871,,/evaluator_log,,,0,0,0,0,False,0.5193779468536377,0.28688523173332214,0.9692474603652954,,False
617656389,,/evaluator_log,,,0,0,0,0,False,0.5201601386070251,0.44179895520210266,0.9694640040397644,,False
627651498,,/evaluator_log,,,0,0,0,0,False,0.532633364200592,0.9237056970596313,0.9684301614761353,,False
722657458,,/evaluator_log,,,0,0,0,0,False,0.5085535645484924,0.897172212600708,0.9674443602561951,,False
827656858,,/evaluator_log,,,0,0,0,0,False,0.48409977555274963,0.45049506425857544,0.9702792167663574,,False
922655880,,/evaluator_log,,,0,0,0,0,False,0.4939456582069397,0.917475700378418,0.9670359492301941,,False
1002662490,_017,scenario_executor,,,0,0,0,0,False,0.0,0.0,0.0,do_hard_drop_sensor_fusion,False
1002662490,_017,scenario_executor,,,0,0,0,0,False,0.0,0.0,0.0,image_degradation,False
1002662490,_017,scenario_executor,,,0,0,0,0,False,0.0,0.0,0.0,autofocus_needed,False
1022650216,,/evaluator_log,,,0,0,0,0,False,0.4771357774734497,0.9146919250488281,0.9674641489982605,,False
1122663637,,/evaluator_log,,,0,0,0,0,False,0.48493415117263794,0.9044288992881775,0.9686749577522278,,False
1227672745,,/evaluator_log,,,0,0,0,0,False,0.48416459560394287,0.898004412651062,0.9655604362487793,,False
2142762469,,analyzer,AutoFocusNeeded,,0,0,0,0,False,0.0,0.0,0.0,,False
2147694976,,planning,AutoFocusNeeded,autofocus_strategy,18274997830408420195,1,0,0,False,0.0,0.0,0.0,,False
2147694976,,execution_parametrization,,,0,0,0,1,False,0.0,0.0,0.0,,False
2542705753,,analyzer,AutoFocusNeeded,autofocus_strategy,18274997830408420195,3,0,0,True,0.0,0.0,0.0,,False
3347723876,,execution_parametrization,,,0,0,0,3,True,0.0,0.0,0.0,,False
5342771334,,analyzer,SegmentationDead,,0,0,0,0,False,0.0,0.0,0.0,,False
5342771334,,analyzer,SensorFusionDead,,0,0,0,0,False,0.0,0.0,0.0,,False
5347770843,,planning,SensorFusionDead,sensor_fusion_redeploy,209983007077540200,1,0,0,False,0.0,0.0,0.0,,False
5347770843,,execution_redeploy,,,0,0,4,1,False,0.0,0.0,0.0,,False
5747777886,,planning,SegmentationDead,segmentation_redeploy,4862303032868966723,1,0,0,False,0.0,0.0,0.0,,False
5747777886,,execution_redeploy,,,0,0,0,3,True,0.0,0.0,0.0,,False
6122788666,,/evaluator_log,,,0,0,0,0,False,0.27370256185531616,0.10380952060222626,0.4532054662704468,,False
6147779635,,execution_redeploy,,,0,0,4,1,False,0.0,0.0,0.0,,False
6542797935,,analyzer,SegmentationDead,segmentation_redeploy,4862303032868966723,3,0,0,True,0.0,0.0,0.0,,False
6542797935,,analyzer,SensorFusionDead,sensor_fusion_redeploy,209983007077540200,3,0,0,True,0.0,0.0,0.0,,False
6547798692,,execution_redeploy,,,0,0,0,3,True,0.0,0.0,0.0,,False
7742828931,,analyzer,SegmentationDead,,0,0,0,0,False,0.0,0.0,0.0,,False
7747829598,,planning,SegmentationDead,segmentation_redeploy,4862303032868966723,1,0,0,False,0.0,0.0,0.0,,False
7747829598,,execution_redeploy,,,0,0,4,1,False,0.0,0.0,0.0,,False
7812829195,,/evaluator_log,,,0,0,0,0,False,0.27025163173675537,0.1225225180387497,0.4149533808231354,,False
7832822491,,/evaluator_log,,,0,0,0,0,False,0.26329097151756287,0.11375464498996735,0.4163608253002167,,False
8142832141,,analyzer,SegmentationBad,,0,0,0,0,False,0.0,0.0,0.0,,False
8142832141,,analyzer,SegmentationDead,segmentation_redeploy,4862303032868966723,3,0,0,True,0.0,0.0,0.0,,False
8147837240,,planning,SegmentationBad,recalibration,12522202132277569776,1,0,0,False,0.0,0.0,0.0,,False
8147837240,,execution_redeploy,,,0,0,0,3,True,0.0,0.0,0.0,,False
8547846641,,execution_parametrization,,,0,0,0,1,False,0.0,0.0,0.0,,False
9347860219,,execution_parametrization,,,0,0,0,3,True,0.0,0.0,0.0,,False
9417860804,,/evaluator_log,,,0,0,0,0,False,0.26460397243499756,0.1295880228281021,0.21606773138046265,,False
9442867773,,/evaluator_log,,,0,0,0,0,False,0.29250526428222656,0.15019455552101135,0.2578273117542267,,False
9467861153,,/evaluator_log,,,0,0,0,0,False,0.2916375696659088,0.13155892491340637,0.2312103509902954,,False
9492858680,,/evaluator_log,,,0,0,0,0,False,0.29819923639297485,0.14436089992523193,0.27635064721107483,,False
9517861111,,/evaluator_log,,,0,0,0,0,False,0.2817077338695526,0.11986301094293594,0.23712125420570374,,False
9537863024,,/evaluator_log,,,0,0,0,0,False,0.2991611063480377,0.1481751799583435,0.2686586081981659,,False
9627876888,,/evaluator_log,,,0,0,0,0,False,0.2905331552028656,0.12854459881782532,0.23606105148792267,,False
9722875074,,/evaluator_log,,,0,0,0,0,False,0.2970866858959198,0.1429465264081955,0.2650337517261505,,False
9742875963,,analyzer,SegmentationBad,recalibration,12522202132277569776,4,0,0,False,0.0,0.0,0.0,,False
9747874742,,planning,SegmentationBad,enhancement_activate,8888226150480900823,1,0,0,False,0.0,0.0,0.0,,False
9747874742,,execution_lifecycle_change,,,0,0,0,1,False,0.0,0.0,0.0,,False
9747874742,,execution_comm_change,,,0,0,5,1,False,0.0,0.0,0.0,,False
9827868720,,/evaluator_log,,,0,0,0,0,False,0.5195212960243225,0.47977519035339355,0.9615176916122437,,False
9927888031,,/evaluator_log,,,0,0,0,0,False,0.49268922209739685,0.38365331292152405,0.9576442837715149,,False
10027881264,,/evaluator_log,,,0,0,0,0,False,0.5497097373008728,0.44485801458358765,0.9628542065620422,,False
10122880002,,/evaluator_log,,,0,0,0,0,False,0.531718909740448,0.37135496735572815,0.9602189660072327,,False
10142886215,,analyzer,SegmentationBad,enhancement_activate,8888226150480900823,3,0,0,True,0.0,0.0,0.0,,False
10147880028,,execution_lifecycle_change,,,0,0,0,3,True,0.0,0.0,0.0,,False
10227888104,,/evaluator_log,,,0,0,0,0,False,0.5688152313232422,0.4205071032047272,0.9627084732055664,,False
10327881155,,/evaluator_log,,,0,0,0,0,False,0.5624940991401672,0.38349342346191406,0.9618117809295654,,False
10422890730,,/evaluator_log,,,0,0,0,0,False,0.5499382615089417,0.3884473145008087,0.958633542060852,,False
10517890236,,/evaluator_log,,,0,0,0,0,False,0.5528474450111389,0.41903939843177795,0.956508219242096,,False
10617887119,,/evaluator_log,,,0,0,0,0,False,0.5619865655899048,0.4356355667114258,0.9617108702659607,,False
10727890141,,/evaluator_log,,,0,0,0,0,False,0.5333515405654907,0.41407090425491333,0.9626902937889099,,False
10822899975,,/evaluator_log,,,0,0,0,0,False,0.5316376090049744,0.38811367750167847,0.962467610836029,,False
10927902711,,/evaluator_log,,,0,0,0,0,False,0.5213850736618042,0.4228300452232361,0.964588463306427,,False
10947893955,,execution_comm_change,,,0,0,0,3,True,0.0,0.0,0.0,,False
11022895161,,/evaluator_log,,,0,0,0,0,False,0.5163746476173401,0.37951841950416565,0.9633393883705139,,False
11127905865,,/evaluator_log,,,0,0,0,0,False,0.5066598057746887,0.36220964789390564,0.9651525020599365,,False
11222903851,,/evaluator_log,,,0,0,0,0,False,0.5720590353012085,0.49645864963531494,0.9683635830879211,,False
11327923601,,/evaluator_log,,,0,0,0,0,False,0.588093101978302,0.5204260945320129,0.9674477577209473,,False
11522908281,,/evaluator_log,,,0,0,0,0,False,0.5876377820968628,0.4520273208618164,0.9617102742195129,,False
11627913963,,/evaluator_log,,,0,0,0,0,False,0.5863057374954224,0.4802696108818054,0.959855318069458,,False
11722911211,,/evaluator_log,,,0,0,0,0,False,0.5660625696182251,0.304497092962265,0.9619722366333008,,False
11822921634,,/evaluator_log,,,0,0,0,0,False,0.5706742405891418,0.36231639981269836,0.9638365507125854,,False
11922919380,,/evaluator_log,,,0,0,0,0,False,0.5935221910476685,0.4110981523990631,0.9636207818984985,,False
12022923693,,/evaluator_log,,,0,0,0,0,False,0.5572599172592163,0.35820579528808594,0.9682022929191589,,False
12117919637,,/evaluator_log,,,0,0,0,0,False,0.535964846611023,0.3050254285335541,0.9679363369941711,,False
12222934351,,/evaluator_log,,,0,0,0,0,False,0.5561468601226807,0.3037383258342743,0.9670852422714233,,False
12427938702,,/evaluator_log,,,0,0,0,0,False,0.516674816608429,0.22735589742660522,0.962096631526947,,False
12527941261,,/evaluator_log,,,0,0,0,0,False,0.5332502126693726,0.44175466895103455,0.9648038148880005,,False
12627939876,,/evaluator_log,,,0,0,0,0,False,0.6291046142578125,0.4968317449092865,0.962212324142456,,False
12722936315,,/evaluator_log,,,0,0,0,0,False,0.5961061120033264,0.3059239685535431,0.9617335796356201,,False
12822940090,,/evaluator_log,,,0,0,0,0,False,0.6270754933357239,0.5634738802909851,0.9601832032203674,,False
12927949540,,/evaluator_log,,,0,0,0,0,False,0.5788451433181763,0.3705174922943115,0.960882306098938,,False
13027952592,,/evaluator_log,,,0,0,0,0,False,0.6232233643531799,0.4985578954219818,0.9618032574653625,,False
13122947610,,/evaluator_log,,,0,0,0,0,False,0.6123567223548889,0.36367881298065186,0.9622926712036133,,False
13222951397,,/evaluator_log,,,0,0,0,0,False,0.5940719842910767,0.39025697112083435,0.9633353352546692,,False
13322950883,,/evaluator_log,,,0,0,0,0,False,0.5867248177528381,0.30816832184791565,0.9644157886505127,,False
13427962016,,/evaluator_log,,,0,0,0,0,False,0.5942391157150269,0.31386861205101013,0.9661709666252136,,False
13527964011,,/evaluator_log,,,0,0,0,0,False,0.5917015075683594,0.3373015820980072,0.9660162925720215,,False
13622966721,,/evaluator_log,,,0,0,0,0,False,0.5780602693557739,0.5003300309181213,0.9656188488006592,,False
13722962067,,/evaluator_log,,,0,0,0,0,False,0.5460036993026733,0.2976680397987366,0.9672253131866455,,False
13822971593,,/evaluator_log,,,0,0,0,0,False,0.5151551961898804,0.2222222238779068,0.9644282460212708,,False
13922973456,,/evaluator_log,,,0,0,0,0,False,0.5384346842765808,0.23333333432674408,0.9668387770652771,,False
14022971006,,/evaluator_log,,,0,0,0,0,False,0.48005741834640503,0.0,0.9690515398979187,,False
14117970266,,/evaluator_log,,,0,0,0,0,False,0.532198965549469,0.1031746044754982,0.9715670943260193,,False
14222975309,,/evaluator_log,,,0,0,0,0,False,0.5281937718391418,0.17493796348571777,0.9692113995552063,,False
14427978212,,/evaluator_log,,,0,0,0,0,False,0.5976963639259338,0.3523809611797333,0.974644660949707,,False
14522981514,,/evaluator_log,,,0,0,0,0,False,0.5369047522544861,0.2063492089509964,0.9734534621238708,,False
14622982538,,/evaluator_log,,,0,0,0,0,False,0.5081157088279724,0.24547719955444336,0.9714851975440979,,False
14727984631,,/evaluator_log,,,0,0,0,0,False,0.5286353230476379,0.35592249035835266,0.9702056050300598,,False
14827995561,,/evaluator_log,,,0,0,0,0,False,0.546244204044342,0.37052062153816223,0.9717331528663635,,False
14927992512,,/evaluator_log,,,0,0,0,0,False,0.5749825835227966,0.4642857015132904,0.9700555801391602,,False
15022999567,,/evaluator_log,,,0,0,0,0,False,0.5231437087059021,0.28337061405181885,0.9697096347808838,,False
15117990417,,/evaluator_log,,,0,0,0,0,False,0.5848590135574341,0.3844245970249176,0.9691731929779053,,False
15222994704,,/evaluator_log,,,0,0,0,0,False,0.5444660186767578,0.20060060918331146,0.9697059988975525,,False
15323006978,,/evaluator_log,,,0,0,0,0,False,0.4929567575454712,0.09803921729326248,0.9701030254364014,,False
15423003426,,/evaluator_log,,,0,0,0,0,False,0.5143243074417114,0.1428571492433548,0.9713312983512878,,False
15523011690,,/evaluator_log,,,0,0,0,0,False,0.5309504270553589,0.1764705926179886,0.9724919199943542,,False
15628008245,,/evaluator_log,,,0,0,0,0,False,0.48871904611587524,0.02777777798473835,0.9716362953186035,,False
15723006282,,/evaluator_log,,,0,0,0,0,False,0.4911832809448242,0.0,0.9747270345687866,,False
15818010908,,/evaluator_log,,,0,0,0,0,False,0.49242475628852844,0.06818182021379471,0.9727085828781128,,False
15928014655,,/evaluator_log,,,0,0,0,0,False,0.4778924286365509,0.0,0.9694451093673706,,False
16023017755,,/evaluator_log,,,0,0,0,0,False,0.49366623163223267,0.0,0.9692867398262024,,False
16128022459,,/evaluator_log,,,0,0,0,0,False,0.474953830242157,0.03125,0.9675297737121582,,False
16223022959,,/evaluator_log,,,0,0,0,0,False,0.5156716108322144,0.1666666716337204,0.9702746272087097,,False
16323030559,,/evaluator_log,,,0,0,0,0,False,0.5060756206512451,0.1304347813129425,0.9658376574516296,,False
16423033045,,/evaluator_log,,,0,0,0,0,False,0.45607173442840576,0.13333334028720856,0.9678029417991638,,False
16523029899,,/evaluator_log,,,0,0,0,0,False,0.4310709536075592,0.08771929889917374,0.9649018049240112,,False
16623026723,,/evaluator_log,,,0,0,0,0,False,0.43661004304885864,0.12121212482452393,0.9647977948188782,,False
16718027980,,/evaluator_log,,,0,0,0,0,False,0.4353315830230713,0.10344827175140381,0.9642462730407715,,False
16828039183,,/evaluator_log,,,0,0,0,0,False,0.4465601146221161,0.1304347813129425,0.9660032987594604,,False
16923042303,,/evaluator_log,,,0,0,0,0,False,0.458130419254303,0.15485313534736633,0.9668011665344238,,False
17023046839,,/evaluator_log,,,0,0,0,0,False,0.457879900932312,0.1967165768146515,0.9623022079467773,,False
17123037844,,/evaluator_log,,,0,0,0,0,False,0.4224069118499756,0.1308642029762268,0.9631917476654053,,False
17223051801,,/evaluator_log,,,0,0,0,0,False,0.43482324481010437,0.07088809460401535,0.9620488882064819,,False
17323049176,,/evaluator_log,,,0,0,0,0,False,0.4384281635284424,0.053333330899477005,0.9647306799888611,,False
17428066779,,/evaluator_log,,,0,0,0,0,False,0.42134594917297363,0.11428571492433548,0.9686053395271301,,False
17523053496,,/evaluator_log,,,0,0,0,0,False,0.3983817994594574,0.09767206758260727,0.9678360819816589,,False
17628050900,,/evaluator_log,,,0,0,0,0,False,0.39821141958236694,0.1071428582072258,0.9679155349731445,,False
17723055698,,/evaluator_log,,,0,0,0,0,False,0.4228309690952301,0.15295815467834473,0.9679577350616455,,False
17823065940,,/evaluator_log,,,0,0,0,0,False,0.41665515303611755,0.23005147278308868,0.9696148037910461,,False
17923068047,,/evaluator_log,,,0,0,0,0,False,0.3846472501754761,0.04518872871994972,0.9676710963249207,,False
18023070565,,/evaluator_log,,,0,0,0,0,False,0.37712180614471436,0.0,0.962771475315094,,False
18123072901,,/evaluator_log,,,0,0,0,0,False,0.41116631031036377,0.0683760717511177,0.9585795998573303,,False
18223075053,,/evaluator_log,,,0,0,0,0,False,0.3801974952220917,0.03809523954987526,0.9551637768745422,,False
18323066758,,/evaluator_log,,,0,0,0,0,False,0.40158677101135254,0.016260161995887756,0.9531792998313904,,False
18418076810,,/evaluator_log,,,0,0,0,0,False,0.40634211897850037,0.0,0.9505499601364136,,False
18523076838,,/evaluator_log,,,0,0,0,0,False,0.4119999408721924,0.011904762126505375,0.9504534006118774,,False
18628079180,,/evaluator_log,,,0,0,0,0,False,0.38792043924331665,0.04901960864663124,0.9485169649124146,,False
18728081944,,/evaluator_log,,,0,0,0,0,False,0.38155046105384827,0.0,0.9479799866676331,,False
18823083125,,/evaluator_log,,,0,0,0,0,False,0.3865319788455963,0.06534391641616821,0.9476912021636963,,False
18928086585,,/evaluator_log,,,0,0,0,0,False,0.4152509272098541,0.06201550364494324,0.9519662261009216,,False
19023087646,,/evaluator_log,,,0,0,0,0,False,0.4036237597465515,0.038596492260694504,0.9509508609771729,,False
19123088253,,/evaluator_log,,,0,0,0,0,False,0.42743629217147827,0.08761509507894516,0.9523674845695496,,False
19233090726,,/evaluator_log,,,0,0,0,0,False,0.4070952832698822,0.026819923892617226,0.9564641714096069,,False
19318096110,,/evaluator_log,,,0,0,0,0,False,0.4131174087524414,0.0602409653365612,0.9552546143531799,,False
19423103118,,/evaluator_log,,,0,0,0,0,False,0.434784859418869,0.12455859035253525,0.9573487639427185,,False
19528109184,,/evaluator_log,,,0,0,0,0,False,0.42656010389328003,0.0798611119389534,0.958204448223114,,False
19628101760,,/evaluator_log,,,0,0,0,0,False,0.4119740426540375,0.0624176561832428,0.960953950881958,,False
19728102907,,/evaluator_log,,,0,0,0,0,False,0.4369451105594635,0.1514478176832199,0.9641204476356506,,False
19828108071,,/evaluator_log,,,0,0,0,0,False,0.4211771786212921,0.030901722609996796,0.9612032175064087,,False
19918110243,,/evaluator_log,,,0,0,0,0,False,0.426678866147995,0.07615546137094498,0.9655631184577942,,False
20028119836,,/evaluator_log,,,0,0,0,0,False,0.4174771010875702,0.0868692621588707,0.964406430721283,,False
20128109453,,/evaluator_log,,,0,0,0,0,False,0.41738784313201904,0.0339113287627697,0.9653669595718384,,False
20223121534,,/evaluator_log,,,0,0,0,0,False,0.41667571663856506,0.09734513610601425,0.9653582572937012,,False
20328116570,,/evaluator_log,,,0,0,0,0,False,0.4128778278827667,0.07903090864419937,0.9654226303100586,,False
20428120234,,/evaluator_log,,,0,0,0,0,False,0.41967782378196716,0.03556005284190178,0.9657300114631653,,False
20523129662,,/evaluator_log,,,0,0,0,0,False,0.4198237657546997,0.095238097012043,0.9662883281707764,,False
20628131612,,/evaluator_log,,,0,0,0,0,False,0.4148688316345215,0.02430555410683155,0.9650062918663025,,False
20723124701,,/evaluator_log,,,0,0,0,0,False,0.41987910866737366,0.07344632595777512,0.9662442207336426,,False
20823137238,,/evaluator_log,,,0,0,0,0,False,0.4048973321914673,0.13803653419017792,0.9655649065971375,,False
20933139269,,/evaluator_log,,,0,0,0,0,False,0.4230349659919739,0.0954044759273529,0.9662741422653198,,False
21023140177,,/evaluator_log,,,0,0,0,0,False,0.41475382447242737,0.07547169923782349,0.9651317000389099,,False
21123143776,,/evaluator_log,,,0,0,0,0,False,0.398630291223526,0.1316957026720047,0.9632502794265747,,False
21228141842,,/evaluator_log,,,0,0,0,0,False,0.4199780523777008,0.10136120766401291,0.9656977653503418,,False
21323143567,,/evaluator_log,,,0,0,0,0,False,0.3952764868736267,0.11416634172201157,0.9694750905036926,,False
21423145060,,/evaluator_log,,,0,0,0,0,False,0.42486390471458435,0.09622862935066223,0.9696589112281799,,False
21523149111,,/evaluator_log,,,0,0,0,0,False,0.17500464618206024,0.008538317866623402,0.33587339520454407,,False
21623156373,,/evaluator_log,,,0,0,0,0,False,0.18518489599227905,0.01525423675775528,0.34849750995635986,,False
21723157362,,/evaluator_log,,,0,0,0,0,False,0.18220005929470062,0.02639344334602356,0.3356657922267914,,False
21818158876,,/evaluator_log,,,0,0,0,0,False,0.1723814308643341,0.0014880952658131719,0.3266485035419464,,False
21928155302,,/evaluator_log,,,0,0,0,0,False,0.17894455790519714,0.019048767164349556,0.3094846308231354,,False
22023165657,,/evaluator_log,,,0,0,0,0,False,0.17153403162956238,0.0010362693574279547,0.32885536551475525,,False
22128168755,,/evaluator_log,,,0,0,0,0,False,0.18549004197120667,0.03479116037487984,0.3363550007343292,,False
22148169761,,analyzer,SegmentationBad,,0,0,0,0,False,0.0,0.0,0.0,,False
22153168816,,planning,SegmentationBad,recalibration,12522202132277569776,1,0,0,False,0.0,0.0,0.0,,False
22153168816,,execution_parametrization,,,0,0,0,1,False,0.0,0.0,0.0,,False
22228170458,,/evaluator_log,,,0,0,0,0,False,0.16696760058403015,0.0,0.3186023235321045,,False
22323164309,,/evaluator_log,,,0,0,0,0,False,0.16298292577266693,0.012298278510570526,0.3369969129562378,,False
22423174834,,/evaluator_log,,,0,0,0,0,False,0.18788659572601318,0.009615384973585606,0.3324308395385742,,False
22523172201,,/evaluator_log,,,0,0,0,0,False,0.16847078502178192,0.00685714278370142,0.3279378116130829,,False
22628173792,,/evaluator_log,,,0,0,0,0,False,0.19409286975860596,0.03993365913629532,0.3432560861110687,,False
22718177052,,/evaluator_log,,,0,0,0,0,False,0.17652882635593414,0.031465236097574234,0.3748534023761749,,False
22828183074,,/evaluator_log,,,0,0,0,0,False,0.17321337759494781,0.0045731705613434315,0.3625982999801636,,False
22923186247,,/evaluator_log,,,0,0,0,0,False,0.17616628110408783,0.008196720853447914,0.3657155930995941,,False
22953186744,,execution_parametrization,,,0,0,0,3,True,0.0,0.0,0.0,,False
23028188731,,/evaluator_log,,,0,0,0,0,False,0.17579619586467743,0.0026315790601074696,0.3648570775985718,,False
23123184817,,/evaluator_log,,,0,0,0,0,False,0.17706432938575745,0.016129031777381897,0.32705581188201904,,False
23228185058,,/evaluator_log,,,0,0,0,0,False,0.18438586592674255,0.0069444444961845875,0.3311024010181427,,False
23323190347,,/evaluator_log,,,0,0,0,0,False,0.17826339602470398,0.003816793905571103,0.32187703251838684,,False
23423198150,,/evaluator_log,,,0,0,0,0,False,0.17780785262584686,0.0,0.311852365732193,,False
23518191994,,/evaluator_log,,,0,0,0,0,False,0.169499471783638,0.0,0.3028610348701477,,False
23623193886,,/evaluator_log,,,0,0,0,0,False,0.1697080284357071,0.0,0.2809664309024811,,False
23728196401,,/evaluator_log,,,0,0,0,0,False,0.17639899253845215,0.0,0.26546764373779297,,False
23748197571,,analyzer,SegmentationBad,recalibration,12522202132277569776,4,0,0,False,0.0,0.0,0.0,,False
23753205590,,planning,SegmentationBad,enhancement_activate,8888226150480900823,1,0,0,False,0.0,0.0,0.0,,False
23753205590,,execution_lifecycle_change,,,0,0,0,1,False,0.0,0.0,0.0,,False
23753205590,,execution_comm_change,,,0,0,5,1,False,0.0,0.0,0.0,,False
23828201296,,/evaluator_log,,,0,0,0,0,False,0.1807418018579483,0.0,0.26333677768707275,,False
23923200564,,/evaluator_log,,,0,0,0,0,False,0.1785174012184143,0.0071428571827709675,0.23436875641345978,,False
24028211398,,/evaluator_log,,,0,0,0,0,False,0.17813585698604584,0.0,0.26129764318466187,,False
24123208256,,/evaluator_log,,,0,0,0,0,False,0.18057920038700104,0.005194805096834898,0.23886454105377197,,False
24153206087,,execution_lifecycle_change,,,0,0,0,3,False,0.0,0.0,0.0,,False
24223208883,,/evaluator_log,,,0,0,0,0,False,0.17040836811065674,0.01185185182839632,0.2600364089012146,,False
24323216028,,/evaluator_log,,,0,0,0,0,False,0.16163843870162964,0.0,0.26779571175575256,,False
24428215903,,/evaluator_log,,,0,0,0,0,False,0.1669239103794098,0.0033333334140479565,0.2946734130382538,,False
24523215749,,/evaluator_log,,,0,0,0,0,False,0.17291858792304993,0.0,0.3113196790218353,,False
24553231919,,execution_comm_change,,,0,0,0,3,True,0.0,0.0,0.0,,False
24628232459,,/evaluator_log,,,0,0,0,0,False,0.17363214492797852,0.0,0.3058108985424042,,False
24723230193,,/evaluator_log,,,0,0,0,0,False,0.17319293320178986,0.0,0.28025689721107483,,False
24823226905,,/evaluator_log,,,0,0,0,0,False,0.1728304922580719,0.0,0.27765747904777527,,False
24923225058,,/evaluator_log,,,0,0,0,0,False,0.17605191469192505,0.0,0.26738297939300537,,False
25023230337,,/evaluator_log,,,0,0,0,0,False,0.1891729086637497,0.03455882519483566,0.2744682729244232,,False
25123232509,,/evaluator_log,,,0,0,0,0,False,0.1759137511253357,0.010638297535479069,0.2696860432624817,,False
25223235452,,/evaluator_log,,,0,0,0,0,False,0.18088366091251373,0.018421052023768425,0.26928094029426575,,False
25323254843,,/evaluator_log,,,0,0,0,0,False,0.1787739247083664,0.010309278033673763,0.2859465479850769,,False
25423255106,,/evaluator_log,,,0,0,0,0,False,0.1570015698671341,0.02223396860063076,0.2738484740257263,,False
25523261487,,/evaluator_log,,,0,0,0,0,False,0.16148243844509125,0.005747126415371895,0.2749176621437073,,False
25623264721,,/evaluator_log,,,0,0,0,0,False,0.16415230929851532,0.0,0.28518277406692505,,False
25723245449,,/evaluator_log,,,0,0,0,0,False,0.16635318100452423,0.025641025975346565,0.2458096742630005,,False
25823254210,,/evaluator_log,,,0,0,0,0,False,0.1920720636844635,0.01617647148668766,0.2602281868457794,,False
25923257349,,/evaluator_log,,,0,0,0,0,False,0.1865951269865036,0.02413793094456196,0.26387181878089905,,False
26023254237,,/evaluator_log,,,0,0,0,0,False,0.19030892848968506,0.0393209233880043,0.2637336552143097,,False
26123250758,,/evaluator_log,,,0,0,0,0,False,0.1973840743303299,0.011827956885099411,0.254013329744339,,False
26218255704,,/evaluator_log,,,0,0,0,0,False,0.18971660733222961,0.004428044427186251,0.2843494415283203,,False
26328267201,,/evaluator_log,,,0,0,0,0,False,0.2020893394947052,0.016413792967796326,0.29362761974334717,,False
26423269511,,/evaluator_log,,,0,0,0,0,False,0.21018533408641815,0.014285714365541935,0.26856061816215515,,False
26528271936,,/evaluator_log,,,0,0,0,0,False,0.19963011145591736,0.01316872425377369,0.3022795617580414,,False
26623274110,,/evaluator_log,,,0,0,0,0,False,0.17347881197929382,0.004975124262273312,0.2922748625278473,,False
26828277440,,/evaluator_log,,,0,0,0,0,False,0.19024351239204407,0.0058823530562222,0.3036268949508667,,False
26923270409,,/evaluator_log,,,0,0,0,0,False,0.19949817657470703,0.012612612918019295,0.2907674014568329,,False
26948271844,,analyzer,SegmentationBad,enhancement_activate,8888226150480900823,4,0,0,False,0.0,0.0,0.0,,False
26953271959,,planning,SegmentationBad,enhancement_deactivate,18219604205592285671,1,0,0,False,0.0,0.0,0.0,,False
26953271959,,execution_lifecycle_change,,,0,0,0,1,False,0.0,0.0,0.0,,False
26953271959,,execution_comm_change,,,0,0,5,1,False,0.0,0.0,0.0,,False
27028279329,,/evaluator_log,,,0,0,0,0,False,0.46611496806144714,0.1111111119389534,0.9926279783248901,,False
27128279431,,/evaluator_log,,,0,0,0,0,False,0.4722101092338562,0.11261261254549026,0.9924588203430176,,False
27223280391,,/evaluator_log,,,0,0,0,0,False,0.4613102078437805,0.053333330899477005,0.9925972819328308,,False
27323281317,,/evaluator_log,,,0,0,0,0,False,0.4602747857570648,0.0364583320915699,0.9920551776885986,,False
27353291404,,execution_lifecycle_change,,,0,0,0,3,True,0.0,0.0,0.0,,False
27353291404,,execution_comm_change,,,0,0,0,3,True,0.0,0.0,0.0,,False
27423283840,,/evaluator_log,,,0,0,0,0,False,0.471877783536911,0.10769230872392654,0.9920458197593689,,False
27523295306,,/evaluator_log,,,0,0,0,0,False,0.48071709275245667,0.14666666090488434,0.9924769997596741,,False
27623287248,,/evaluator_log,,,0,0,0,0,False,0.4614817202091217,0.025641025975346565,0.9924754500389099,,False
27723291043,,/evaluator_log,,,0,0,0,0,False,0.4931494891643524,0.1204819306731224,0.9932416677474976,,False
27748292805,,analyzer,SegmentationBad,enhancement_deactivate,18219604205592285671,3,0,0,True,0.0,0.0,0.0,,False
27823303663,,/evaluator_log,,,0,0,0,0,False,0.4918881058692932,0.11674347519874573,0.9932563900947571,,False
27923311972,,/evaluator_log,,,0,0,0,0,False,0.4926580488681793,0.07999999821186066,0.9931579828262329,,False
28028296798,,/evaluator_log,,,0,0,0,0,False,0.4826717972755432,0.06425702571868896,0.9926940202713013,,False
28118300563,,/evaluator_log,,,0,0,0,0,False,0.4838288724422455,0.06666667014360428,0.9924871325492859,,False
28223304380,,/evaluator_log,,,0,0,0,0,False,0.4926663637161255,0.13476842641830444,0.9933284521102905,,False
28323320239,,/evaluator_log,,,0,0,0,0,False,0.4946046769618988,0.10526315122842789,0.9930455684661865,,False
28423313357,,/evaluator_log,,,0,0,0,0,False,0.4960182309150696,0.09345794469118118,0.9927752614021301,,False
28523311747,,/evaluator_log,,,0,0,0,0,False,0.49865469336509705,0.1076388880610466,0.9930312037467957,,False
28623321507,,/evaluator_log,,,0,0,0,0,False,0.5083723068237305,0.09578543901443481,0.9926980137825012,,False
28718312919,,/evaluator_log,,,0,0,0,0,False,0.48965150117874146,0.028735632076859474,0.9932291507720947,,False
28823317781,,/evaluator_log,,,0,0,0,0,False,0.49478599429130554,0.03030303120613098,0.9941124320030212,,False
28923328463,,/evaluator_log,,,0,0,0,0,False,0.4904516339302063,0.09259259700775146,0.9922247529029846,,False
29023330930,,/evaluator_log,,,0,0,0,0,False,0.4973035752773285,0.1071428582072258,0.9939159750938416,,False
29123333452,,/evaluator_log,,,0,0,0,0,False,0.5003385543823242,0.15942029654979706,0.9936428070068359,,False
29223335092,,/evaluator_log,,,0,0,0,0,False,0.48747557401657104,0.1190476194024086,0.9939239621162415,,False
29323338578,,/evaluator_log,,,0,0,0,0,False,0.5204021334648132,0.0,0.994884192943573,,False
29423344668,,/evaluator_log,,,0,0,0,0,False,0.5193345546722412,0.0,0.9945171475410461,,False
29523348038,,/evaluator_log,,,0,0,0,0,False,0.5220959782600403,0.0,0.9951618313789368,,False
29628339793,,/evaluator_log,,,0,0,0,0,False,0.5360780954360962,0.0,0.9953465461730957,,False
29718339548,,/evaluator_log,,,0,0,0,0,False,0.53519606590271,0.0,0.9948703646659851,,False
29818341832,,/evaluator_log,,,0,0,0,0,False,0.5282469987869263,0.0,0.994889497756958,,False
29923353028,,/evaluator_log,,,0,0,0,0,False,0.5842770338058472,0.0,0.9947408437728882,,False
30023365887,,/evaluator_log,,,0,0,0,0,False,0.5455870032310486,0.0,0.9955883026123047,,False
30123356494,,/evaluator_log,,,0,0,0,0,False,0.5385004878044128,0.0,0.9952934384346008,,False
30223351180,,/evaluator_log,,,0,0,0,0,False,0.5829612016677856,0.0,0.9953495264053345,,False
30318353162,,/evaluator_log,,,0,0,0,0,False,0.5763334631919861,0.0,0.9947413206100464,,False
30423371396,,/evaluator_log,,,0,0,0,0,False,0.593185305595398,0.0,0.9948140382766724,,False
30523358214,,/evaluator_log,,,0,0,0,0,False,0.5943263173103333,0.0,0.9947230815887451,,False
30623368372,,/evaluator_log,,,0,0,0,0,False,0.5741365551948547,0.0,0.9950323104858398,,False
30723370886,,/evaluator_log,,,0,0,0,0,False,0.5839734077453613,0.0,0.9949407577514648,,False
30823365346,,/evaluator_log,,,0,0,0,0,False,0.580075740814209,0.0,0.9948817491531372,,False
30923375442,,/evaluator_log,,,0,0,0,0,False,0.5701591372489929,0.0,0.9949010610580444,,False
31023377730,,/evaluator_log,,,0,0,0,0,False,0.5756786465644836,0.0,0.9944892525672913,,False
31123379907,,/evaluator_log,,,0,0,0,0,False,0.5718445181846619,0.0,0.9944118857383728,,False
31223382847,,/evaluator_log,,,0,0,0,0,False,0.5283147692680359,0.0,0.9927084445953369,,False
31318376757,,/evaluator_log,,,0,0,0,0,False,0.5678989291191101,0.25,0.9942612648010254,,False
31423377419,,/evaluator_log,,,0,0,0,0,False,0.5463835000991821,0.1428571492433548,0.9948474764823914,,False
31523389889,,/evaluator_log,,,0,0,0,0,False,0.5087789297103882,0.025641025975346565,0.9939217567443848,,False
31623384748,,/evaluator_log,,,0,0,0,0,False,0.5098904371261597,0.04444444552063942,0.9945499897003174,,False
31723386684,,/evaluator_log,,,0,0,0,0,False,0.5231338739395142,0.07407407462596893,0.994123101234436,,False
31818396266,,/evaluator_log,,,0,0,0,0,False,0.5097337961196899,0.1041666641831398,0.9942521452903748,,False
31923396180,,/evaluator_log,,,0,0,0,0,False,0.5512896776199341,0.1071428582072258,0.9952524304389954,,False
32023401775,,/evaluator_log,,,0,0,0,0,False,0.5270325541496277,0.14705882966518402,0.9948630332946777,,False
32123398559,,/evaluator_log,,,0,0,0,0,False,0.5501350164413452,0.1666666716337204,0.9950123429298401,,False
32223400803,,/evaluator_log,,,0,0,0,0,False,0.5309785008430481,0.07894736528396606,0.9945831894874573,,False
32323400532,,/evaluator_log,,,0,0,0,0,False,0.5318971872329712,0.0833333358168602,0.9948235750198364,,False
32423410956,,/evaluator_log,,,0,0,0,0,False,0.5320313572883606,0.10526315867900848,0.9946021437644958,,False
32518410469,,/evaluator_log,,,0,0,0,0,False,0.5030660629272461,0.02380952425301075,0.9946020245552063,,False
32728411136,,/evaluator_log,,,0,0,0,0,False,0.5131959319114685,0.029411764815449715,0.9934322834014893,,False
32828412861,,/evaluator_log,,,0,0,0,0,False,0.49294567108154297,0.0,0.9938733577728271,,False
32928413833,,/evaluator_log,,,0,0,0,0,False,0.5086391568183899,0.0625,0.994351327419281,,False
33023417604,,/evaluator_log,,,0,0,0,0,False,0.47110310196876526,0.0,0.9935337901115417,,False
33123428294,,/evaluator_log,,,0,0,0,0,False,0.5119879841804504,0.2943806052207947,0.9935896396636963,,False
33223423209,,/evaluator_log,,,0,0,0,0,False,0.5201823711395264,0.24836601316928864,0.9940519332885742,,False
33323423696,,/evaluator_log,,,0,0,0,0,False,0.5490684509277344,0.23943662643432617,0.9947344660758972,,False
33418428524,,/evaluator_log,,,0,0,0,0,False,0.5579566955566406,0.24242424964904785,0.9946205615997314,,False
33523436996,,/evaluator_log,,,0,0,0,0,False,0.5761139988899231,0.23508770763874054,0.9933344721794128,,False
33623438277,,/evaluator_log,,,0,0,0,0,False,0.5713484883308411,0.23333333432674408,0.9927775263786316,,False
33723440701,,/evaluator_log,,,0,0,0,0,False,0.5449627041816711,0.23024053871631622,0.9925681948661804,,False
33823445724,,/evaluator_log,,,0,0,0,0,False,0.5675346255302429,0.25850340723991394,0.9929013252258301,,False
33918437577,,/evaluator_log,,,0,0,0,0,False,0.5374269485473633,0.24000000953674316,0.9924514889717102,,False
34018442845,,/evaluator_log,,,0,0,0,0,False,0.5433368682861328,0.22006471455097198,0.9922469258308411,,False
34123443028,,/evaluator_log,,,0,0,0,0,False,0.5144083499908447,0.22772276401519775,0.9931147694587708,,False
34223454406,,/evaluator_log,,,0,0,0,0,False,0.5273170471191406,0.20679013431072235,0.9955751299858093,,False
34323449991,,/evaluator_log,,,0,0,0,0,False,0.5121737718582153,0.23148147761821747,0.9949947595596313,,False
34418448960,,/evaluator_log,,,0,0,0,0,False,0.45792365074157715,0.17105263471603394,0.994172990322113,,False
34518456018,,/evaluator_log,,,0,0,0,0,False,0.477876216173172,0.24074073135852814,0.9935929775238037,,False
34623454513,,/evaluator_log,,,0,0,0,0,False,0.45649534463882446,0.17391304671764374,0.9935153722763062,,False
34723466289,,/evaluator_log,,,0,0,0,0,False,0.47388124465942383,0.22314049303531647,0.992709755897522,,False
34833458157,,/evaluator_log,,,0,0,0,0,False,0.46476486325263977,0.2347826212644577,0.9926539063453674,,False
34923469640,,/evaluator_log,,,0,0,0,0,False,0.4429647624492645,0.20080643892288208,0.9932311177253723,,False
35028472565,,/evaluator_log,,,0,0,0,0,False,0.4373524785041809,0.17975206673145294,0.9929888248443604,,False
35123475154,,/evaluator_log,,,0,0,0,0,False,0.4785790741443634,0.26631230115890503,0.9936375021934509,,False
35223468947,,/evaluator_log,,,0,0,0,0,False,0.5029981136322021,0.2587365508079529,0.9938616752624512,,False
35323472059,,/evaluator_log,,,0,0,0,0,False,0.5475367307662964,0.3816239535808563,0.9938786029815674,,False
35423482576,,/evaluator_log,,,0,0,0,0,False,0.5282065868377686,0.3203798532485962,0.9936147332191467,,False
35523480781,,/evaluator_log,,,0,0,0,0,False,0.5211282968521118,0.38912877440452576,0.9934254884719849,,False
35623479083,,/evaluator_log,,,0,0,0,0,False,0.5533194541931152,0.3243523836135864,0.9936870336532593,,False
35723488650,,/evaluator_log,,,0,0,0,0,False,0.5480636358261108,0.3085213303565979,0.9928820133209229,,False
35823483317,,/evaluator_log,,,0,0,0,0,False,0.562537670135498,0.31800976395606995,0.993365466594696,,False
35923487746,,/evaluator_log,,,0,0,0,0,False,0.5543834567070007,0.3226495683193207,0.9930075407028198,,False
36023488791,,/evaluator_log,,,0,0,0,0,False,0.5701911449432373,0.31193429231643677,0.9928193688392639,,False
36123492395,,/evaluator_log,,,0,0,0,0,False,0.6049667000770569,0.44422340393066406,0.9932119250297546,,False
36223495100,,/evaluator_log,,,0,0,0,0,False,0.5628147125244141,0.4435185194015503,0.9928180575370789,,False
36323505349,,/evaluator_log,,,0,0,0,0,False,0.5406023859977722,0.3253968358039856,0.993168294429779,,False
36423505434,,/evaluator_log,,,0,0,0,0,False,0.556297242641449,0.29760199785232544,0.9936187267303467,,False
36518509067,,/evaluator_log,,,0,0,0,0,False,0.5104354619979858,0.31945914030075073,0.9937096238136292,,False
36628500119,,/evaluator_log,,,0,0,0,0,False,0.5753577947616577,0.39737358689308167,0.9932585954666138,,False
36723513168,,/evaluator_log,,,0,0,0,0,False,0.5575599074363708,0.3745059072971344,0.9934988021850586,,False
36828515291,,/evaluator_log,,,0,0,0,0,False,0.5456175804138184,0.300539493560791,0.9938331842422485,,False
36923516222,,/evaluator_log,,,0,0,0,0,False,0.5470929741859436,0.2795153260231018,0.9933990240097046,,False
37023516227,,/evaluator_log,,,0,0,0,0,False,0.5506752133369446,0.2608904242515564,0.9929847717285156,,False
37118516603,,/evaluator_log,,,0,0,0,0,False,0.5931599736213684,0.3513889014720917,0.9933596849441528,,False
37223526213,,/evaluator_log,,,0,0,0,0,False,0.5996935963630676,0.3311965763568878,0.9932239055633545,,False
37323530166,,/evaluator_log,,,0,0,0,0,False,0.6017958521842957,0.3385142385959625,0.9934102892875671,,False
37423527275,,/evaluator_log,,,0,0,0,0,False,0.5748628377914429,0.2826698422431946,0.9932941794395447,,False
37523533720,,/evaluator_log,,,0,0,0,0,False,0.5708615183830261,0.25627386569976807,0.9931033253669739,,False
37728551041,,/evaluator_log,,,0,0,0,0,False,0.6226552724838257,0.39418959617614746,0.9927964210510254,,False
37828527855,,/evaluator_log,,,0,0,0,0,False,0.5775079727172852,0.4116809368133545,0.9933183789253235,,False
37923535970,,/evaluator_log,,,0,0,0,0,False,0.56048184633255,0.2782961130142212,0.9931642413139343,,False
38028543011,,/evaluator_log,,,0,0,0,0,False,0.5819438099861145,0.35034918785095215,0.993105947971344,,False
38123537312,,/evaluator_log,,,0,0,0,0,False,0.5834172964096069,0.333890825510025,0.9936107993125916,,False
38228549577,,/evaluator_log,,,0,0,0,0,False,0.6206343173980713,0.46052277088165283,0.9928357005119324,,False
38328545950,,/evaluator_log,,,0,0,0,0,False,0.5905721187591553,0.3837599456310272,0.993229329586029,,False
38428553919,,/evaluator_log,,,0,0,0,0,False,0.5722249746322632,0.3621915876865387,0.9927949905395508,,False
38523551641,,/evaluator_log,,,0,0,0,0,False,0.5732762217521667,0.3479352295398712,0.9921484589576721,,False
38623547296,,/evaluator_log,,,0,0,0,0,False,0.602047324180603,0.4635019302368164,0.992807924747467,,False
38728557541,,/evaluator_log,,,0,0,0,0,False,0.5591787695884705,0.3496907651424408,0.9929781556129456,,False
38828562566,,/evaluator_log,,,0,0,0,0,False,0.5478371381759644,0.32198566198349,0.9921675324440002,,False
38928567881,,/evaluator_log,,,0,0,0,0,False,0.5559725761413574,0.2922505736351013,0.9927759766578674,,False
39028565896,,/evaluator_log,,,0,0,0,0,False,0.5788267254829407,0.3516865074634552,0.9931321740150452,,False
39123566924,,/evaluator_log,,,0,0,0,0,False,0.5443630218505859,0.2503097653388977,0.9926756024360657,,False
39228568453,,/evaluator_log,,,0,0,0,0,False,0.5337040424346924,0.22510822117328644,0.9932789206504822,,False
39323569250,,/evaluator_log,,,0,0,0,0,False,0.5551297068595886,0.23553720116615295,0.9930676817893982,,False
39428576565,,/evaluator_log,,,0,0,0,0,False,0.558926522731781,0.289186954498291,0.9925028681755066,,False
39528572756,,/evaluator_log,,,0,0,0,0,False,0.575542688369751,0.3608871102333069,0.9930106997489929,,False
39628581267,,/evaluator_log,,,0,0,0,0,False,0.5568789839744568,0.347897469997406,0.9925040006637573,,False
39728580329,,/evaluator_log,,,0,0,0,0,False,0.5214629173278809,0.2734557092189789,0.9919822812080383,,False
39828585762,,/evaluator_log,,,0,0,0,0,False,0.5198938250541687,0.2594919800758362,0.9914956092834473,,False
39928588247,,/evaluator_log,,,0,0,0,0,False,0.5151317715644836,0.2907075881958008,0.9918203353881836,,False