timestamp,scenario,source,rule_name,strategy_name,strategy_hash,strategy_status,adaptation_type,adaptation_status,success,iou,vehicle_iou,road_iou,gt_failure_name,is_gt_failure
938019734,,/evaluator_log,,,0,0,0,0,False,0.5201601386070251,0.44179895520210266,0.9694640040397644,,False
1638005132,,/evaluator_log,,,0,0,0,0,False,0.532633364200592,0.9237056970596313,0.9684301614761353,,False
1638005132,,/evaluator_log,,,0,0,0,0,False,0.5085535645484924,0.897172212600708,0.9674443602561951,,False
1638005132,,/evaluator_log,,,0,0,0,0,False,0.48409977555274963,0.45049506425857544,0.9702792167663574,,False
1638005132,,/evaluator_log,,,0,0,0,0,False,0.4939456582069397,0.917475700378418,0.9670359492301941,,False
1638005132,,/evaluator_log,,,0,0,0,0,False,0.4771357774734497,0.9146919250488281,0.9674641489982605,,False
1663022786,,/evaluator_log,,,0,0,0,0,False,0.48493415117263794,0.9044288992881775,0.9686749577522278,,False
1663022786,,/evaluator_log,,,0,0,0,0,False,0.48416459560394287,0.898004412651062,0.9655604362487793,,False
1763017817,,/evaluator_log,,,0,0,0,0,False,0.4567387104034424,0.4553191363811493,0.9668986797332764,,False
1863037578,,/evaluator_log,,,0,0,0,0,False,0.4587119519710541,0.4604700803756714,0.9675349593162537,,False
1963033080,,/evaluator_log,,,0,0,0,0,False,0.48012685775756836,0.9134808778762817,0.9668298363685608,,False
2088026693,,/evaluator_log,,,0,0,0,0,False,0.45784640312194824,0.4618395268917084,0.9665437936782837,,False
2188029645,,/evaluator_log,,,0,0,0,0,False,0.4485894441604614,0.8803738355636597,0.9676015377044678,,False
2288038127,,/evaluator_log,,,0,0,0,0,False,0.4283563792705536,0.46038544178009033,0.9652712941169739,,False
2388052188,,/evaluator_log,,,0,0,0,0,False,0.4648969769477844,0.9232876896858215,0.971682071685791,,False
2488047390,,/evaluator_log,,,0,0,0,0,False,0.42334088683128357,0.2996389865875244,0.9685681462287903,,False
2588048370,,/evaluator_log,,,0,0,0,0,False,0.37708428502082825,0.16951219737529755,0.9682857990264893,,False
2738036907,,/evaluator_log,,,0,0,0,0,False,0.39126142859458923,0.17499999701976776,0.9646046161651611,,False
2838065170,,/evaluator_log,,,0,0,0,0,False,0.38085800409317017,0.1111111119389534,0.9587293267250061,,False
2938047500,,/evaluator_log,,,0,0,0,0,False,0.3781188726425171,0.12345679104328156,0.9612128734588623,,False
3038105603,,/evaluator_log,,,0,0,0,0,False,0.39000198245048523,0.1538461595773697,0.9586114883422852,,False
3163085737,,/evaluator_log,,,0,0,0,0,False,0.36962148547172546,0.15703703463077545,0.9438987374305725,,False
3263072557,,/evaluator_log,,,0,0,0,0,False,0.37196671962738037,0.13466666638851166,0.9498927593231201,,False
3363060108,,/evaluator_log,,,0,0,0,0,False,0.3421480059623718,0.07279693335294724,0.9417435526847839,,False
3463075010,,/evaluator_log,,,0,0,0,0,False,0.3825521469116211,0.1711818277835846,0.9498764276504517,,False
3563065281,,/evaluator_log,,,0,0,0,0,False,0.3432464301586151,0.07412675768136978,0.9416526556015015,,False
3663084623,,/evaluator_log,,,0,0,0,0,False,0.36717331409454346,0.1984626054763794,0.9463711977005005,,False
3788085467,,/evaluator_log,,,0,0,0,0,False,0.3825688064098358,0.17283950746059418,0.9442853331565857,,False
3888085028,,/evaluator_log,,,0,0,0,0,False,0.36543381214141846,0.15963749587535858,0.9422509670257568,,False
3988088500,,/evaluator_log,,,0,0,0,0,False,0.3643278479576111,0.1390421837568283,0.9442418813705444,,False
4088073691,,/evaluator_log,,,0,0,0,0,False,0.40614137053489685,0.26005470752716064,0.9467912316322327,,False
4188070842,,/evaluator_log,,,0,0,0,0,False,0.372027188539505,0.19405080378055573,0.9431005120277405,,False
4288080194,,/evaluator_log,,,0,0,0,0,False,0.37585747241973877,0.2110036015510559,0.9382138252258301,,False
4388067304,,/evaluator_log,,,0,0,0,0,False,0.35204848647117615,0.1600451022386551,0.9402170181274414,,False
4588104508,,/evaluator_log,,,0,0,0,0,False,0.3625629246234894,0.18245036900043488,0.9427593946456909,,False
4763117538,_041,scenario_executor,,,0,0,0,0,False,0.0,0.0,0.0,do_hard_drop_sensor_fusion,False
4763117538,_041,scenario_executor,,,0,0,0,0,False,0.0,0.0,0.0,image_degradation,False
4763117538,_041,scenario_executor,,,0,0,0,0,False,0.0,0.0,0.0,autofocus_needed,False
4888095902,,/evaluator_log,,,0,0,0,0,False,0.35441651940345764,0.183160200715065,0.9429986476898193,,False
6338118706,,analyzer,AutoFocusNeeded,,0,0,0,0,False,0.0,0.0,0.0,,False
6363156720,,planning,AutoFocusNeeded,autofocus_strategy,18274997830408420195,1,0,0,False,0.0,0.0,0.0,,False
6363156720,,execution_parametrization,,,0,0,0,1,False,0.0,0.0,0.0,,False
6663142443,,execution_parametrization,,,0,0,0,3,True,0.0,0.0,0.0,,False
6738144622,,analyzer,AutoFocusNeeded,autofocus_strategy,18274997830408420195,4,0,0,False,0.0,0.0,0.0,,False
7138189428,,analyzer,AutoFocusNeeded,autofocus_strategy,18274997830408420195,5,0,0,True,0.0,0.0,0.0,,False
9563203823,,analyzer,SensorFusionDead,,0,0,0,0,False,0.0,0.0,0.0,,False
9588206906,,planning,SensorFusionDead,sensor_fusion_redeploy,209983007077540200,1,0,0,False,0.0,0.0,0.0,,False
9588206906,,execution_redeploy,,,0,0,4,1,False,0.0,0.0,0.0,,False
9688215497,,execution_redeploy,,,0,0,0,3,True,0.0,0.0,0.0,,False
10363214754,,analyzer,SegmentationDead,,0,0,0,0,False,0.0,0.0,0.0,,False
10388220526,,planning,SegmentationDead,segmentation_redeploy,4862303032868966723,1,0,0,False,0.0,0.0,0.0,,False
10388220526,,execution_redeploy,,,0,0,4,1,False,0.0,0.0,0.0,,False
10488219298,,execution_redeploy,,,0,0,0,3,True,0.0,0.0,0.0,,False
11363281468,,analyzer,SensorFusionDead,sensor_fusion_redeploy,209983007077540200,4,0,0,False,0.0,0.0,0.0,,False
11388278181,,planning,SensorFusionDead,sensor_fusion_restart,14489321528306928715,1,0,0,False,0.0,0.0,0.0,,False
11388278181,,execution_lifecycle_change,,,0,0,0,1,False,0.0,0.0,0.0,,False
11963297697,,analyzer,SensorFusionDead,sensor_fusion_restart,14489321528306928715,3,0,0,True,0.0,0.0,0.0,,False
12163310309,,analyzer,SegmentationDead,segmentation_redeploy,4862303032868966723,4,0,0,False,0.0,0.0,0.0,,False
12188318602,,planning,SegmentationDead,segmentation_restart,3804427162940246793,1,0,0,False,0.0,0.0,0.0,,False
13488297759,,analyzer,SegmentationDead,segmentation_restart,3804427162940246793,4,0,0,False,0.0,0.0,0.0,,False
17513433787,,analyzer,SegmentationBad,,0,0,0,0,False,0.0,0.0,0.0,,False
17513433787,,analyzer,SegmentationDead,segmentation_restart,3804427162940246793,5,0,0,True,0.0,0.0,0.0,,False
27963649045,,analyzer,SegmentationBad,,0,5,0,0,True,0.0,0.0,0.0,,False
64764515928,_041,scenario_executor,,,0,0,0,0,False,0.0,0.0,0.0,do_hard_drop_sensor_fusion,False
64764515928,_041,scenario_executor,,,0,0,0,0,False,0.0,0.0,0.0,image_degradation,False
64764515928,_041,scenario_executor,,,0,0,0,0,False,0.0,0.0,0.0,autofocus_needed,False
66314559164,,analyzer,AutoFocusNeeded,,0,0,0,0,False,0.0,0.0,0.0,,False
66339558507,,planning,AutoFocusNeeded,autofocus_strategy,18274997830408420195,1,0,0,False,0.0,0.0,0.0,,False
66714562370,,analyzer,AutoFocusNeeded,autofocus_strategy,18274997830408420195,4,0,0,False,0.0,0.0,0.0,,False
69539675043,,analyzer,SensorFusionDead,,0,0,0,0,False,0.0,0.0,0.0,,False
70339686375,,analyzer,SegmentationDead,,0,0,0,0,False,0.0,0.0,0.0,,False
124765943924,_041,scenario_executor,,,0,0,0,0,False,0.0,0.0,0.0,do_hard_drop_sensor_fusion,False
124765943924,_041,scenario_executor,,,0,0,0,0,False,0.0,0.0,0.0,image_degradation,False
124765943924,_041,scenario_executor,,,0,0,0,0,False,0.0,0.0,0.0,autofocus_needed,False
184767361355,_041,scenario_executor,,,0,0,0,0,False,0.0,0.0,0.0,do_hard_drop_sensor_fusion,False
184767361355,_041,scenario_executor,,,0,0,0,0,False,0.0,0.0,0.0,image_degradation,False
184767361355,_041,scenario_executor,,,0,0,0,0,False,0.0,0.0,0.0,autofocus_needed,False