timestamp,scenario,source,rule_name,strategy_name,strategy_hash,strategy_status,adaptation_type,adaptation_status,success,iou,vehicle_iou,road_iou,gt_failure_name,is_gt_failure
183214406,,/evaluator_log,,,0,0,0,0,False,0.5758379697799683,0.596036434173584,0.9657858610153198,,False
313213051,,/evaluator_log,,,0,0,0,0,False,0.567213237285614,0.5685916543006897,0.9673824310302734,,False
323210588,,/evaluator_log,,,0,0,0,0,False,0.5454676747322083,0.4455137252807617,0.9673227667808533,,False
428211901,,/evaluator_log,,,0,0,0,0,False,0.5193779468536377,0.28688523173332214,0.9692474603652954,,False
523217952,,/evaluator_log,,,0,0,0,0,False,0.5201601386070251,0.44179895520210266,0.9694640040397644,,False
623216373,,/evaluator_log,,,0,0,0,0,False,0.532633364200592,0.9237056970596313,0.9684301614761353,,False
728231002,,/evaluator_log,,,0,0,0,0,False,0.5085535645484924,0.897172212600708,0.9674443602561951,,False
823237368,,/evaluator_log,,,0,0,0,0,False,0.48409977555274963,0.45049506425857544,0.9702792167663574,,False
923235906,,/evaluator_log,,,0,0,0,0,False,0.4939456582069397,0.917475700378418,0.9670359492301941,,False
1003236667,_017,scenario_executor,,,0,0,0,0,False,0.0,0.0,0.0,do_hard_drop_sensor_fusion,False
1003236667,_017,scenario_executor,,,0,0,0,0,False,0.0,0.0,0.0,image_degradation,False
1003236667,_017,scenario_executor,,,0,0,0,0,False,0.0,0.0,0.0,autofocus_needed,False
1023234625,,/evaluator_log,,,0,0,0,0,False,0.4771357774734497,0.9146919250488281,0.9674641489982605,,False
1123232888,,/evaluator_log,,,0,0,0,0,False,0.48493415117263794,0.9044288992881775,0.9686749577522278,,False
1218229827,,/evaluator_log,,,0,0,0,0,False,0.48416459560394287,0.898004412651062,0.9655604362487793,,False
1328233993,,/evaluator_log,,,0,0,0,0,False,0.4567387104034424,0.4553191363811493,0.9668986797332764,,False
1423228508,,/evaluator_log,,,0,0,0,0,False,0.4587119519710541,0.4604700803756714,0.9675349593162537,,False
1738252146,,analyzer,AutoFocusNeeded,,0,0,0,0,False,0.0,0.0,0.0,,False
1743252664,,planning,AutoFocusNeeded,autofocus_strategy,18274997830408420195,1,0,0,False,0.0,0.0,0.0,,False
1743252664,,execution_parametrization,,,0,0,0,1,False,0.0,0.0,0.0,,False
2138262379,,analyzer,AutoFocusNeeded,autofocus_strategy,18274997830408420195,3,0,0,True,0.0,0.0,0.0,,False
2943281563,,execution_parametrization,,,0,0,0,3,True,0.0,0.0,0.0,,False
5738342890,,analyzer,SegmentationDead,,0,0,0,0,False,0.0,0.0,0.0,,False
5738342890,,analyzer,SensorFusionDead,,0,0,0,0,False,0.0,0.0,0.0,,False
5743347906,,planning,SensorFusionDead,sensor_fusion_redeploy,209983007077540200,1,0,0,False,0.0,0.0,0.0,,False
5743347906,,planning,SegmentationDead,segmentation_redeploy,4862303032868966723,1,0,0,False,0.0,0.0,0.0,,False
5743347906,,execution_redeploy,,,0,0,4,1,False,0.0,0.0,0.0,,False
5743347906,,execution_redeploy,,,0,0,4,1,False,0.0,0.0,0.0,,False
6143357611,,execution_redeploy,,,0,0,0,3,True,0.0,0.0,0.0,,False
6143357611,,execution_redeploy,,,0,0,0,3,True,0.0,0.0,0.0,,False
7338386216,,analyzer,SensorFusionDead,sensor_fusion_redeploy,209983007077540200,3,0,0,True,0.0,0.0,0.0,,False
7398393151,,/evaluator_log,,,0,0,0,0,False,0.2756847143173218,0.11338583379983902,0.387290894985199,,False
7418378911,,/evaluator_log,,,0,0,0,0,False,0.2714793384075165,0.12894736230373383,0.4274672865867615,,False
7443388129,,/evaluator_log,,,0,0,0,0,False,0.26587989926338196,0.1143939346075058,0.39462968707084656,,False
7468401776,,/evaluator_log,,,0,0,0,0,False,0.27025163173675537,0.1225225180387497,0.4149533808231354,,False
7523384531,,/evaluator_log,,,0,0,0,0,False,0.26329097151756287,0.11375464498996735,0.4163608253002167,,False
7628390931,,/evaluator_log,,,0,0,0,0,False,0.2579888701438904,0.0939297154545784,0.34292447566986084,,False
7728395457,,/evaluator_log,,,0,0,0,0,False,0.26621365547180176,0.13025209307670593,0.39118102192878723,,False
7738388444,,analyzer,SegmentationBad,,0,0,0,0,False,0.0,0.0,0.0,,False
7738388444,,analyzer,SegmentationDead,segmentation_redeploy,4862303032868966723,3,0,0,True,0.0,0.0,0.0,,False
7743396122,,planning,SegmentationBad,recalibration,12522202132277569776,1,0,0,False,0.0,0.0,0.0,,False
7743396122,,execution_parametrization,,,0,0,0,1,False,0.0,0.0,0.0,,False
7823389735,,/evaluator_log,,,0,0,0,0,False,0.2580900192260742,0.09878049045801163,0.3753863573074341,,False
7928400723,,/evaluator_log,,,0,0,0,0,False,0.25066080689430237,0.08454258739948273,0.34116631746292114,,False
8028402045,,/evaluator_log,,,0,0,0,0,False,0.26237010955810547,0.13203124701976776,0.3695709705352783,,False
8128405747,,/evaluator_log,,,0,0,0,0,False,0.25828468799591064,0.12051282078027725,0.33687520027160645,,False
8228407819,,/evaluator_log,,,0,0,0,0,False,0.25864365696907043,0.14684684574604034,0.29431724548339844,,False
8323402245,,/evaluator_log,,,0,0,0,0,False,0.25670039653778076,0.12133891880512238,0.2991143465042114,,False
8428405545,,/evaluator_log,,,0,0,0,0,False,0.25518491864204407,0.13490566611289978,0.28725355863571167,,False
8528414929,,/evaluator_log,,,0,0,0,0,False,0.2553761601448059,0.13079848885536194,0.2664135694503784,,False
8543406848,,execution_parametrization,,,0,0,0,3,True,0.0,0.0,0.0,,False
8628417267,,/evaluator_log,,,0,0,0,0,False,0.25507843494415283,0.1347457617521286,0.29218989610671997,,False
8723409729,,/evaluator_log,,,0,0,0,0,False,0.2567105293273926,0.13333334028720856,0.24322737753391266,,False
8823413475,,/evaluator_log,,,0,0,0,0,False,0.25557366013526917,0.1169811338186264,0.2628996670246124,,False
8928414399,,/evaluator_log,,,0,0,0,0,False,0.2666674554347992,0.12841328978538513,0.26028987765312195,,False
9028419355,,/evaluator_log,,,0,0,0,0,False,0.26460397243499756,0.1295880228281021,0.21606773138046265,,False
9128421215,,/evaluator_log,,,0,0,0,0,False,0.29250526428222656,0.15019455552101135,0.2578273117542267,,False
9228431627,,/evaluator_log,,,0,0,0,0,False,0.2916375696659088,0.13155892491340637,0.2312103509902954,,False
9318426323,,/evaluator_log,,,0,0,0,0,False,0.29819923639297485,0.14436089992523193,0.27635064721107483,,False
9338425793,,analyzer,SegmentationBad,recalibration,12522202132277569776,4,0,0,False,0.0,0.0,0.0,,False
9343425731,,planning,SegmentationBad,enhancement_activate,8888226150480900823,1,0,0,False,0.0,0.0,0.0,,False
9343425731,,execution_lifecycle_change,,,0,0,0,1,False,0.0,0.0,0.0,,False
9343425731,,execution_comm_change,,,0,0,5,1,False,0.0,0.0,0.0,,False
9433436190,,/evaluator_log,,,0,0,0,0,False,0.45946118235588074,0.42550015449523926,0.9693832993507385,,False
9528433906,,/evaluator_log,,,0,0,0,0,False,0.44664862751960754,0.3640775680541992,0.9674156308174133,,False
9628435876,,/evaluator_log,,,0,0,0,0,False,0.499502569437027,0.5009820461273193,0.964836835861206,,False
9723436200,,/evaluator_log,,,0,0,0,0,False,0.48578569293022156,0.3868735432624817,0.9608904719352722,,False
9743433530,,execution_lifecycle_change,,,0,0,0,3,True,0.0,0.0,0.0,,False
9833444929,,/evaluator_log,,,0,0,0,0,False,0.5195212960243225,0.47977519035339355,0.9615176916122437,,False
9928442419,,/evaluator_log,,,0,0,0,0,False,0.49268922209739685,0.38365331292152405,0.9576442837715149,,False
10028447351,,/evaluator_log,,,0,0,0,0,False,0.5497097373008728,0.44485801458358765,0.9628542065620422,,False
10123444253,,/evaluator_log,,,0,0,0,0,False,0.531718909740448,0.37135496735572815,0.9602189660072327,,False
10138443484,,analyzer,SegmentationBad,enhancement_activate,8888226150480900823,3,0,0,True,0.0,0.0,0.0,,False
10228451251,,/evaluator_log,,,0,0,0,0,False,0.5688152313232422,0.4205071032047272,0.9627084732055664,,False
10328457557,,/evaluator_log,,,0,0,0,0,False,0.5624940991401672,0.38349342346191406,0.9618117809295654,,False
10428460272,,/evaluator_log,,,0,0,0,0,False,0.5499382615089417,0.3884473145008087,0.958633542060852,,False
10528463044,,/evaluator_log,,,0,0,0,0,False,0.5528474450111389,0.41903939843177795,0.956508219242096,,False
10543456265,,execution_comm_change,,,0,0,0,3,True,0.0,0.0,0.0,,False
10628464044,,/evaluator_log,,,0,0,0,0,False,0.5619865655899048,0.4356355667114258,0.9617108702659607,,False
10728462826,,/evaluator_log,,,0,0,0,0,False,0.5333515405654907,0.41407090425491333,0.9626902937889099,,False
10828470595,,/evaluator_log,,,0,0,0,0,False,0.5316376090049744,0.38811367750167847,0.962467610836029,,False
10923466247,,/evaluator_log,,,0,0,0,0,False,0.5213850736618042,0.4228300452232361,0.964588463306427,,False
11023465757,,/evaluator_log,,,0,0,0,0,False,0.5163746476173401,0.37951841950416565,0.9633393883705139,,False
11128471270,,/evaluator_log,,,0,0,0,0,False,0.5066598057746887,0.36220964789390564,0.9651525020599365,,False
11228472480,,/evaluator_log,,,0,0,0,0,False,0.5720590353012085,0.49645864963531494,0.9683635830879211,,False
11328475650,,/evaluator_log,,,0,0,0,0,False,0.588093101978302,0.5204260945320129,0.9674477577209473,,False
11428476593,,/evaluator_log,,,0,0,0,0,False,0.5699391961097717,0.43039655685424805,0.9635815620422363,,False
11528487131,,/evaluator_log,,,0,0,0,0,False,0.5876377820968628,0.4520273208618164,0.9617102742195129,,False
11623485235,,/evaluator_log,,,0,0,0,0,False,0.5863057374954224,0.4802696108818054,0.959855318069458,,False
11728482638,,/evaluator_log,,,0,0,0,0,False,0.5660625696182251,0.304497092962265,0.9619722366333008,,False
11828492610,,/evaluator_log,,,0,0,0,0,False,0.5706742405891418,0.36231639981269836,0.9638365507125854,,False
11928493787,,/evaluator_log,,,0,0,0,0,False,0.5935221910476685,0.4110981523990631,0.9636207818984985,,False
12028492781,,/evaluator_log,,,0,0,0,0,False,0.5572599172592163,0.35820579528808594,0.9682022929191589,,False
12128494604,,/evaluator_log,,,0,0,0,0,False,0.535964846611023,0.3050254285335541,0.9679363369941711,,False
12228509670,,/evaluator_log,,,0,0,0,0,False,0.5561468601226807,0.3037383258342743,0.9670852422714233,,False
12323495556,,/evaluator_log,,,0,0,0,0,False,0.5950107574462891,0.4994089603424072,0.9661693572998047,,False
12423508005,,/evaluator_log,,,0,0,0,0,False,0.516674816608429,0.22735589742660522,0.962096631526947,,False
12528521089,,/evaluator_log,,,0,0,0,0,False,0.5332502126693726,0.44175466895103455,0.9648038148880005,,False
12628520200,,/evaluator_log,,,0,0,0,0,False,0.6291046142578125,0.4968317449092865,0.962212324142456,,False
12728524550,,/evaluator_log,,,0,0,0,0,False,0.5961061120033264,0.3059239685535431,0.9617335796356201,,False
12828525985,,/evaluator_log,,,0,0,0,0,False,0.6270754933357239,0.5634738802909851,0.9601832032203674,,False
12928528921,,/evaluator_log,,,0,0,0,0,False,0.5788451433181763,0.3705174922943115,0.960882306098938,,False
13028519628,,/evaluator_log,,,0,0,0,0,False,0.6232233643531799,0.4985578954219818,0.9618032574653625,,False
13128525299,,/evaluator_log,,,0,0,0,0,False,0.6123567223548889,0.36367881298065186,0.9622926712036133,,False
13228521211,,/evaluator_log,,,0,0,0,0,False,0.5940719842910767,0.39025697112083435,0.9633353352546692,,False
13323520952,,/evaluator_log,,,0,0,0,0,False,0.5867248177528381,0.30816832184791565,0.9644157886505127,,False
13428529572,,/evaluator_log,,,0,0,0,0,False,0.5942391157150269,0.31386861205101013,0.9661709666252136,,False
13528528909,,/evaluator_log,,,0,0,0,0,False,0.5917015075683594,0.3373015820980072,0.9660162925720215,,False
13628536724,,/evaluator_log,,,0,0,0,0,False,0.5780602693557739,0.5003300309181213,0.9656188488006592,,False
13728538350,,/evaluator_log,,,0,0,0,0,False,0.5460036993026733,0.2976680397987366,0.9672253131866455,,False
13828537171,,/evaluator_log,,,0,0,0,0,False,0.5151551961898804,0.2222222238779068,0.9644282460212708,,False
13928536032,,/evaluator_log,,,0,0,0,0,False,0.5384346842765808,0.23333333432674408,0.9668387770652771,,False
14028537698,,/evaluator_log,,,0,0,0,0,False,0.48005741834640503,0.0,0.9690515398979187,,False
14128544431,,/evaluator_log,,,0,0,0,0,False,0.532198965549469,0.1031746044754982,0.9715670943260193,,False
14228552072,,/evaluator_log,,,0,0,0,0,False,0.5281937718391418,0.17493796348571777,0.9692113995552063,,False
14323549966,,/evaluator_log,,,0,0,0,0,False,0.5515991449356079,0.1590413898229599,0.9727163314819336,,False
14428550245,,/evaluator_log,,,0,0,0,0,False,0.5976963639259338,0.3523809611797333,0.974644660949707,,False
14528551860,,/evaluator_log,,,0,0,0,0,False,0.5369047522544861,0.2063492089509964,0.9734534621238708,,False
14628560133,,/evaluator_log,,,0,0,0,0,False,0.5081157088279724,0.24547719955444336,0.9714851975440979,,False
14728557241,,/evaluator_log,,,0,0,0,0,False,0.5286353230476379,0.35592249035835266,0.9702056050300598,,False
14828564692,,/evaluator_log,,,0,0,0,0,False,0.546244204044342,0.37052062153816223,0.9717331528663635,,False
14923556393,,/evaluator_log,,,0,0,0,0,False,0.5749825835227966,0.4642857015132904,0.9700555801391602,,False
15028563438,,/evaluator_log,,,0,0,0,0,False,0.5231437087059021,0.28337061405181885,0.9697096347808838,,False
15128571782,,/evaluator_log,,,0,0,0,0,False,0.5848590135574341,0.3844245970249176,0.9691731929779053,,False
15228567139,,/evaluator_log,,,0,0,0,0,False,0.5444660186767578,0.20060060918331146,0.9697059988975525,,False
15323571962,,/evaluator_log,,,0,0,0,0,False,0.4929567575454712,0.09803921729326248,0.9701030254364014,,False
15428579621,,/evaluator_log,,,0,0,0,0,False,0.5143243074417114,0.1428571492433548,0.9713312983512878,,False
15528572576,,/evaluator_log,,,0,0,0,0,False,0.5309504270553589,0.1764705926179886,0.9724919199943542,,False
15628578268,,/evaluator_log,,,0,0,0,0,False,0.48871904611587524,0.02777777798473835,0.9716362953186035,,False
15728579553,,/evaluator_log,,,0,0,0,0,False,0.4911832809448242,0.0,0.9747270345687866,,False
15828583514,,/evaluator_log,,,0,0,0,0,False,0.49242475628852844,0.06818182021379471,0.9727085828781128,,False
15923593102,,/evaluator_log,,,0,0,0,0,False,0.4778924286365509,0.0,0.9694451093673706,,False
16033592374,,/evaluator_log,,,0,0,0,0,False,0.49366623163223267,0.0,0.9692867398262024,,False
16123592922,,/evaluator_log,,,0,0,0,0,False,0.474953830242157,0.03125,0.9675297737121582,,False
16228597706,,/evaluator_log,,,0,0,0,0,False,0.5156716108322144,0.1666666716337204,0.9702746272087097,,False
16328592859,,/evaluator_log,,,0,0,0,0,False,0.5060756206512451,0.1304347813129425,0.9658376574516296,,False
16428597457,,/evaluator_log,,,0,0,0,0,False,0.45607173442840576,0.13333334028720856,0.9678029417991638,,False
16523605408,,/evaluator_log,,,0,0,0,0,False,0.4310709536075592,0.08771929889917374,0.9649018049240112,,False
16628602682,,/evaluator_log,,,0,0,0,0,False,0.43661004304885864,0.12121212482452393,0.9647977948188782,,False
16728608606,,/evaluator_log,,,0,0,0,0,False,0.4353315830230713,0.10344827175140381,0.9642462730407715,,False
16823612107,,/evaluator_log,,,0,0,0,0,False,0.4465601146221161,0.1304347813129425,0.9660032987594604,,False
16928614336,,/evaluator_log,,,0,0,0,0,False,0.458130419254303,0.15485313534736633,0.9668011665344238,,False
17028617001,,/evaluator_log,,,0,0,0,0,False,0.457879900932312,0.1967165768146515,0.9623022079467773,,False
17128614430,,/evaluator_log,,,0,0,0,0,False,0.4224069118499756,0.1308642029762268,0.9631917476654053,,False
17228614659,,/evaluator_log,,,0,0,0,0,False,0.43482324481010437,0.07088809460401535,0.9620488882064819,,False
17323612892,,/evaluator_log,,,0,0,0,0,False,0.4384281635284424,0.053333330899477005,0.9647306799888611,,False
17428626451,,/evaluator_log,,,0,0,0,0,False,0.42134594917297363,0.11428571492433548,0.9686053395271301,,False
17528628613,,/evaluator_log,,,0,0,0,0,False,0.3983817994594574,0.09767206758260727,0.9678360819816589,,False
17628631437,,/evaluator_log,,,0,0,0,0,False,0.39821141958236694,0.1071428582072258,0.9679155349731445,,False
17728633913,,/evaluator_log,,,0,0,0,0,False,0.4228309690952301,0.15295815467834473,0.9679577350616455,,False
17828630614,,/evaluator_log,,,0,0,0,0,False,0.41665515303611755,0.23005147278308868,0.9696148037910461,,False
17923630946,,/evaluator_log,,,0,0,0,0,False,0.3846472501754761,0.04518872871994972,0.9676710963249207,,False
18028641304,,/evaluator_log,,,0,0,0,0,False,0.37712180614471436,0.0,0.962771475315094,,False
18123634887,,/evaluator_log,,,0,0,0,0,False,0.41116631031036377,0.0683760717511177,0.9585795998573303,,False
18228645590,,/evaluator_log,,,0,0,0,0,False,0.3801974952220917,0.03809523954987526,0.9551637768745422,,False
18328651461,,/evaluator_log,,,0,0,0,0,False,0.40158677101135254,0.016260161995887756,0.9531792998313904,,False
18428650904,,/evaluator_log,,,0,0,0,0,False,0.40634211897850037,0.0,0.9505499601364136,,False
18528655051,,/evaluator_log,,,0,0,0,0,False,0.4119999408721924,0.011904762126505375,0.9504534006118774,,False
18628646889,,/evaluator_log,,,0,0,0,0,False,0.38792043924331665,0.04901960864663124,0.9485169649124146,,False
18728648358,,/evaluator_log,,,0,0,0,0,False,0.38155046105384827,0.0,0.9479799866676331,,False
18828660327,,/evaluator_log,,,0,0,0,0,False,0.3865319788455963,0.06534391641616821,0.9476912021636963,,False
18928662948,,/evaluator_log,,,0,0,0,0,False,0.4152509272098541,0.06201550364494324,0.9519662261009216,,False
19028664432,,/evaluator_log,,,0,0,0,0,False,0.4036237597465515,0.038596492260694504,0.9509508609771729,,False
19123655926,,/evaluator_log,,,0,0,0,0,False,0.42743629217147827,0.08761509507894516,0.9523674845695496,,False
19228662144,,/evaluator_log,,,0,0,0,0,False,0.4070952832698822,0.026819923892617226,0.9564641714096069,,False
19323662511,,/evaluator_log,,,0,0,0,0,False,0.4131174087524414,0.0602409653365612,0.9552546143531799,,False
19428674152,,/evaluator_log,,,0,0,0,0,False,0.434784859418869,0.12455859035253525,0.9573487639427185,,False
19523676335,,/evaluator_log,,,0,0,0,0,False,0.42656010389328003,0.0798611119389534,0.958204448223114,,False
19628673831,,/evaluator_log,,,0,0,0,0,False,0.4119740426540375,0.0624176561832428,0.960953950881958,,False
19728676136,,/evaluator_log,,,0,0,0,0,False,0.4369451105594635,0.1514478176832199,0.9641204476356506,,False
19828678280,,/evaluator_log,,,0,0,0,0,False,0.4211771786212921,0.030901722609996796,0.9612032175064087,,False
19923678255,,/evaluator_log,,,0,0,0,0,False,0.426678866147995,0.07615546137094498,0.9655631184577942,,False
20028686344,,/evaluator_log,,,0,0,0,0,False,0.4174771010875702,0.0868692621588707,0.964406430721283,,False
20128683990,,/evaluator_log,,,0,0,0,0,False,0.41738784313201904,0.0339113287627697,0.9653669595718384,,False
20228688505,,/evaluator_log,,,0,0,0,0,False,0.41667571663856506,0.09734513610601425,0.9653582572937012,,False
20328686030,,/evaluator_log,,,0,0,0,0,False,0.4128778278827667,0.07903090864419937,0.9654226303100586,,False
20428692938,,/evaluator_log,,,0,0,0,0,False,0.41967782378196716,0.03556005284190178,0.9657300114631653,,False
20523700908,,/evaluator_log,,,0,0,0,0,False,0.4198237657546997,0.095238097012043,0.9662883281707764,,False
20628692597,,/evaluator_log,,,0,0,0,0,False,0.4148688316345215,0.02430555410683155,0.9650062918663025,,False
20728700592,,/evaluator_log,,,0,0,0,0,False,0.41987910866737366,0.07344632595777512,0.9662442207336426,,False
20828698619,,/evaluator_log,,,0,0,0,0,False,0.4048973321914673,0.13803653419017792,0.9655649065971375,,False
20923700532,,/evaluator_log,,,0,0,0,0,False,0.4230349659919739,0.0954044759273529,0.9662741422653198,,False
21028712734,,/evaluator_log,,,0,0,0,0,False,0.41475382447242737,0.07547169923782349,0.9651317000389099,,False
21128715323,,/evaluator_log,,,0,0,0,0,False,0.398630291223526,0.1316957026720047,0.9632502794265747,,False
21223707215,,/evaluator_log,,,0,0,0,0,False,0.4199780523777008,0.10136120766401291,0.9656977653503418,,False
21323717060,,/evaluator_log,,,0,0,0,0,False,0.3952764868736267,0.11416634172201157,0.9694750905036926,,False
21428732141,,/evaluator_log,,,0,0,0,0,False,0.42486390471458435,0.09622862935066223,0.9696589112281799,,False
21528733183,,/evaluator_log,,,0,0,0,0,False,0.17500464618206024,0.008538317866623402,0.33587339520454407,,False
21628735480,,/evaluator_log,,,0,0,0,0,False,0.18518489599227905,0.01525423675775528,0.34849750995635986,,False
21723721926,,/evaluator_log,,,0,0,0,0,False,0.18220005929470062,0.02639344334602356,0.3356657922267914,,False
21823726535,,/evaluator_log,,,0,0,0,0,False,0.1723814308643341,0.0014880952658131719,0.3266485035419464,,False
21928736409,,/evaluator_log,,,0,0,0,0,False,0.17894455790519714,0.019048767164349556,0.3094846308231354,,False
22028727931,,/evaluator_log,,,0,0,0,0,False,0.17153403162956238,0.0010362693574279547,0.32885536551475525,,False
22128739232,,/evaluator_log,,,0,0,0,0,False,0.18549004197120667,0.03479116037487984,0.3363550007343292,,False
22143735084,,analyzer,SegmentationBad,,0,0,0,0,False,0.0,0.0,0.0,,False
22148740432,,planning,SegmentationBad,recalibration,12522202132277569776,1,0,0,False,0.0,0.0,0.0,,False
22148740432,,execution_parametrization,,,0,0,0,1,False,0.0,0.0,0.0,,False
22228735632,,/evaluator_log,,,0,0,0,0,False,0.16696760058403015,0.0,0.3186023235321045,,False
22328738126,,/evaluator_log,,,0,0,0,0,False,0.16298292577266693,0.012298278510570526,0.3369969129562378,,False
22428739113,,/evaluator_log,,,0,0,0,0,False,0.18788659572601318,0.009615384973585606,0.3324308395385742,,False
22523748670,,/evaluator_log,,,0,0,0,0,False,0.16847078502178192,0.00685714278370142,0.3279378116130829,,False
22628744702,,/evaluator_log,,,0,0,0,0,False,0.19409286975860596,0.03993365913629532,0.3432560861110687,,False
22723745917,,/evaluator_log,,,0,0,0,0,False,0.17652882635593414,0.031465236097574234,0.3748534023761749,,False
22828763531,,/evaluator_log,,,0,0,0,0,False,0.17321337759494781,0.0045731705613434315,0.3625982999801636,,False
22928754815,,/evaluator_log,,,0,0,0,0,False,0.17616628110408783,0.008196720853447914,0.3657155930995941,,False
22948750129,,execution_parametrization,,,0,0,0,3,True,0.0,0.0,0.0,,False
23023753302,,/evaluator_log,,,0,0,0,0,False,0.17579619586467743,0.0026315790601074696,0.3648570775985718,,False
23128762264,,/evaluator_log,,,0,0,0,0,False,0.17706432938575745,0.016129031777381897,0.32705581188201904,,False
23228763982,,/evaluator_log,,,0,0,0,0,False,0.18438586592674255,0.0069444444961845875,0.3311024010181427,,False
23328762766,,/evaluator_log,,,0,0,0,0,False,0.17826339602470398,0.003816793905571103,0.32187703251838684,,False
23428767047,,/evaluator_log,,,0,0,0,0,False,0.17780785262584686,0.0,0.311852365732193,,False
23528771945,,/evaluator_log,,,0,0,0,0,False,0.169499471783638,0.0,0.3028610348701477,,False
23628784704,,/evaluator_log,,,0,0,0,0,False,0.1697080284357071,0.0,0.2809664309024811,,False
23723768612,,/evaluator_log,,,0,0,0,0,False,0.17639899253845215,0.0,0.26546764373779297,,False
23743769048,,analyzer,SegmentationBad,recalibration,12522202132277569776,4,0,0,False,0.0,0.0,0.0,,False
23748772366,,planning,SegmentationBad,enhancement_activate,8888226150480900823,1,0,0,False,0.0,0.0,0.0,,False
23748772366,,execution_lifecycle_change,,,0,0,0,1,False,0.0,0.0,0.0,,False
23748772366,,execution_comm_change,,,0,0,5,1,False,0.0,0.0,0.0,,False
23828769764,,/evaluator_log,,,0,0,0,0,False,0.1807418018579483,0.0,0.26333677768707275,,False
23923773567,,/evaluator_log,,,0,0,0,0,False,0.1785174012184143,0.0071428571827709675,0.23436875641345978,,False
24028783913,,/evaluator_log,,,0,0,0,0,False,0.17813585698604584,0.0,0.26129764318466187,,False
24128786349,,/evaluator_log,,,0,0,0,0,False,0.18057920038700104,0.005194805096834898,0.23886454105377197,,False
24148786655,,execution_lifecycle_change,,,0,0,0,3,False,0.0,0.0,0.0,,False
24228788599,,/evaluator_log,,,0,0,0,0,False,0.17040836811065674,0.01185185182839632,0.2600364089012146,,False
24328781327,,/evaluator_log,,,0,0,0,0,False,0.16163843870162964,0.0,0.26779571175575256,,False
24428793176,,/evaluator_log,,,0,0,0,0,False,0.1669239103794098,0.0033333334140479565,0.2946734130382538,,False
24523790790,,/evaluator_log,,,0,0,0,0,False,0.17291858792304993,0.0,0.3113196790218353,,False
24548786052,,execution_comm_change,,,0,0,0,3,True,0.0,0.0,0.0,,False
24633792843,,/evaluator_log,,,0,0,0,0,False,0.17363214492797852,0.0,0.3058108985424042,,False
24723808585,,/evaluator_log,,,0,0,0,0,False,0.17319293320178986,0.0,0.28025689721107483,,False
24828802052,,/evaluator_log,,,0,0,0,0,False,0.1728304922580719,0.0,0.27765747904777527,,False
24928797630,,/evaluator_log,,,0,0,0,0,False,0.17605191469192505,0.0,0.26738297939300537,,False
25028802223,,/evaluator_log,,,0,0,0,0,False,0.1891729086637497,0.03455882519483566,0.2744682729244232,,False
25128805125,,/evaluator_log,,,0,0,0,0,False,0.1759137511253357,0.010638297535479069,0.2696860432624817,,False
25223809183,,/evaluator_log,,,0,0,0,0,False,0.18088366091251373,0.018421052023768425,0.26928094029426575,,False
25328805709,,/evaluator_log,,,0,0,0,0,False,0.1787739247083664,0.010309278033673763,0.2859465479850769,,False
25428816357,,/evaluator_log,,,0,0,0,0,False,0.1570015698671341,0.02223396860063076,0.2738484740257263,,False
25523813280,,/evaluator_log,,,0,0,0,0,False,0.16148243844509125,0.005747126415371895,0.2749176621437073,,False
25628816585,,/evaluator_log,,,0,0,0,0,False,0.16415230929851532,0.0,0.28518277406692505,,False
25728824363,,/evaluator_log,,,0,0,0,0,False,0.16635318100452423,0.025641025975346565,0.2458096742630005,,False
25823816196,,/evaluator_log,,,0,0,0,0,False,0.1920720636844635,0.01617647148668766,0.2602281868457794,,False
25928838174,,/evaluator_log,,,0,0,0,0,False,0.1865951269865036,0.02413793094456196,0.26387181878089905,,False
26028840292,,/evaluator_log,,,0,0,0,0,False,0.19030892848968506,0.0393209233880043,0.2637336552143097,,False
26128844364,,/evaluator_log,,,0,0,0,0,False,0.1973840743303299,0.011827956885099411,0.254013329744339,,False
26228836504,,/evaluator_log,,,0,0,0,0,False,0.18971660733222961,0.004428044427186251,0.2843494415283203,,False
26323832634,,/evaluator_log,,,0,0,0,0,False,0.2020893394947052,0.016413792967796326,0.29362761974334717,,False
26428835234,,/evaluator_log,,,0,0,0,0,False,0.21018533408641815,0.014285714365541935,0.26856061816215515,,False
26528832252,,/evaluator_log,,,0,0,0,0,False,0.19963011145591736,0.01316872425377369,0.3022795617580414,,False
26628845764,,/evaluator_log,,,0,0,0,0,False,0.17347881197929382,0.004975124262273312,0.2922748625278473,,False
26728848206,,/evaluator_log,,,0,0,0,0,False,0.20227594673633575,0.012903225608170033,0.3073285222053528,,False
26823844934,,/evaluator_log,,,0,0,0,0,False,0.19024351239204407,0.0058823530562222,0.3036268949508667,,False
26923847944,,/evaluator_log,,,0,0,0,0,False,0.19949817657470703,0.012612612918019295,0.2907674014568329,,False
26943850810,,analyzer,SegmentationBad,enhancement_activate,8888226150480900823,4,0,0,False,0.0,0.0,0.0,,False
26948858660,,planning,SegmentationBad,enhancement_deactivate,18219604205592285671,1,0,0,False,0.0,0.0,0.0,,False
26948858660,,execution_lifecycle_change,,,0,0,0,1,False,0.0,0.0,0.0,,False
26948858660,,execution_comm_change,,,0,0,5,1,False,0.0,0.0,0.0,,False
27028855394,,/evaluator_log,,,0,0,0,0,False,0.46611496806144714,0.1111111119389534,0.9926279783248901,,False
27123857766,,/evaluator_log,,,0,0,0,0,False,0.4722101092338562,0.11261261254549026,0.9924588203430176,,False
27228860780,,/evaluator_log,,,0,0,0,0,False,0.4613102078437805,0.053333330899477005,0.9925972819328308,,False
27323862278,,/evaluator_log,,,0,0,0,0,False,0.4602747857570648,0.0364583320915699,0.9920551776885986,,False
27348856013,,execution_lifecycle_change,,,0,0,0,3,True,0.0,0.0,0.0,,False
27348856013,,execution_comm_change,,,0,0,0,3,True,0.0,0.0,0.0,,False
27418865378,,/evaluator_log,,,0,0,0,0,False,0.471877783536911,0.10769230872392654,0.9920458197593689,,False
27528868632,,/evaluator_log,,,0,0,0,0,False,0.48071709275245667,0.14666666090488434,0.9924769997596741,,False
27628869825,,/evaluator_log,,,0,0,0,0,False,0.4614817202091217,0.025641025975346565,0.9924754500389099,,False
27723863215,,/evaluator_log,,,0,0,0,0,False,0.4931494891643524,0.1204819306731224,0.9932416677474976,,False
27743864956,,analyzer,SegmentationBad,enhancement_deactivate,18219604205592285671,3,0,0,True,0.0,0.0,0.0,,False
27828868797,,/evaluator_log,,,0,0,0,0,False,0.4918881058692932,0.11674347519874573,0.9932563900947571,,False
27928885947,,/evaluator_log,,,0,0,0,0,False,0.4926580488681793,0.07999999821186066,0.9931579828262329,,False
28028887291,,/evaluator_log,,,0,0,0,0,False,0.4826717972755432,0.06425702571868896,0.9926940202713013,,False
28128897185,,/evaluator_log,,,0,0,0,0,False,0.4838288724422455,0.06666667014360428,0.9924871325492859,,False
28228881597,,/evaluator_log,,,0,0,0,0,False,0.4926663637161255,0.13476842641830444,0.9933284521102905,,False
28323877995,,/evaluator_log,,,0,0,0,0,False,0.4946046769618988,0.10526315122842789,0.9930455684661865,,False
28423883905,,/evaluator_log,,,0,0,0,0,False,0.4960182309150696,0.09345794469118118,0.9927752614021301,,False
28528888576,,/evaluator_log,,,0,0,0,0,False,0.49865469336509705,0.1076388880610466,0.9930312037467957,,False
28628893114,,/evaluator_log,,,0,0,0,0,False,0.5083723068237305,0.09578543901443481,0.9926980137825012,,False
28728896246,,/evaluator_log,,,0,0,0,0,False,0.48965150117874146,0.028735632076859474,0.9932291507720947,,False
28828898687,,/evaluator_log,,,0,0,0,0,False,0.49478599429130554,0.03030303120613098,0.9941124320030212,,False
28923905666,,/evaluator_log,,,0,0,0,0,False,0.4904516339302063,0.09259259700775146,0.9922247529029846,,False
29028895581,,/evaluator_log,,,0,0,0,0,False,0.4973035752773285,0.1071428582072258,0.9939159750938416,,False
29123904221,,/evaluator_log,,,0,0,0,0,False,0.5003385543823242,0.15942029654979706,0.9936428070068359,,False
29228906722,,/evaluator_log,,,0,0,0,0,False,0.48747557401657104,0.1190476194024086,0.9939239621162415,,False
29328906504,,/evaluator_log,,,0,0,0,0,False,0.5204021334648132,0.0,0.994884192943573,,False
29418911129,,/evaluator_log,,,0,0,0,0,False,0.5193345546722412,0.0,0.9945171475410461,,False
29528906542,,/evaluator_log,,,0,0,0,0,False,0.5220959782600403,0.0,0.9951618313789368,,False
29628913713,,/evaluator_log,,,0,0,0,0,False,0.5360780954360962,0.0,0.9953465461730957,,False
29723909015,,/evaluator_log,,,0,0,0,0,False,0.53519606590271,0.0,0.9948703646659851,,False
29828921485,,/evaluator_log,,,0,0,0,0,False,0.5282469987869263,0.0,0.994889497756958,,False
29923924205,,/evaluator_log,,,0,0,0,0,False,0.5842770338058472,0.0,0.9947408437728882,,False
30028919874,,/evaluator_log,,,0,0,0,0,False,0.5455870032310486,0.0,0.9955883026123047,,False
30128923216,,/evaluator_log,,,0,0,0,0,False,0.5385004878044128,0.0,0.9952934384346008,,False
30223926992,,/evaluator_log,,,0,0,0,0,False,0.5829612016677856,0.0,0.9953495264053345,,False
30328924671,,/evaluator_log,,,0,0,0,0,False,0.5763334631919861,0.0,0.9947413206100464,,False
30428931087,,/evaluator_log,,,0,0,0,0,False,0.593185305595398,0.0,0.9948140382766724,,False
30528934256,,/evaluator_log,,,0,0,0,0,False,0.5943263173103333,0.0,0.9947230815887451,,False
30628935828,,/evaluator_log,,,0,0,0,0,False,0.5741365551948547,0.0,0.9950323104858398,,False
30728936887,,/evaluator_log,,,0,0,0,0,False,0.5839734077453613,0.0,0.9949407577514648,,False
30828947661,,/evaluator_log,,,0,0,0,0,False,0.580075740814209,0.0,0.9948817491531372,,False
30928939106,,/evaluator_log,,,0,0,0,0,False,0.5701591372489929,0.0,0.9949010610580444,,False
31023945077,,/evaluator_log,,,0,0,0,0,False,0.5756786465644836,0.0,0.9944892525672913,,False
31128952914,,/evaluator_log,,,0,0,0,0,False,0.5718445181846619,0.0,0.9944118857383728,,False
31228955105,,/evaluator_log,,,0,0,0,0,False,0.5283147692680359,0.0,0.9927084445953369,,False
31328954071,,/evaluator_log,,,0,0,0,0,False,0.5678989291191101,0.25,0.9942612648010254,,False
31428951812,,/evaluator_log,,,0,0,0,0,False,0.5463835000991821,0.1428571492433548,0.9948474764823914,,False
31518956853,,/evaluator_log,,,0,0,0,0,False,0.5087789297103882,0.025641025975346565,0.9939217567443848,,False
31623960172,,/evaluator_log,,,0,0,0,0,False,0.5098904371261597,0.04444444552063942,0.9945499897003174,,False
31723959767,,/evaluator_log,,,0,0,0,0,False,0.5231338739395142,0.07407407462596893,0.994123101234436,,False
31823963409,,/evaluator_log,,,0,0,0,0,False,0.5097337961196899,0.1041666641831398,0.9942521452903748,,False
31928965420,,/evaluator_log,,,0,0,0,0,False,0.5512896776199341,0.1071428582072258,0.9952524304389954,,False
32028974391,,/evaluator_log,,,0,0,0,0,False,0.5270325541496277,0.14705882966518402,0.9948630332946777,,False
32123971129,,/evaluator_log,,,0,0,0,0,False,0.5501350164413452,0.1666666716337204,0.9950123429298401,,False
32228973290,,/evaluator_log,,,0,0,0,0,False,0.5309785008430481,0.07894736528396606,0.9945831894874573,,False
32323974718,,/evaluator_log,,,0,0,0,0,False,0.5318971872329712,0.0833333358168602,0.9948235750198364,,False
32423981192,,/evaluator_log,,,0,0,0,0,False,0.5320313572883606,0.10526315867900848,0.9946021437644958,,False
32528986717,,/evaluator_log,,,0,0,0,0,False,0.5030660629272461,0.02380952425301075,0.9946020245552063,,False
32628989214,,/evaluator_log,,,0,0,0,0,False,0.5040271282196045,0.0,0.994784414768219,,False
32728985809,,/evaluator_log,,,0,0,0,0,False,0.5131959319114685,0.029411764815449715,0.9934322834014893,,False
32823988203,,/evaluator_log,,,0,0,0,0,False,0.49294567108154297,0.0,0.9938733577728271,,False
32923984591,,/evaluator_log,,,0,0,0,0,False,0.5086391568183899,0.0625,0.994351327419281,,False
33029000002,,/evaluator_log,,,0,0,0,0,False,0.47110310196876526,0.0,0.9935337901115417,,False
33129002971,,/evaluator_log,,,0,0,0,0,False,0.5119879841804504,0.2943806052207947,0.9935896396636963,,False
33229003776,,/evaluator_log,,,0,0,0,0,False,0.5201823711395264,0.24836601316928864,0.9940519332885742,,False
33324002122,,/evaluator_log,,,0,0,0,0,False,0.5490684509277344,0.23943662643432617,0.9947344660758972,,False
33428999397,,/evaluator_log,,,0,0,0,0,False,0.5579566955566406,0.24242424964904785,0.9946205615997314,,False
33529000010,,/evaluator_log,,,0,0,0,0,False,0.5761139988899231,0.23508770763874054,0.9933344721794128,,False
33629015540,,/evaluator_log,,,0,0,0,0,False,0.5713484883308411,0.23333333432674408,0.9927775263786316,,False
33724014346,,/evaluator_log,,,0,0,0,0,False,0.5449627041816711,0.23024053871631622,0.9925681948661804,,False
33824017121,,/evaluator_log,,,0,0,0,0,False,0.5675346255302429,0.25850340723991394,0.9929013252258301,,False
33924020472,,/evaluator_log,,,0,0,0,0,False,0.5374269485473633,0.24000000953674316,0.9924514889717102,,False
34024015017,,/evaluator_log,,,0,0,0,0,False,0.5433368682861328,0.22006471455097198,0.9922469258308411,,False
34129016568,,/evaluator_log,,,0,0,0,0,False,0.5144083499908447,0.22772276401519775,0.9931147694587708,,False
34229019585,,/evaluator_log,,,0,0,0,0,False,0.5273170471191406,0.20679013431072235,0.9955751299858093,,False
34329020541,,/evaluator_log,,,0,0,0,0,False,0.5121737718582153,0.23148147761821747,0.9949947595596313,,False
34429023464,,/evaluator_log,,,0,0,0,0,False,0.45792365074157715,0.17105263471603394,0.994172990322113,,False
34529031037,,/evaluator_log,,,0,0,0,0,False,0.477876216173172,0.24074073135852814,0.9935929775238037,,False
34634030914,,/evaluator_log,,,0,0,0,0,False,0.45649534463882446,0.17391304671764374,0.9935153722763062,,False
34729039192,,/evaluator_log,,,0,0,0,0,False,0.47388124465942383,0.22314049303531647,0.992709755897522,,False
34829035399,,/evaluator_log,,,0,0,0,0,False,0.46476486325263977,0.2347826212644577,0.9926539063453674,,False
34919034593,,/evaluator_log,,,0,0,0,0,False,0.4429647624492645,0.20080643892288208,0.9932311177253723,,False
35024039592,,/evaluator_log,,,0,0,0,0,False,0.4373524785041809,0.17975206673145294,0.9929888248443604,,False
35129043802,,/evaluator_log,,,0,0,0,0,False,0.4785790741443634,0.26631230115890503,0.9936375021934509,,False
35224050322,,/evaluator_log,,,0,0,0,0,False,0.5029981136322021,0.2587365508079529,0.9938616752624512,,False
35319042520,,/evaluator_log,,,0,0,0,0,False,0.5475367307662964,0.3816239535808563,0.9938786029815674,,False
35429055736,,/evaluator_log,,,0,0,0,0,False,0.5282065868377686,0.3203798532485962,0.9936147332191467,,False
35524049373,,/evaluator_log,,,0,0,0,0,False,0.5211282968521118,0.38912877440452576,0.9934254884719849,,False
35629057004,,/evaluator_log,,,0,0,0,0,False,0.5533194541931152,0.3243523836135864,0.9936870336532593,,False
35729062890,,/evaluator_log,,,0,0,0,0,False,0.5480636358261108,0.3085213303565979,0.9928820133209229,,False
35824056447,,/evaluator_log,,,0,0,0,0,False,0.562537670135498,0.31800976395606995,0.993365466594696,,False
35919061981,,/evaluator_log,,,0,0,0,0,False,0.5543834567070007,0.3226495683193207,0.9930075407028198,,False
36029068049,,/evaluator_log,,,0,0,0,0,False,0.5701911449432373,0.31193429231643677,0.9928193688392639,,False
36124064902,,/evaluator_log,,,0,0,0,0,False,0.6049667000770569,0.44422340393066406,0.9932119250297546,,False
36229074193,,/evaluator_log,,,0,0,0,0,False,0.5628147125244141,0.4435185194015503,0.9928180575370789,,False
36329078116,,/evaluator_log,,,0,0,0,0,False,0.5406023859977722,0.3253968358039856,0.993168294429779,,False
36429078991,,/evaluator_log,,,0,0,0,0,False,0.556297242641449,0.29760199785232544,0.9936187267303467,,False
36524081145,,/evaluator_log,,,0,0,0,0,False,0.5104354619979858,0.31945914030075073,0.9937096238136292,,False
36629083955,,/evaluator_log,,,0,0,0,0,False,0.5753577947616577,0.39737358689308167,0.9932585954666138,,False
36729077544,,/evaluator_log,,,0,0,0,0,False,0.5575599074363708,0.3745059072971344,0.9934988021850586,,False
36829079447,,/evaluator_log,,,0,0,0,0,False,0.5456175804138184,0.300539493560791,0.9938331842422485,,False
36929092030,,/evaluator_log,,,0,0,0,0,False,0.5470929741859436,0.2795153260231018,0.9933990240097046,,False
37024092980,,/evaluator_log,,,0,0,0,0,False,0.5506752133369446,0.2608904242515564,0.9929847717285156,,False
37129096332,,/evaluator_log,,,0,0,0,0,False,0.5931599736213684,0.3513889014720917,0.9933596849441528,,False
37229089983,,/evaluator_log,,,0,0,0,0,False,0.5996935963630676,0.3311965763568878,0.9932239055633545,,False
37329100724,,/evaluator_log,,,0,0,0,0,False,0.6017958521842957,0.3385142385959625,0.9934102892875671,,False
37429093151,,/evaluator_log,,,0,0,0,0,False,0.5748628377914429,0.2826698422431946,0.9932941794395447,,False
37529105830,,/evaluator_log,,,0,0,0,0,False,0.5708615183830261,0.25627386569976807,0.9931033253669739,,False
37624100858,,/evaluator_log,,,0,0,0,0,False,0.5614901781082153,0.24455541372299194,0.992089033126831,,False
37729110832,,/evaluator_log,,,0,0,0,0,False,0.6226552724838257,0.39418959617614746,0.9927964210510254,,False
37829112823,,/evaluator_log,,,0,0,0,0,False,0.5775079727172852,0.4116809368133545,0.9933183789253235,,False
37924106670,,/evaluator_log,,,0,0,0,0,False,0.56048184633255,0.2782961130142212,0.9931642413139343,,False
38029117161,,/evaluator_log,,,0,0,0,0,False,0.5819438099861145,0.35034918785095215,0.993105947971344,,False
38119111849,,/evaluator_log,,,0,0,0,0,False,0.5834172964096069,0.333890825510025,0.9936107993125916,,False
38224115613,,/evaluator_log,,,0,0,0,0,False,0.6206343173980713,0.46052277088165283,0.9928357005119324,,False
38324124672,,/evaluator_log,,,0,0,0,0,False,0.5905721187591553,0.3837599456310272,0.993229329586029,,False
38429123807,,/evaluator_log,,,0,0,0,0,False,0.5722249746322632,0.3621915876865387,0.9927949905395508,,False
38529124197,,/evaluator_log,,,0,0,0,0,False,0.5732762217521667,0.3479352295398712,0.9921484589576721,,False
38619124037,,/evaluator_log,,,0,0,0,0,False,0.602047324180603,0.4635019302368164,0.992807924747467,,False
38719133330,,/evaluator_log,,,0,0,0,0,False,0.5591787695884705,0.3496907651424408,0.9929781556129456,,False
38824136071,,/evaluator_log,,,0,0,0,0,False,0.5478371381759644,0.32198566198349,0.9921675324440002,,False
38924149622,,/evaluator_log,,,0,0,0,0,False,0.5559725761413574,0.2922505736351013,0.9927759766578674,,False
39029156934,,/evaluator_log,,,0,0,0,0,False,0.5788267254829407,0.3516865074634552,0.9931321740150452,,False
39129143303,,/evaluator_log,,,0,0,0,0,False,0.5443630218505859,0.2503097653388977,0.9926756024360657,,False
39229144229,,/evaluator_log,,,0,0,0,0,False,0.5337040424346924,0.22510822117328644,0.9932789206504822,,False
39324140240,,/evaluator_log,,,0,0,0,0,False,0.5551297068595886,0.23553720116615295,0.9930676817893982,,False
39434141610,,/evaluator_log,,,0,0,0,0,False,0.558926522731781,0.289186954498291,0.9925028681755066,,False
39529153812,,/evaluator_log,,,0,0,0,0,False,0.575542688369751,0.3608871102333069,0.9930106997489929,,False
39629149948,,/evaluator_log,,,0,0,0,0,False,0.5568789839744568,0.347897469997406,0.9925040006637573,,False
39724154924,,/evaluator_log,,,0,0,0,0,False,0.5214629173278809,0.2734557092189789,0.9919822812080383,,False
39829158252,,/evaluator_log,,,0,0,0,0,False,0.5198938250541687,0.2594919800758362,0.9914956092834473,,False
39924162879,,/evaluator_log,,,0,0,0,0,False,0.5151317715644836,0.2907075881958008,0.9918203353881836,,False