timestamp,scenario,source,rule_name,strategy_name,strategy_hash,strategy_status,adaptation_type,adaptation_status,success,iou,vehicle_iou,road_iou,gt_failure_name,is_gt_failure
292581286,,/evaluator_log,,,0,0,0,0,False,0.5671595931053162,0.5686274170875549,0.9672755002975464,,False
382583835,,/evaluator_log,,,0,0,0,0,False,0.545677900314331,0.4438943862915039,0.9674894213676453,,False
417584072,,/evaluator_log,,,0,0,0,0,False,0.5194118618965149,0.28688523173332214,0.9694021940231323,,False
522587356,,/evaluator_log,,,0,0,0,0,False,0.5198007225990295,0.44179895520210266,0.968866765499115,,False
617568078,,/evaluator_log,,,0,0,0,0,False,0.5015838742256165,0.4618528485298157,0.9681087136268616,,False
722580349,,/evaluator_log,,,0,0,0,0,False,0.5086477994918823,0.897172212600708,0.9677104353904724,,False
817578117,,/evaluator_log,,,0,0,0,0,False,0.4836990237236023,0.45049506425857544,0.9703336954116821,,False
922580794,,/evaluator_log,,,0,0,0,0,False,0.49331140518188477,0.9029126167297363,0.9667191505432129,,False
1022582499,,/evaluator_log,,,0,0,0,0,False,0.47698304057121277,0.9146919250488281,0.9680073857307434,,False
1187582103,,/evaluator_log,,,0,0,0,0,False,0.45610830187797546,0.4545454680919647,0.9686749577522278,,False
1217585646,,/evaluator_log,,,0,0,0,0,False,0.4844760298728943,0.902222216129303,0.9658235907554626,,False
1322588343,,/evaluator_log,,,0,0,0,0,False,0.4574397802352905,0.4542553126811981,0.9668493270874023,,False
1422597310,,/evaluator_log,,,0,0,0,0,False,0.45834881067276,0.4594016969203949,0.9674288630485535,,False
1517600107,,/evaluator_log,,,0,0,0,0,False,0.48019346594810486,0.9134808778762817,0.9667693376541138,,False
1622601118,,/evaluator_log,,,0,0,0,0,False,0.45770931243896484,0.46086105704307556,0.9667565822601318,,False
1722606879,,/evaluator_log,,,0,0,0,0,False,0.4241395592689514,0.4392523467540741,0.967708170413971,,False
1822609056,,/evaluator_log,,,0,0,0,0,False,0.4286203384399414,0.46137338876724243,0.9656534790992737,,False
1922611724,,/evaluator_log,,,0,0,0,0,False,0.4646548628807068,0.9232876896858215,0.9718418121337891,,False
2002601753,_011,scenario_executor,,,0,0,0,0,False,0.0,0.0,0.0,do_drop_sensor_fusion,False
2002601753,_011,scenario_executor,,,0,0,0,0,False,0.0,0.0,0.0,image_degradation,False
2002601753,_011,scenario_executor,,,0,0,0,0,False,0.0,0.0,0.0,autofocus_needed,False
2022607197,,/evaluator_log,,,0,0,0,0,False,0.4231710433959961,0.2996389865875244,0.9687262177467346,,False
2117609066,,/evaluator_log,,,0,0,0,0,False,0.37746211886405945,0.16951219737529755,0.9683959484100342,,False
2222606697,,/evaluator_log,,,0,0,0,0,False,0.3913978338241577,0.17499999701976776,0.9646527171134949,,False
2792631298,,analyzer,AutoFocusNeeded,,0,0,0,0,False,0.0,0.0,0.0,,False
2797694429,,planning,AutoFocusNeeded,autofocus_strategy,18274997830408420195,1,0,0,False,0.0,0.0,0.0,,False
2797694429,,execution_parametrization,,,0,0,0,1,False,0.0,0.0,0.0,,False
2952636786,,analyzer,AutoFocusNeeded,autofocus_strategy,18274997830408420195,4,0,0,False,0.0,0.0,0.0,,False
2997627717,,execution_parametrization,,,0,0,0,3,True,0.0,0.0,0.0,,False
3512639741,,analyzer,AutoFocusNeeded,autofocus_strategy,18274997830408420195,5,0,0,True,0.0,0.0,0.0,,False
6282709809,,analyzer,SegmentationDead,,0,0,0,0,False,0.0,0.0,0.0,,False
6282709809,,analyzer,SensorFusionDead,,0,0,0,0,False,0.0,0.0,0.0,,False
6287707895,,planning,SensorFusionDead,sensor_fusion_restart,14489321528306928715,1,0,0,False,0.0,0.0,0.0,,False
6287707895,,execution_lifecycle_change,,,0,0,0,1,False,0.0,0.0,0.0,,False
6327709359,,execution_lifecycle_change,,,0,0,0,3,True,0.0,0.0,0.0,,False
6422715151,,/evaluator_log,,,0,0,0,0,False,0.2744635045528412,0.10497738420963287,0.4281827211380005,,False
6527730529,,/evaluator_log,,,0,0,0,0,False,0.2895734906196594,0.15740807354450226,0.4221225678920746,,False
6627716334,,/evaluator_log,,,0,0,0,0,False,0.2792864441871643,0.12616822123527527,0.4054279625415802,,False
6727716350,,/evaluator_log,,,0,0,0,0,False,0.30257168412208557,0.13679245114326477,0.4386337399482727,,False
6822716836,,/evaluator_log,,,0,0,0,0,False,0.291391521692276,0.11934156715869904,0.4043472409248352,,False
6922725166,,/evaluator_log,,,0,0,0,0,False,0.27976834774017334,0.12952381372451782,0.39385080337524414,,False
7002731522,,analyzer,SegmentationBad,,0,0,0,0,False,0.0,0.0,0.0,,False
7002731522,,analyzer,SegmentationDead,,0,5,0,0,True,0.0,0.0,0.0,,False
7002731522,,analyzer,SensorFusionDead,sensor_fusion_restart,14489321528306928715,3,0,0,True,0.0,0.0,0.0,,False
7007733032,,planning,SegmentationBad,recalibration,12522202132277569776,1,0,0,False,0.0,0.0,0.0,,False
7007733032,,execution_parametrization,,,0,0,0,1,False,0.0,0.0,0.0,,False
7027733220,,/evaluator_log,,,0,0,0,0,False,0.2800513207912445,0.13155555725097656,0.40100058913230896,,False
7092735016,,execution_parametrization,,,0,0,0,3,True,0.0,0.0,0.0,,False
7122726702,,/evaluator_log,,,0,0,0,0,False,0.27557945251464844,0.11338583379983902,0.3909289538860321,,False
7167732716,,analyzer,SegmentationBad,recalibration,12522202132277569776,4,0,0,False,0.0,0.0,0.0,,False
7172731492,,planning,SegmentationBad,enhancement_activate,18065050221179236570,1,0,0,False,0.0,0.0,0.0,,False
7172731492,,execution_lifecycle_change,,,0,0,0,1,False,0.0,0.0,0.0,,False
7172731492,,execution_comm_change,,,0,0,5,1,False,0.0,0.0,0.0,,False
7212728432,,execution_lifecycle_change,,,0,0,0,3,True,0.0,0.0,0.0,,False
7227729776,,/evaluator_log,,,0,0,0,0,False,0.3842560946941376,0.28446173667907715,0.9482854604721069,,False
7292739381,,execution_comm_change,,,0,0,0,3,True,0.0,0.0,0.0,,False
7327740559,,/evaluator_log,,,0,0,0,0,False,0.4155115783214569,0.28498029708862305,0.9517552256584167,,False
7422732519,,/evaluator_log,,,0,0,0,0,False,0.4240991473197937,0.29732745885849,0.9522575736045837,,False
7527738267,,/evaluator_log,,,0,0,0,0,False,0.42603743076324463,0.3303266763687134,0.9531511068344116,,False
7622748782,,/evaluator_log,,,0,0,0,0,False,0.4234881103038788,0.2808062434196472,0.9550760984420776,,False
7687743398,,analyzer,SegmentationBad,enhancement_activate,18065050221179236570,3,0,0,True,0.0,0.0,0.0,,False
7722742462,,/evaluator_log,,,0,0,0,0,False,0.4416293203830719,0.33918923139572144,0.9552297592163086,,False
7822743884,,/evaluator_log,,,0,0,0,0,False,0.4312022030353546,0.29695868492126465,0.9580041170120239,,False
7922754691,,/evaluator_log,,,0,0,0,0,False,0.44759371876716614,0.32094794511795044,0.9557028412818909,,False
8027757056,,/evaluator_log,,,0,0,0,0,False,0.4442182779312134,0.3405805230140686,0.9601503610610962,,False
8127759486,,/evaluator_log,,,0,0,0,0,False,0.44215652346611023,0.30703967809677124,0.9601783156394958,,False
8222754993,,/evaluator_log,,,0,0,0,0,False,0.4557628631591797,0.37015119194984436,0.9575433731079102,,False
8322757610,,/evaluator_log,,,0,0,0,0,False,0.4529280960559845,0.34876543283462524,0.961706817150116,,False
8422763475,,/evaluator_log,,,0,0,0,0,False,0.4600904583930969,0.37970390915870667,0.9635712504386902,,False
8527762397,,/evaluator_log,,,0,0,0,0,False,0.46758291125297546,0.3982301354408264,0.9652358889579773,,False
8622767514,,/evaluator_log,,,0,0,0,0,False,0.45239898562431335,0.33521103858947754,0.9615939259529114,,False
8727769281,,/evaluator_log,,,0,0,0,0,False,0.4882969558238983,0.43772807717323303,0.9673242568969727,,False
8827770670,,/evaluator_log,,,0,0,0,0,False,0.46142083406448364,0.3444157540798187,0.965056836605072,,False
8927772389,,/evaluator_log,,,0,0,0,0,False,0.4978688359260559,0.4837903082370758,0.9667091965675354,,False
9027775410,,/evaluator_log,,,0,0,0,0,False,0.45734456181526184,0.35883742570877075,0.9652314782142639,,False
9127777726,,/evaluator_log,,,0,0,0,0,False,0.4773505926132202,0.40557241439819336,0.9674250483512878,,False
9227780483,,/evaluator_log,,,0,0,0,0,False,0.46661248803138733,0.3850823640823364,0.9663942456245422,,False
9317778960,,/evaluator_log,,,0,0,0,0,False,0.4546736776828766,0.35228320956230164,0.9689792990684509,,False
9422781066,,/evaluator_log,,,0,0,0,0,False,0.4598119556903839,0.4252646565437317,0.968919575214386,,False
9522785347,,/evaluator_log,,,0,0,0,0,False,0.4468643367290497,0.3633274435997009,0.9672258496284485,,False
9622790182,,/evaluator_log,,,0,0,0,0,False,0.49975815415382385,0.5009928941726685,0.9642271995544434,,False
9727792126,,/evaluator_log,,,0,0,0,0,False,0.4858391582965851,0.38688406348228455,0.9610425233840942,,False
9822791633,,/evaluator_log,,,0,0,0,0,False,0.5197415351867676,0.4798109531402588,0.9615465402603149,,False
9922793845,,/evaluator_log,,,0,0,0,0,False,0.4937962591648102,0.3844936490058899,0.9578230381011963,,False
10022794859,,/evaluator_log,,,0,0,0,0,False,0.5463805794715881,0.4276699423789978,0.9630013704299927,,False
10122797428,,/evaluator_log,,,0,0,0,0,False,0.5299603939056396,0.373057097196579,0.9603465795516968,,False
10222804560,,/evaluator_log,,,0,0,0,0,False,0.5718866586685181,0.4243701100349426,0.9628469944000244,,False
10322805348,,/evaluator_log,,,0,0,0,0,False,0.5629318952560425,0.3836967945098877,0.9621310830116272,,False
10422805702,,/evaluator_log,,,0,0,0,0,False,0.5516397356987,0.3866681158542633,0.9594627022743225,,False
10522809988,,/evaluator_log,,,0,0,0,0,False,0.5537683963775635,0.41883254051208496,0.9569647312164307,,False
10622821462,,/evaluator_log,,,0,0,0,0,False,0.5620639324188232,0.43535202741622925,0.9627949595451355,,False
10722822376,,/evaluator_log,,,0,0,0,0,False,0.5340873599052429,0.41607433557510376,0.9633572101593018,,False
10822817834,,/evaluator_log,,,0,0,0,0,False,0.5320068001747131,0.3897998332977295,0.9626060724258423,,False
10922819156,,/evaluator_log,,,0,0,0,0,False,0.5234842300415039,0.4318402409553528,0.9649366140365601,,False
11022818010,,/evaluator_log,,,0,0,0,0,False,0.5154664516448975,0.3802928626537323,0.9634446501731873,,False
11122824396,,/evaluator_log,,,0,0,0,0,False,0.508254885673523,0.36069291830062866,0.9652462005615234,,False
11227825755,,/evaluator_log,,,0,0,0,0,False,0.5738363265991211,0.4961129426956177,0.9686487913131714,,False
11322829977,,/evaluator_log,,,0,0,0,0,False,0.587243378162384,0.5218969583511353,0.9675613045692444,,False
11422836629,,/evaluator_log,,,0,0,0,0,False,0.5701850652694702,0.43154674768447876,0.9634823799133301,,False
11522842310,,/evaluator_log,,,0,0,0,0,False,0.5864202380180359,0.45175936818122864,0.9615538120269775,,False
11627840834,,/evaluator_log,,,0,0,0,0,False,0.5868723392486572,0.4802444577217102,0.9599023461341858,,False
11722840879,,/evaluator_log,,,0,0,0,0,False,0.5650854706764221,0.3048110008239746,0.9618743658065796,,False
11822842979,,/evaluator_log,,,0,0,0,0,False,0.5687573552131653,0.36231639981269836,0.9637286067008972,,False
11917847800,,/evaluator_log,,,0,0,0,0,False,0.5922443866729736,0.4019908905029297,0.9633986353874207,,False