timestamp,scenario,source,rule_name,strategy_name,strategy_hash,strategy_status,adaptation_type,adaptation_status,success,iou,vehicle_iou,road_iou,gt_failure_name,is_gt_failure
188588183,,/evaluator_log,,,0,0,0,0,False,0.5760819315910339,0.5962284207344055,0.965894877910614,,False
278589793,,/evaluator_log,,,0,0,0,0,False,0.5671595931053162,0.5686274170875549,0.9672755002975464,,False
323582220,,/evaluator_log,,,0,0,0,0,False,0.545677900314331,0.4438943862915039,0.9674894213676453,,False
423574446,,/evaluator_log,,,0,0,0,0,False,0.5194118618965149,0.28688523173332214,0.9694021940231323,,False
523587073,,/evaluator_log,,,0,0,0,0,False,0.5198007225990295,0.44179895520210266,0.968866765499115,,False
628630751,,/evaluator_log,,,0,0,0,0,False,0.5015838742256165,0.4618528485298157,0.9681087136268616,,False
718585408,,/evaluator_log,,,0,0,0,0,False,0.5086477994918823,0.897172212600708,0.9677104353904724,,False
823583593,,/evaluator_log,,,0,0,0,0,False,0.4836990237236023,0.45049506425857544,0.9703336954116821,,False
923603474,,/evaluator_log,,,0,0,0,0,False,0.49331140518188477,0.9029126167297363,0.9667191505432129,,False
1018593162,,/evaluator_log,,,0,0,0,0,False,0.47698304057121277,0.9146919250488281,0.9680073857307434,,False
1123592130,,/evaluator_log,,,0,0,0,0,False,0.45610830187797546,0.4545454680919647,0.9686749577522278,,False
1218598147,,/evaluator_log,,,0,0,0,0,False,0.4844760298728943,0.902222216129303,0.9658235907554626,,False
1323600750,,/evaluator_log,,,0,0,0,0,False,0.4574397802352905,0.4542553126811981,0.9668493270874023,,False
1423600244,,/evaluator_log,,,0,0,0,0,False,0.45834881067276,0.4594016969203949,0.9674288630485535,,False
1523604473,,/evaluator_log,,,0,0,0,0,False,0.48019346594810486,0.9134808778762817,0.9667693376541138,,False
1623614459,,/evaluator_log,,,0,0,0,0,False,0.45770931243896484,0.46086105704307556,0.9667565822601318,,False
1723617116,,/evaluator_log,,,0,0,0,0,False,0.4241395592689514,0.4392523467540741,0.967708170413971,,False
1823619638,,/evaluator_log,,,0,0,0,0,False,0.4286203384399414,0.46137338876724243,0.9656534790992737,,False
1923621152,,/evaluator_log,,,0,0,0,0,False,0.4646548628807068,0.9232876896858215,0.9718418121337891,,False
2003622170,_005,scenario_executor,,,0,0,0,0,False,0.0,0.0,0.0,do_drop_sensor_fusion,False
2003622170,_005,scenario_executor,,,0,0,0,0,False,0.0,0.0,0.0,image_degradation,False
2003622170,_005,scenario_executor,,,0,0,0,0,False,0.0,0.0,0.0,autofocus_needed,False
2023621795,,/evaluator_log,,,0,0,0,0,False,0.4231710433959961,0.2996389865875244,0.9687262177467346,,False
2128629202,,/evaluator_log,,,0,0,0,0,False,0.37746211886405945,0.16951219737529755,0.9683959484100342,,False
2218632359,,/evaluator_log,,,0,0,0,0,False,0.3913978338241577,0.17499999701976776,0.9646527171134949,,False
2798643756,,analyzer,AutoFocusNeeded,,0,0,0,0,False,0.0,0.0,0.0,,False
2803644064,,planning,AutoFocusNeeded,autofocus_strategy,18274997830408420195,1,0,0,False,0.0,0.0,0.0,,False
2803644064,,execution_parametrization,,,0,0,0,1,False,0.0,0.0,0.0,,False
2963646660,,analyzer,AutoFocusNeeded,autofocus_strategy,18274997830408420195,4,0,0,False,0.0,0.0,0.0,,False
3008650505,,execution_parametrization,,,0,0,0,3,True,0.0,0.0,0.0,,False
3483650640,,analyzer,AutoFocusNeeded,autofocus_strategy,18274997830408420195,5,0,0,True,0.0,0.0,0.0,,False
6293733175,,analyzer,SegmentationDead,,0,0,0,0,False,0.0,0.0,0.0,,False
6293733175,,analyzer,SensorFusionDead,,0,0,0,0,False,0.0,0.0,0.0,,False
6298733654,,planning,SensorFusionDead,sensor_fusion_restart,14489321528306928715,1,0,0,False,0.0,0.0,0.0,,False
6298733654,,execution_lifecycle_change,,,0,0,0,1,False,0.0,0.0,0.0,,False
6338731242,,execution_lifecycle_change,,,0,0,0,3,True,0.0,0.0,0.0,,False
6418723070,,/evaluator_log,,,0,0,0,0,False,0.2744635045528412,0.10497738420963287,0.4281827211380005,,False
6523735564,,/evaluator_log,,,0,0,0,0,False,0.2895734906196594,0.15740807354450226,0.4221225678920746,,False
6623731698,,/evaluator_log,,,0,0,0,0,False,0.2792864441871643,0.12616822123527527,0.4054279625415802,,False
6718734157,,/evaluator_log,,,0,0,0,0,False,0.30257168412208557,0.13679245114326477,0.4386337399482727,,False
6823742665,,/evaluator_log,,,0,0,0,0,False,0.291391521692276,0.11934156715869904,0.4043472409248352,,False
6923751661,,/evaluator_log,,,0,0,0,0,False,0.27976834774017334,0.12952381372451782,0.39385080337524414,,False
7023750790,,/evaluator_log,,,0,0,0,0,False,0.2800513207912445,0.13155555725097656,0.40100058913230896,,False
7018749492,,analyzer,SegmentationBad,,0,0,0,0,False,0.0,0.0,0.0,,False
7018749492,,analyzer,SegmentationDead,,0,5,0,0,True,0.0,0.0,0.0,,False
7018749492,,analyzer,SensorFusionDead,sensor_fusion_restart,14489321528306928715,3,0,0,True,0.0,0.0,0.0,,False
7023750790,,planning,SegmentationBad,recalibration,12522202132277569776,1,0,0,False,0.0,0.0,0.0,,False
7023750790,,execution_parametrization,,,0,0,0,1,False,0.0,0.0,0.0,,False
7103740524,,execution_parametrization,,,0,0,0,3,True,0.0,0.0,0.0,,False
7123747044,,/evaluator_log,,,0,0,0,0,False,0.27557945251464844,0.11338583379983902,0.3909289538860321,,False
7178753607,,analyzer,SegmentationBad,recalibration,12522202132277569776,4,0,0,False,0.0,0.0,0.0,,False
7183753335,,planning,SegmentationBad,enhancement_activate,18065050221179236570,1,0,0,False,0.0,0.0,0.0,,False
7183753335,,execution_lifecycle_change,,,0,0,0,1,False,0.0,0.0,0.0,,False
7183753335,,execution_comm_change,,,0,0,5,1,False,0.0,0.0,0.0,,False
7223754323,,execution_lifecycle_change,,,0,0,0,3,True,0.0,0.0,0.0,,False
7303758660,,execution_comm_change,,,0,0,0,3,True,0.0,0.0,0.0,,False
7328751757,,/evaluator_log,,,0,0,0,0,False,0.4155115783214569,0.28498029708862305,0.9517552256584167,,False
7423756470,,/evaluator_log,,,0,0,0,0,False,0.4240991473197937,0.29732745885849,0.9522575736045837,,False
7528757858,,/evaluator_log,,,0,0,0,0,False,0.42603743076324463,0.3303266763687134,0.9531511068344116,,False
7618759293,,/evaluator_log,,,0,0,0,0,False,0.4234881103038788,0.2808062434196472,0.9550760984420776,,False
7698766519,,analyzer,SegmentationBad,enhancement_activate,18065050221179236570,3,0,0,True,0.0,0.0,0.0,,False
7723763093,,/evaluator_log,,,0,0,0,0,False,0.4416293203830719,0.33918923139572144,0.9552297592163086,,False
7823771042,,/evaluator_log,,,0,0,0,0,False,0.4312022030353546,0.29695868492126465,0.9580041170120239,,False
7918764237,,/evaluator_log,,,0,0,0,0,False,0.44759371876716614,0.32094794511795044,0.9557028412818909,,False
8023774213,,/evaluator_log,,,0,0,0,0,False,0.4442182779312134,0.3405805230140686,0.9601503610610962,,False
8123776430,,/evaluator_log,,,0,0,0,0,False,0.44215652346611023,0.30703967809677124,0.9601783156394958,,False
8223778491,,/evaluator_log,,,0,0,0,0,False,0.4557628631591797,0.37015119194984436,0.9575433731079102,,False
8323775525,,/evaluator_log,,,0,0,0,0,False,0.4529280960559845,0.34876543283462524,0.961706817150116,,False
8423778422,,/evaluator_log,,,0,0,0,0,False,0.4600904583930969,0.37970390915870667,0.9635712504386902,,False
8523778035,,/evaluator_log,,,0,0,0,0,False,0.46758291125297546,0.3982301354408264,0.9652358889579773,,False
8623780802,,/evaluator_log,,,0,0,0,0,False,0.45239898562431335,0.33521103858947754,0.9615939259529114,,False
8723782955,,/evaluator_log,,,0,0,0,0,False,0.4882969558238983,0.43772807717323303,0.9673242568969727,,False
8823788731,,/evaluator_log,,,0,0,0,0,False,0.46142083406448364,0.3444157540798187,0.965056836605072,,False
8923791134,,/evaluator_log,,,0,0,0,0,False,0.4978688359260559,0.4837903082370758,0.9667091965675354,,False
9023793883,,/evaluator_log,,,0,0,0,0,False,0.45734456181526184,0.35883742570877075,0.9652314782142639,,False
9123795910,,/evaluator_log,,,0,0,0,0,False,0.4773505926132202,0.40557241439819336,0.9674250483512878,,False
9223795280,,/evaluator_log,,,0,0,0,0,False,0.46661248803138733,0.3850823640823364,0.9663942456245422,,False
9328798729,,/evaluator_log,,,0,0,0,0,False,0.4546736776828766,0.35228320956230164,0.9689792990684509,,False
9423810174,,/evaluator_log,,,0,0,0,0,False,0.4598119556903839,0.4252646565437317,0.968919575214386,,False
9528805423,,/evaluator_log,,,0,0,0,0,False,0.4468643367290497,0.3633274435997009,0.9672258496284485,,False
9623806154,,/evaluator_log,,,0,0,0,0,False,0.49975815415382385,0.5009928941726685,0.9642271995544434,,False
9723814227,,/evaluator_log,,,0,0,0,0,False,0.4858391582965851,0.38688406348228455,0.9610425233840942,,False
9823811440,,/evaluator_log,,,0,0,0,0,False,0.5197415351867676,0.4798109531402588,0.9615465402603149,,False
9923812425,,/evaluator_log,,,0,0,0,0,False,0.4937962591648102,0.3844936490058899,0.9578230381011963,,False
10018821208,,/evaluator_log,,,0,0,0,0,False,0.5463805794715881,0.4276699423789978,0.9630013704299927,,False
10123835636,,/evaluator_log,,,0,0,0,0,False,0.5299603939056396,0.373057097196579,0.9603465795516968,,False
10218825652,,/evaluator_log,,,0,0,0,0,False,0.5718866586685181,0.4243701100349426,0.9628469944000244,,False
10323830428,,/evaluator_log,,,0,0,0,0,False,0.5629318952560425,0.3836967945098877,0.9621310830116272,,False
10423826274,,/evaluator_log,,,0,0,0,0,False,0.5516397356987,0.3866681158542633,0.9594627022743225,,False
10523827655,,/evaluator_log,,,0,0,0,0,False,0.5537683963775635,0.41883254051208496,0.9569647312164307,,False
10623830022,,/evaluator_log,,,0,0,0,0,False,0.5620639324188232,0.43535202741622925,0.9627949595451355,,False
10723833425,,/evaluator_log,,,0,0,0,0,False,0.5340873599052429,0.41607433557510376,0.9633572101593018,,False
10823835002,,/evaluator_log,,,0,0,0,0,False,0.5320068001747131,0.3897998332977295,0.9626060724258423,,False
10923839621,,/evaluator_log,,,0,0,0,0,False,0.5234842300415039,0.4318402409553528,0.9649366140365601,,False
11023839858,,/evaluator_log,,,0,0,0,0,False,0.5154664516448975,0.3802928626537323,0.9634446501731873,,False
11123840125,,/evaluator_log,,,0,0,0,0,False,0.508254885673523,0.36069291830062866,0.9652462005615234,,False
11218841911,,/evaluator_log,,,0,0,0,0,False,0.5738363265991211,0.4961129426956177,0.9686487913131714,,False
11323856629,,/evaluator_log,,,0,0,0,0,False,0.587243378162384,0.5218969583511353,0.9675613045692444,,False
11423859212,,/evaluator_log,,,0,0,0,0,False,0.5701850652694702,0.43154674768447876,0.9634823799133301,,False
11523852454,,/evaluator_log,,,0,0,0,0,False,0.5864202380180359,0.45175936818122864,0.9615538120269775,,False
11623866201,,/evaluator_log,,,0,0,0,0,False,0.5868723392486572,0.4802444577217102,0.9599023461341858,,False
11723867218,,/evaluator_log,,,0,0,0,0,False,0.5650854706764221,0.3048110008239746,0.9618743658065796,,False
11823858492,,/evaluator_log,,,0,0,0,0,False,0.5687573552131653,0.36231639981269836,0.9637286067008972,,False
11923870907,,/evaluator_log,,,0,0,0,0,False,0.5922443866729736,0.4019908905029297,0.9633986353874207,,False