timestamp,scenario,source,rule_name,strategy_name,strategy_hash,strategy_status,adaptation_type,adaptation_status,success,iou,vehicle_iou,road_iou,gt_failure_name,is_gt_failure
288077802,,/evaluator_log,,,0,0,0,0,False,0.5671595931053162,0.5686274170875549,0.9672755002975464,,False
363079909,,/evaluator_log,,,0,0,0,0,False,0.545677900314331,0.4438943862915039,0.9674894213676453,,False
423091926,,/evaluator_log,,,0,0,0,0,False,0.5194118618965149,0.28688523173332214,0.9694021940231323,,False
523084957,,/evaluator_log,,,0,0,0,0,False,0.5198007225990295,0.44179895520210266,0.968866765499115,,False
618080392,,/evaluator_log,,,0,0,0,0,False,0.5015838742256165,0.4618528485298157,0.9681087136268616,,False
723085780,,/evaluator_log,,,0,0,0,0,False,0.5086477994918823,0.897172212600708,0.9677104353904724,,False
823084098,,/evaluator_log,,,0,0,0,0,False,0.4836990237236023,0.45049506425857544,0.9703336954116821,,False
923092508,,/evaluator_log,,,0,0,0,0,False,0.49331140518188477,0.9029126167297363,0.9667191505432129,,False
1018085786,,/evaluator_log,,,0,0,0,0,False,0.47698304057121277,0.9146919250488281,0.9680073857307434,,False
1123099324,,/evaluator_log,,,0,0,0,0,False,0.45610830187797546,0.4545454680919647,0.9686749577522278,,False
1218090305,,/evaluator_log,,,0,0,0,0,False,0.4844760298728943,0.902222216129303,0.9658235907554626,,False
1323097828,,/evaluator_log,,,0,0,0,0,False,0.4574397802352905,0.4542553126811981,0.9668493270874023,,False
1418096415,,/evaluator_log,,,0,0,0,0,False,0.45834881067276,0.4594016969203949,0.9674288630485535,,False
1523099393,,/evaluator_log,,,0,0,0,0,False,0.48019346594810486,0.9134808778762817,0.9667693376541138,,False
1623110953,,/evaluator_log,,,0,0,0,0,False,0.45770931243896484,0.46086105704307556,0.9667565822601318,,False
1723105123,,/evaluator_log,,,0,0,0,0,False,0.4241395592689514,0.4392523467540741,0.967708170413971,,False
1823107196,,/evaluator_log,,,0,0,0,0,False,0.4286203384399414,0.46137338876724243,0.9656534790992737,,False
1923116826,,/evaluator_log,,,0,0,0,0,False,0.4646548628807068,0.9232876896858215,0.9718418121337891,,False
2003122723,_024,scenario_executor,,,0,0,0,0,False,0.0,0.0,0.0,do_hard_drop_segmentation,False
2003122723,_024,scenario_executor,,,0,0,0,0,False,0.0,0.0,0.0,image_shift,False
2003122723,_024,scenario_executor,,,0,0,0,0,False,0.0,0.0,0.0,autofocus_needed,False
2023121845,,/evaluator_log,,,0,0,0,0,False,0.4231710433959961,0.2996389865875244,0.9687262177467346,,False
2118111855,,/evaluator_log,,,0,0,0,0,False,0.37746211886405945,0.16951219737529755,0.9683959484100342,,False
2223115961,,/evaluator_log,,,0,0,0,0,False,0.3913978338241577,0.17499999701976776,0.9646527171134949,,False
2788138194,,analyzer,AutoFocusNeeded,,0,0,0,0,False,0.0,0.0,0.0,,False
2793137902,,planning,AutoFocusNeeded,autofocus_strategy,18274997830408420195,1,0,0,False,0.0,0.0,0.0,,False
2793137902,,execution_parametrization,,,0,0,0,1,False,0.0,0.0,0.0,,False
2948143238,,analyzer,AutoFocusNeeded,autofocus_strategy,18274997830408420195,4,0,0,False,0.0,0.0,0.0,,False
2993144159,,execution_parametrization,,,0,0,0,3,True,0.0,0.0,0.0,,False
3508148482,,analyzer,AutoFocusNeeded,autofocus_strategy,18274997830408420195,5,0,0,True,0.0,0.0,0.0,,False
6318219506,,analyzer,SegmentationDead,,0,0,0,0,False,0.0,0.0,0.0,,False
6323219499,,planning,SegmentationDead,segmentation_restart,3804427162940246793,1,0,0,False,0.0,0.0,0.0,,False
6323219499,,execution_lifecycle_change,,,0,0,0,1,False,0.0,0.0,0.0,,False
6363220617,,execution_lifecycle_change,,,0,0,0,3,True,0.0,0.0,0.0,,False
7443245803,,analyzer,SegmentationDead,segmentation_restart,3804427162940246793,4,0,0,False,0.0,0.0,0.0,,False
7448243288,,planning,SegmentationDead,segmentation_redeploy,4862303032868966723,1,0,0,False,0.0,0.0,0.0,,False
7448243288,,execution_redeploy,,,0,0,4,1,False,0.0,0.0,0.0,,False
7488249568,,execution_redeploy,,,0,0,0,3,True,0.0,0.0,0.0,,False
8933290312,,/evaluator_log,,,0,0,0,0,False,0.17407657206058502,0.01793721877038479,0.277770459651947,,False
8953289094,,/evaluator_log,,,0,0,0,0,False,0.16852423548698425,0.0,0.2871776819229126,,False
8978279959,,/evaluator_log,,,0,0,0,0,False,0.17122040688991547,0.010185184888541698,0.2860873341560364,,False
8998282803,,/evaluator_log,,,0,0,0,0,False,0.16186217963695526,0.010389610193669796,0.29131069779396057,,False
9018284681,,/evaluator_log,,,0,0,0,0,False,0.16202785074710846,0.0122270742431283,0.29083478450775146,,False
9038285165,,/evaluator_log,,,0,0,0,0,False,0.16211183369159698,0.013937282375991344,0.29773059487342834,,False
9058281899,,/evaluator_log,,,0,0,0,0,False,0.15823185443878174,0.011864406988024712,0.30483734607696533,,False
9088291860,,analyzer,SegmentationBad,,0,0,0,0,False,0.0,0.0,0.0,,False
9088291860,,analyzer,SegmentationDead,segmentation_redeploy,4862303032868966723,3,0,0,True,0.0,0.0,0.0,,False
9093290982,,planning,SegmentationBad,recalibration,12522202132277569776,1,0,0,False,0.0,0.0,0.0,,False
9093290982,,execution_parametrization,,,0,0,0,1,False,0.0,0.0,0.0,,False
9123284745,,/evaluator_log,,,0,0,0,0,False,0.16398455202579498,0.01577061042189598,0.3125339150428772,,False
9173294886,,execution_parametrization,,,0,0,0,3,True,0.0,0.0,0.0,,False
9228286716,,/evaluator_log,,,0,0,0,0,False,0.46547263860702515,0.38961997628211975,0.9672508835792542,,False
9248290166,,analyzer,SegmentationBad,recalibration,12522202132277569776,4,0,0,False,0.0,0.0,0.0,,False
9253294950,,planning,SegmentationBad,enhancement_activate,18065050221179236570,1,0,0,False,0.0,0.0,0.0,,False
9253294950,,execution_lifecycle_change,,,0,0,0,1,False,0.0,0.0,0.0,,False
9253294950,,execution_comm_change,,,0,0,5,1,False,0.0,0.0,0.0,,False
9293299234,,execution_lifecycle_change,,,0,0,0,3,True,0.0,0.0,0.0,,False
9328296294,,/evaluator_log,,,0,0,0,0,False,0.2314789742231369,0.13164515793323517,0.3239499628543854,,False
9373305982,,execution_comm_change,,,0,0,0,3,True,0.0,0.0,0.0,,False
9428293962,,/evaluator_log,,,0,0,0,0,False,0.21846261620521545,0.09469309449195862,0.33504852652549744,,False
9523310003,,/evaluator_log,,,0,0,0,0,False,0.2326333373785019,0.1093023270368576,0.32765907049179077,,False
9628305384,,/evaluator_log,,,0,0,0,0,False,0.22237829864025116,0.08391920477151871,0.29860609769821167,,False
9718300065,,/evaluator_log,,,0,0,0,0,False,0.2386094033718109,0.14878326654434204,0.28641262650489807,,False
9768317308,,analyzer,SegmentationBad,enhancement_activate,18065050221179236570,4,0,0,False,0.0,0.0,0.0,,False
9773317662,,planning,SegmentationBad,enhancement_deactivate,6068492346804393418,1,0,0,False,0.0,0.0,0.0,,False
9773317662,,execution_lifecycle_change,,,0,0,0,1,False,0.0,0.0,0.0,,False
9773317662,,execution_comm_change,,,0,0,5,1,False,0.0,0.0,0.0,,False
9828303436,,/evaluator_log,,,0,0,0,0,False,0.519437313079834,0.47815030813217163,0.9615973234176636,,False
9813316540,,execution_lifecycle_change,,,0,0,0,3,True,0.0,0.0,0.0,,False
9813316540,,execution_comm_change,,,0,0,0,3,True,0.0,0.0,0.0,,False
9923308459,,/evaluator_log,,,0,0,0,0,False,0.49399033188819885,0.39067286252975464,0.9574486613273621,,False
10018312083,,/evaluator_log,,,0,0,0,0,False,0.551734983921051,0.4279610216617584,0.9633907675743103,,False
10123318479,,/evaluator_log,,,0,0,0,0,False,0.5327369570732117,0.37139949202537537,0.9602189660072327,,False
10228320053,,/evaluator_log,,,0,0,0,0,False,0.5704673528671265,0.424711138010025,0.9632976651191711,,False
10293321688,,analyzer,SegmentationBad,enhancement_deactivate,6068492346804393418,4,0,0,False,0.0,0.0,0.0,,False
10328329333,,/evaluator_log,,,0,0,0,0,False,0.5610747933387756,0.38389039039611816,0.9621719717979431,,False
10423330296,,/evaluator_log,,,0,0,0,0,False,0.5534223914146423,0.3876679837703705,0.9594648480415344,,False
10493321148,,analyzer,SegmentationBad,enhancement_deactivate,6068492346804393418,5,0,0,True,0.0,0.0,0.0,,False
10523322440,,/evaluator_log,,,0,0,0,0,False,0.5556563138961792,0.42286211252212524,0.9566220641136169,,False
10623320466,,/evaluator_log,,,0,0,0,0,False,0.5632450580596924,0.43449315428733826,0.9620418548583984,,False
10718324444,,/evaluator_log,,,0,0,0,0,False,0.5353007316589355,0.4126400351524353,0.963342547416687,,False
10823334298,,/evaluator_log,,,0,0,0,0,False,0.5320450067520142,0.38646215200424194,0.9627526998519897,,False
10923331056,,/evaluator_log,,,0,0,0,0,False,0.5238173604011536,0.4320572018623352,0.9650732278823853,,False
11023334177,,/evaluator_log,,,0,0,0,0,False,0.5160365104675293,0.3804587125778198,0.9634841680526733,,False
11123334259,,/evaluator_log,,,0,0,0,0,False,0.5057550072669983,0.3639383912086487,0.9654583930969238,,False
11223340802,,/evaluator_log,,,0,0,0,0,False,0.5662713050842285,0.49536705017089844,0.9688345193862915,,False
11323341312,,/evaluator_log,,,0,0,0,0,False,0.5865868330001831,0.5188175439834595,0.9681499004364014,,False
11423344110,,/evaluator_log,,,0,0,0,0,False,0.5707964301109314,0.43216556310653687,0.9635513424873352,,False
11518344337,,/evaluator_log,,,0,0,0,0,False,0.5875735282897949,0.4528311789035797,0.9618960022926331,,False
11623353457,,/evaluator_log,,,0,0,0,0,False,0.5856846570968628,0.48813220858573914,0.9598498940467834,,False
11718352244,,/evaluator_log,,,0,0,0,0,False,0.5657806396484375,0.3065291941165924,0.963188648223877,,False
11818349124,,/evaluator_log,,,0,0,0,0,False,0.5658621788024902,0.3665866553783417,0.9639289379119873,,False
11923354354,,/evaluator_log,,,0,0,0,0,False,0.5920716524124146,0.41143354773521423,0.9646346569061279,,False