timestamp,scenario,source,rule_name,strategy_name,strategy_hash,strategy_status,adaptation_type,adaptation_status,success,iou,vehicle_iou,road_iou,gt_failure_name,is_gt_failure
597715009,,/evaluator_log,,,0,0,0,0,False,0.5198007225990295,0.44179895520210266,0.968866765499115,,False
682710049,,/evaluator_log,,,0,0,0,0,False,0.5015838742256165,0.4618528485298157,0.9681087136268616,,False
692708175,,analyzer,SegmentationDead,,0,0,0,0,False,0.0,0.0,0.0,,False
692708175,,analyzer,SensorFusionDead,,0,0,0,0,False,0.0,0.0,0.0,,False
697709833,,planning,SensorFusionDead,sensor_fusion_restart,14489321528306928715,1,0,0,False,0.0,0.0,0.0,,False
697709833,,execution_lifecycle_change,,,0,0,0,1,False,0.0,0.0,0.0,,False
722708329,,/evaluator_log,,,0,0,0,0,False,0.5086477994918823,0.897172212600708,0.9677104353904724,,False
732709576,,execution_lifecycle_change,,,0,0,0,3,True,0.0,0.0,0.0,,False
817717219,,/evaluator_log,,,0,0,0,0,False,0.4836990237236023,0.45049506425857544,0.9703336954116821,,False
922722553,,/evaluator_log,,,0,0,0,0,False,0.49331140518188477,0.9029126167297363,0.9667191505432129,,False
1017716715,,/evaluator_log,,,0,0,0,0,False,0.47698304057121277,0.9146919250488281,0.9680073857307434,,False
1122723255,,/evaluator_log,,,0,0,0,0,False,0.45610830187797546,0.4545454680919647,0.9686749577522278,,False
1227722415,,/evaluator_log,,,0,0,0,0,False,0.4844760298728943,0.902222216129303,0.9658235907554626,,False
1322722661,,/evaluator_log,,,0,0,0,0,False,0.4574397802352905,0.4542553126811981,0.9668493270874023,,False
1422734718,,/evaluator_log,,,0,0,0,0,False,0.45834881067276,0.4594016969203949,0.9674288630485535,,False
1412728118,,analyzer,SegmentationDead,,0,5,0,0,True,0.0,0.0,0.0,,False
1412728118,,analyzer,SensorFusionDead,sensor_fusion_restart,14489321528306928715,3,0,0,True,0.0,0.0,0.0,,False
1522738624,,/evaluator_log,,,0,0,0,0,False,0.48019346594810486,0.9134808778762817,0.9667693376541138,,False
1617731678,,/evaluator_log,,,0,0,0,0,False,0.45770931243896484,0.46086105704307556,0.9667565822601318,,False
1717736572,,/evaluator_log,,,0,0,0,0,False,0.4241395592689514,0.4392523467540741,0.967708170413971,,False
1822744828,,/evaluator_log,,,0,0,0,0,False,0.4286203384399414,0.46137338876724243,0.9656534790992737,,False
1922747854,,/evaluator_log,,,0,0,0,0,False,0.4646548628807068,0.9232876896858215,0.9718418121337891,,False
2002746907,_025,scenario_executor,,,0,0,0,0,False,0.0,0.0,0.0,do_drop_rgb_camera,False
2002746907,_025,scenario_executor,,,0,0,0,0,False,0.0,0.0,0.0,image_degradation,False
2002746907,_025,scenario_executor,,,0,0,0,0,False,0.0,0.0,0.0,autofocus_needed,False
2022741520,,/evaluator_log,,,0,0,0,0,False,0.4231710433959961,0.2996389865875244,0.9687262177467346,,False
2122744258,,/evaluator_log,,,0,0,0,0,False,0.37746211886405945,0.16951219737529755,0.9683959484100342,,False
2227746718,,/evaluator_log,,,0,0,0,0,False,0.3913978338241577,0.17499999701976776,0.9646527171134949,,False
2817766880,,analyzer,AutoFocusNeeded,,0,0,0,0,False,0.0,0.0,0.0,,False
2822769164,,planning,AutoFocusNeeded,autofocus_strategy,18274997830408420195,1,0,0,False,0.0,0.0,0.0,,False
2822769164,,execution_parametrization,,,0,0,0,1,False,0.0,0.0,0.0,,False
2977769759,,analyzer,AutoFocusNeeded,autofocus_strategy,18274997830408420195,4,0,0,False,0.0,0.0,0.0,,False
3022764120,,execution_parametrization,,,0,0,0,3,True,0.0,0.0,0.0,,False
3497781832,,analyzer,AutoFocusNeeded,autofocus_strategy,18274997830408420195,5,0,0,True,0.0,0.0,0.0,,False
6307854269,,analyzer,SegmentationDead,,0,0,0,0,False,0.0,0.0,0.0,,False
6307854269,,analyzer,RGBDead,,0,0,0,0,False,0.0,0.0,0.0,,False
6307854269,,analyzer,SensorFusionDead,,0,0,0,0,False,0.0,0.0,0.0,,False
6312854293,,planning,RGBDead,rgb_restart,1868166445098897378,1,0,0,False,0.0,0.0,0.0,,False
6312854293,,execution_lifecycle_change,,,0,0,0,1,False,0.0,0.0,0.0,,False
6352855181,,execution_lifecycle_change,,,0,0,0,3,True,0.0,0.0,0.0,,False
6427857233,,/evaluator_log,,,0,0,0,0,False,0.4147832989692688,0.20007747411727905,0.9381876587867737,,False
6522859671,,/evaluator_log,,,0,0,0,0,False,0.4201296865940094,0.368969202041626,0.9281857013702393,,False
6622856861,,/evaluator_log,,,0,0,0,0,False,0.39345934987068176,0.2521990239620209,0.9468533992767334,,False
6722864904,,/evaluator_log,,,0,0,0,0,False,0.3998664617538452,0.21106691658496857,0.9457409977912903,,False
6827856827,,/evaluator_log,,,0,0,0,0,False,0.4139847755432129,0.24704048037528992,0.9495913982391357,,False
6922860048,,/evaluator_log,,,0,0,0,0,False,0.3893387019634247,0.23976947367191315,0.9465800523757935,,False
6992861937,,analyzer,SegmentationDead,,0,5,0,0,True,0.0,0.0,0.0,,False
6992861937,,analyzer,RGBDead,rgb_restart,1868166445098897378,3,0,0,True,0.0,0.0,0.0,,False
6992861937,,analyzer,SensorFusionDead,sensor_fusion_restart,14489321528306928715,5,0,0,True,0.0,0.0,0.0,,False
7017866125,,/evaluator_log,,,0,0,0,0,False,0.3912670314311981,0.2369515299797058,0.9496628642082214,,False
7127869062,,/evaluator_log,,,0,0,0,0,False,0.4032110571861267,0.26765909790992737,0.9474251866340637,,False
7222871023,,/evaluator_log,,,0,0,0,0,False,0.38338547945022583,0.2840958535671234,0.9484957456588745,,False
7327869016,,/evaluator_log,,,0,0,0,0,False,0.41639602184295654,0.2879805564880371,0.9517056345939636,,False
7427881891,,/evaluator_log,,,0,0,0,0,False,0.424153208732605,0.29670196771621704,0.9530133008956909,,False
7527874320,,/evaluator_log,,,0,0,0,0,False,0.426795095205307,0.33121785521507263,0.9534023404121399,,False
7627886889,,/evaluator_log,,,0,0,0,0,False,0.42316868901252747,0.28054511547088623,0.9555307626724243,,False
7722882395,,/evaluator_log,,,0,0,0,0,False,0.4409646689891815,0.33961543440818787,0.9560065269470215,,False
7822886118,,/evaluator_log,,,0,0,0,0,False,0.43134281039237976,0.2972368001937866,0.9591066837310791,,False
7927894399,,/evaluator_log,,,0,0,0,0,False,0.44646450877189636,0.3207589387893677,0.9559241533279419,,False
8017896100,,/evaluator_log,,,0,0,0,0,False,0.4437415301799774,0.3419087529182434,0.9608631730079651,,False
8122894123,,/evaluator_log,,,0,0,0,0,False,0.4430220425128937,0.3080581724643707,0.9604398608207703,,False
8222893352,,/evaluator_log,,,0,0,0,0,False,0.4551345109939575,0.36759430170059204,0.9591035842895508,,False
8322891867,,/evaluator_log,,,0,0,0,0,False,0.4559057950973511,0.3594442307949066,0.9636080861091614,,False
8422900809,,/evaluator_log,,,0,0,0,0,False,0.4596579670906067,0.3800433278083801,0.9636586904525757,,False
8517908310,,/evaluator_log,,,0,0,0,0,False,0.46794673800468445,0.4033689498901367,0.9649502038955688,,False
8622913127,,/evaluator_log,,,0,0,0,0,False,0.45234566926956177,0.3355863392353058,0.9629867076873779,,False
8717905897,,/evaluator_log,,,0,0,0,0,False,0.4877084791660309,0.43717899918556213,0.9680591225624084,,False
8822904990,,/evaluator_log,,,0,0,0,0,False,0.4612421691417694,0.34456005692481995,0.965181291103363,,False
8927909817,,/evaluator_log,,,0,0,0,0,False,0.499737948179245,0.48425722122192383,0.9670722484588623,,False
9022923567,,/evaluator_log,,,0,0,0,0,False,0.4603850543498993,0.3645164370536804,0.9652621150016785,,False
9127915999,,/evaluator_log,,,0,0,0,0,False,0.4727987051010132,0.4055577218532562,0.9681664109230042,,False
9222926019,,/evaluator_log,,,0,0,0,0,False,0.46547263860702515,0.38961997628211975,0.9672508835792542,,False
9327928442,,/evaluator_log,,,0,0,0,0,False,0.45115289092063904,0.35185760259628296,0.9684074521064758,,False
9427921359,,/evaluator_log,,,0,0,0,0,False,0.46166688203811646,0.43068814277648926,0.969184398651123,,False
9527931399,,/evaluator_log,,,0,0,0,0,False,0.4435615837574005,0.3625306189060211,0.9669032692909241,,False
9622928458,,/evaluator_log,,,0,0,0,0,False,0.502025306224823,0.49999529123306274,0.9640979766845703,,False
9727940716,,/evaluator_log,,,0,0,0,0,False,0.4847239553928375,0.38745155930519104,0.961153507232666,,False
9817941262,,/evaluator_log,,,0,0,0,0,False,0.519437313079834,0.47815030813217163,0.9615973234176636,,False
9927933974,,/evaluator_log,,,0,0,0,0,False,0.49399033188819885,0.39067286252975464,0.9574486613273621,,False
10022944398,,/evaluator_log,,,0,0,0,0,False,0.551734983921051,0.4279610216617584,0.9633907675743103,,False
10122938582,,/evaluator_log,,,0,0,0,0,False,0.5327369570732117,0.37139949202537537,0.9602189660072327,,False
10222944445,,/evaluator_log,,,0,0,0,0,False,0.5704673528671265,0.424711138010025,0.9632976651191711,,False
10322948189,,/evaluator_log,,,0,0,0,0,False,0.5610747933387756,0.38389039039611816,0.9621719717979431,,False
10422949688,,/evaluator_log,,,0,0,0,0,False,0.5534223914146423,0.3876679837703705,0.9594648480415344,,False
10522950074,,/evaluator_log,,,0,0,0,0,False,0.5556563138961792,0.42286211252212524,0.9566220641136169,,False
10622954967,,/evaluator_log,,,0,0,0,0,False,0.5632450580596924,0.43449315428733826,0.9620418548583984,,False
10722954963,,/evaluator_log,,,0,0,0,0,False,0.5353007316589355,0.4126400351524353,0.963342547416687,,False
10822958644,,/evaluator_log,,,0,0,0,0,False,0.5320450067520142,0.38646215200424194,0.9627526998519897,,False
10922958714,,/evaluator_log,,,0,0,0,0,False,0.5238173604011536,0.4320572018623352,0.9650732278823853,,False
11022961300,,/evaluator_log,,,0,0,0,0,False,0.5160365104675293,0.3804587125778198,0.9634841680526733,,False
11122961683,,/evaluator_log,,,0,0,0,0,False,0.5057550072669983,0.3639383912086487,0.9654583930969238,,False
11222970673,,/evaluator_log,,,0,0,0,0,False,0.5662713050842285,0.49536705017089844,0.9688345193862915,,False
11322968778,,/evaluator_log,,,0,0,0,0,False,0.5865868330001831,0.5188175439834595,0.9681499004364014,,False
11422972426,,/evaluator_log,,,0,0,0,0,False,0.5707964301109314,0.43216556310653687,0.9635513424873352,,False
11522981552,,/evaluator_log,,,0,0,0,0,False,0.5875735282897949,0.4528311789035797,0.9618960022926331,,False
11622984998,,/evaluator_log,,,0,0,0,0,False,0.5856846570968628,0.48813220858573914,0.9598498940467834,,False
11722986981,,/evaluator_log,,,0,0,0,0,False,0.5657806396484375,0.3065291941165924,0.963188648223877,,False
11822989963,,/evaluator_log,,,0,0,0,0,False,0.5658621788024902,0.3665866553783417,0.9639289379119873,,False
11922986589,,/evaluator_log,,,0,0,0,0,False,0.5920716524124146,0.41143354773521423,0.9646346569061279,,False