timestamp,scenario,source,rule_name,strategy_name,strategy_hash,strategy_status,adaptation_type,adaptation_status,success,iou,vehicle_iou,road_iou,gt_failure_name,is_gt_failure
297071523,,/evaluator_log,,,0,0,0,0,False,0.5671595931053162,0.5686274170875549,0.9672755002975464,,False
377087863,,/evaluator_log,,,0,0,0,0,False,0.545677900314331,0.4438943862915039,0.9674894213676453,,False
422081644,,/evaluator_log,,,0,0,0,0,False,0.5194118618965149,0.28688523173332214,0.9694021940231323,,False
517083372,,/evaluator_log,,,0,0,0,0,False,0.5198007225990295,0.44179895520210266,0.968866765499115,,False
622088670,,/evaluator_log,,,0,0,0,0,False,0.5015838742256165,0.4618528485298157,0.9681087136268616,,False
722087204,,/evaluator_log,,,0,0,0,0,False,0.5086477994918823,0.897172212600708,0.9677104353904724,,False
822090342,,/evaluator_log,,,0,0,0,0,False,0.4836990237236023,0.45049506425857544,0.9703336954116821,,False
922088794,,/evaluator_log,,,0,0,0,0,False,0.49331140518188477,0.9029126167297363,0.9667191505432129,,False
1027093058,,/evaluator_log,,,0,0,0,0,False,0.47698304057121277,0.9146919250488281,0.9680073857307434,,False
1117098617,,/evaluator_log,,,0,0,0,0,False,0.45610830187797546,0.4545454680919647,0.9686749577522278,,False
1217100569,,/evaluator_log,,,0,0,0,0,False,0.4844760298728943,0.902222216129303,0.9658235907554626,,False
1327102744,,/evaluator_log,,,0,0,0,0,False,0.4574397802352905,0.4542553126811981,0.9668493270874023,,False
1427105096,,/evaluator_log,,,0,0,0,0,False,0.45834881067276,0.4594016969203949,0.9674288630485535,,False
1522101544,,/evaluator_log,,,0,0,0,0,False,0.48019346594810486,0.9134808778762817,0.9667693376541138,,False
1617116369,,/evaluator_log,,,0,0,0,0,False,0.45770931243896484,0.46086105704307556,0.9667565822601318,,False
1722120509,,/evaluator_log,,,0,0,0,0,False,0.4241395592689514,0.4392523467540741,0.967708170413971,,False
1822115266,,/evaluator_log,,,0,0,0,0,False,0.4286203384399414,0.46137338876724243,0.9656534790992737,,False
1917113357,,/evaluator_log,,,0,0,0,0,False,0.4646548628807068,0.9232876896858215,0.9718418121337891,,False
2002125690,_009,scenario_executor,,,0,0,0,0,False,0.0,0.0,0.0,do_drop_segmentation,False
2002125690,_009,scenario_executor,,,0,0,0,0,False,0.0,0.0,0.0,image_degradation,False
2002125690,_009,scenario_executor,,,0,0,0,0,False,0.0,0.0,0.0,autofocus_needed,False
2022124203,,/evaluator_log,,,0,0,0,0,False,0.4231710433959961,0.2996389865875244,0.9687262177467346,,False
2117117474,,/evaluator_log,,,0,0,0,0,False,0.37746211886405945,0.16951219737529755,0.9683959484100342,,False
2222119478,,/evaluator_log,,,0,0,0,0,False,0.3913978338241577,0.17499999701976776,0.9646527171134949,,False
2817151250,,analyzer,AutoFocusNeeded,,0,0,0,0,False,0.0,0.0,0.0,,False
2822148226,,planning,AutoFocusNeeded,autofocus_strategy,18274997830408420195,1,0,0,False,0.0,0.0,0.0,,False
2822148226,,execution_parametrization,,,0,0,0,1,False,0.0,0.0,0.0,,False
2977138980,,analyzer,AutoFocusNeeded,autofocus_strategy,18274997830408420195,4,0,0,False,0.0,0.0,0.0,,False
3022141256,,execution_parametrization,,,0,0,0,3,True,0.0,0.0,0.0,,False
3502153472,,analyzer,AutoFocusNeeded,autofocus_strategy,18274997830408420195,5,0,0,True,0.0,0.0,0.0,,False
6307231850,,analyzer,SegmentationDead,,0,0,0,0,False,0.0,0.0,0.0,,False
6312226636,,planning,SegmentationDead,segmentation_restart,3804427162940246793,1,0,0,False,0.0,0.0,0.0,,False
6312226636,,execution_lifecycle_change,,,0,0,0,1,False,0.0,0.0,0.0,,False
6352228096,,execution_lifecycle_change,,,0,0,0,3,True,0.0,0.0,0.0,,False
6427223893,,/evaluator_log,,,0,0,0,0,False,0.2744635045528412,0.10497738420963287,0.4281827211380005,,False
6527230025,,/evaluator_log,,,0,0,0,0,False,0.2895734906196594,0.15740807354450226,0.4221225678920746,,False
6627230015,,/evaluator_log,,,0,0,0,0,False,0.2792864441871643,0.12616822123527527,0.4054279625415802,,False
6717226910,,/evaluator_log,,,0,0,0,0,False,0.30257168412208557,0.13679245114326477,0.4386337399482727,,False
6822239986,,/evaluator_log,,,0,0,0,0,False,0.291391521692276,0.11934156715869904,0.4043472409248352,,False
6927230816,,/evaluator_log,,,0,0,0,0,False,0.27976834774017334,0.12952381372451782,0.39385080337524414,,False
6992239372,,analyzer,SegmentationBad,,0,0,0,0,False,0.0,0.0,0.0,,False
6992239372,,analyzer,SegmentationDead,segmentation_restart,3804427162940246793,3,0,0,True,0.0,0.0,0.0,,False
6997239380,,planning,SegmentationBad,recalibration,12522202132277569776,1,0,0,False,0.0,0.0,0.0,,False
6997239380,,execution_parametrization,,,0,0,0,1,False,0.0,0.0,0.0,,False
7027239849,,/evaluator_log,,,0,0,0,0,False,0.2800513207912445,0.13155555725097656,0.40100058913230896,,False
7037243949,,execution_parametrization,,,0,0,0,3,True,0.0,0.0,0.0,,False
7127243878,,/evaluator_log,,,0,0,0,0,False,0.27557945251464844,0.11338583379983902,0.3909289538860321,,False
7152240958,,analyzer,SegmentationBad,recalibration,12522202132277569776,4,0,0,False,0.0,0.0,0.0,,False
7157237272,,planning,SegmentationBad,enhancement_activate,18065050221179236570,1,0,0,False,0.0,0.0,0.0,,False
7157237272,,execution_lifecycle_change,,,0,0,0,1,False,0.0,0.0,0.0,,False
7157237272,,execution_comm_change,,,0,0,5,1,False,0.0,0.0,0.0,,False
7197242069,,execution_lifecycle_change,,,0,0,0,3,True,0.0,0.0,0.0,,False
7227242672,,/evaluator_log,,,0,0,0,0,False,0.3842560946941376,0.28446173667907715,0.9482854604721069,,False
7237244260,,execution_comm_change,,,0,0,0,3,True,0.0,0.0,0.0,,False
7322250141,,/evaluator_log,,,0,0,0,0,False,0.4155115783214569,0.28498029708862305,0.9517552256584167,,False
7427253028,,/evaluator_log,,,0,0,0,0,False,0.4240991473197937,0.29732745885849,0.9522575736045837,,False
7527245017,,/evaluator_log,,,0,0,0,0,False,0.42603743076324463,0.3303266763687134,0.9531511068344116,,False
7622257028,,/evaluator_log,,,0,0,0,0,False,0.4234881103038788,0.2808062434196472,0.9550760984420776,,False
7672257741,,analyzer,SegmentationBad,enhancement_activate,18065050221179236570,4,0,0,False,0.0,0.0,0.0,,False
7677252690,,planning,SegmentationBad,enhancement_deactivate,6068492346804393418,1,0,0,False,0.0,0.0,0.0,,False
7677252690,,execution_lifecycle_change,,,0,0,0,1,False,0.0,0.0,0.0,,False
7677252690,,execution_comm_change,,,0,0,5,1,False,0.0,0.0,0.0,,False
7722251641,,/evaluator_log,,,0,0,0,0,False,0.26614922285079956,0.13025209307670593,0.3872148096561432,,False
7712255798,,analyzer,SegmentationBad,enhancement_deactivate,6068492346804393418,3,0,0,True,0.0,0.0,0.0,,False
7717256089,,execution_lifecycle_change,,,0,0,0,3,True,0.0,0.0,0.0,,False
7717256089,,execution_comm_change,,,0,0,0,3,True,0.0,0.0,0.0,,False
7827255020,,/evaluator_log,,,0,0,0,0,False,0.2588285207748413,0.09969040006399155,0.37566471099853516,,False
7922265334,,/evaluator_log,,,0,0,0,0,False,0.25158560276031494,0.08517350256443024,0.34127143025398254,,False
8022266863,,/evaluator_log,,,0,0,0,0,False,0.2626692056655884,0.13359683752059937,0.36353716254234314,,False
8117261721,,/evaluator_log,,,0,0,0,0,False,0.25791415572166443,0.1167382001876831,0.3352195620536804,,False
8227272565,,/evaluator_log,,,0,0,0,0,False,0.26095810532569885,0.15023042261600494,0.29671812057495117,,False
8327274674,,/evaluator_log,,,0,0,0,0,False,0.2559213936328888,0.11821862310171127,0.2919876277446747,,False
8392276267,,analyzer,SegmentationBad,,0,0,0,0,False,0.0,0.0,0.0,,False
8397276295,,planning,SegmentationBad,recalibration,12522202132277569776,1,0,0,False,0.0,0.0,0.0,,False
8397276295,,execution_parametrization,,,0,0,0,1,False,0.0,0.0,0.0,,False
8427277034,,/evaluator_log,,,0,0,0,0,False,0.25503596663475037,0.13773584365844727,0.276583194732666,,False
8527271082,,/evaluator_log,,,0,0,0,0,False,0.2555064857006073,0.1303030252456665,0.25887128710746765,,False
8522274078,,execution_parametrization,,,0,0,0,3,True,0.0,0.0,0.0,,False
8557326833,,analyzer,SegmentationBad,recalibration,12522202132277569776,4,0,0,False,0.0,0.0,0.0,,False
8562270479,,planning,SegmentationBad,enhancement_activate,18065050221179236570,1,0,0,False,0.0,0.0,0.0,,False
8562270479,,execution_lifecycle_change,,,0,0,0,1,False,0.0,0.0,0.0,,False
8562270479,,execution_comm_change,,,0,0,5,1,False,0.0,0.0,0.0,,False
8602275097,,execution_lifecycle_change,,,0,0,0,3,True,0.0,0.0,0.0,,False
8617271032,,/evaluator_log,,,0,0,0,0,False,0.45239898562431335,0.33521103858947754,0.9615939259529114,,False
8642275026,,execution_comm_change,,,0,0,0,3,True,0.0,0.0,0.0,,False
8722275496,,/evaluator_log,,,0,0,0,0,False,0.4882969558238983,0.43772807717323303,0.9673242568969727,,False
8827277202,,/evaluator_log,,,0,0,0,0,False,0.46142083406448364,0.3444157540798187,0.965056836605072,,False
8922288025,,/evaluator_log,,,0,0,0,0,False,0.4978688359260559,0.4837903082370758,0.9667091965675354,,False
9027290653,,/evaluator_log,,,0,0,0,0,False,0.45734456181526184,0.35883742570877075,0.9652314782142639,,False
9077291687,,analyzer,SegmentationBad,enhancement_activate,18065050221179236570,4,0,0,False,0.0,0.0,0.0,,False
9082291779,,planning,SegmentationBad,enhancement_deactivate,6068492346804393418,1,0,0,False,0.0,0.0,0.0,,False
9082291779,,execution_lifecycle_change,,,0,0,0,1,False,0.0,0.0,0.0,,False
9082291779,,execution_comm_change,,,0,0,5,1,False,0.0,0.0,0.0,,False
9117292736,,analyzer,SegmentationBad,enhancement_deactivate,6068492346804393418,3,0,0,True,0.0,0.0,0.0,,False
9122292798,,execution_lifecycle_change,,,0,0,0,3,True,0.0,0.0,0.0,,False
9122292798,,execution_comm_change,,,0,0,0,3,True,0.0,0.0,0.0,,False
9222286731,,/evaluator_log,,,0,0,0,0,False,0.2915135324001312,0.1305343508720398,0.2317647486925125,,False
9322297909,,/evaluator_log,,,0,0,0,0,False,0.2985426187515259,0.14600761234760284,0.2788946330547333,,False
9422293882,,/evaluator_log,,,0,0,0,0,False,0.28176772594451904,0.11945392936468124,0.23734357953071594,,False
9522302107,,/evaluator_log,,,0,0,0,0,False,0.29929491877555847,0.14763636887073517,0.2684652805328369,,False
9627304940,,/evaluator_log,,,0,0,0,0,False,0.2903859317302704,0.12829254567623138,0.23509694635868073,,False
9722307021,,/evaluator_log,,,0,0,0,0,False,0.29687657952308655,0.14274880290031433,0.2631073594093323,,False
9797307597,,analyzer,SegmentationBad,,0,0,0,0,False,0.0,0.0,0.0,,False
9802307361,,planning,SegmentationBad,recalibration,12522202132277569776,1,0,0,False,0.0,0.0,0.0,,False
9802307361,,execution_parametrization,,,0,0,0,1,False,0.0,0.0,0.0,,False
9827301786,,/evaluator_log,,,0,0,0,0,False,0.28034496307373047,0.13655319809913635,0.2362108826637268,,False
9922303262,,/evaluator_log,,,0,0,0,0,False,0.2794826626777649,0.14754870533943176,0.27182841300964355,,False
9922303262,,execution_parametrization,,,0,0,0,3,True,0.0,0.0,0.0,,False
9957314533,,analyzer,SegmentationBad,recalibration,12522202132277569776,4,0,0,False,0.0,0.0,0.0,,False
9962314316,,planning,SegmentationBad,enhancement_activate,18065050221179236570,1,0,0,False,0.0,0.0,0.0,,False
9962314316,,execution_lifecycle_change,,,0,0,0,1,False,0.0,0.0,0.0,,False
9962314316,,execution_comm_change,,,0,0,5,1,False,0.0,0.0,0.0,,False
10007317851,,execution_lifecycle_change,,,0,0,0,3,True,0.0,0.0,0.0,,False
10022314761,,/evaluator_log,,,0,0,0,0,False,0.5463805794715881,0.4276699423789978,0.9630013704299927,,False
10047315441,,execution_comm_change,,,0,0,0,3,True,0.0,0.0,0.0,,False
10127317459,,/evaluator_log,,,0,0,0,0,False,0.5299603939056396,0.373057097196579,0.9603465795516968,,False
10227319538,,/evaluator_log,,,0,0,0,0,False,0.5718866586685181,0.4243701100349426,0.9628469944000244,,False
10327321838,,/evaluator_log,,,0,0,0,0,False,0.5629318952560425,0.3836967945098877,0.9621310830116272,,False
10422325178,,/evaluator_log,,,0,0,0,0,False,0.5516397356987,0.3866681158542633,0.9594627022743225,,False
10482326303,,analyzer,SegmentationBad,enhancement_activate,18065050221179236570,3,0,0,True,0.0,0.0,0.0,,False
10522328043,,/evaluator_log,,,0,0,0,0,False,0.5537683963775635,0.41883254051208496,0.9569647312164307,,False
10622325261,,/evaluator_log,,,0,0,0,0,False,0.5620639324188232,0.43535202741622925,0.9627949595451355,,False
10722328959,,/evaluator_log,,,0,0,0,0,False,0.5340873599052429,0.41607433557510376,0.9633572101593018,,False
10822324805,,/evaluator_log,,,0,0,0,0,False,0.5320068001747131,0.3897998332977295,0.9626060724258423,,False
10922337982,,/evaluator_log,,,0,0,0,0,False,0.5234842300415039,0.4318402409553528,0.9649366140365601,,False
11017328988,,/evaluator_log,,,0,0,0,0,False,0.5154664516448975,0.3802928626537323,0.9634446501731873,,False
11122332768,,/evaluator_log,,,0,0,0,0,False,0.508254885673523,0.36069291830062866,0.9652462005615234,,False
11217333355,,/evaluator_log,,,0,0,0,0,False,0.5738363265991211,0.4961129426956177,0.9686487913131714,,False
11322337313,,/evaluator_log,,,0,0,0,0,False,0.587243378162384,0.5218969583511353,0.9675613045692444,,False
11422339952,,/evaluator_log,,,0,0,0,0,False,0.5701850652694702,0.43154674768447876,0.9634823799133301,,False
11522344639,,/evaluator_log,,,0,0,0,0,False,0.5864202380180359,0.45175936818122864,0.9615538120269775,,False
11622349120,,/evaluator_log,,,0,0,0,0,False,0.5868723392486572,0.4802444577217102,0.9599023461341858,,False
11722354319,,/evaluator_log,,,0,0,0,0,False,0.5650854706764221,0.3048110008239746,0.9618743658065796,,False
11822351774,,/evaluator_log,,,0,0,0,0,False,0.5687573552131653,0.36231639981269836,0.9637286067008972,,False
11927359967,,/evaluator_log,,,0,0,0,0,False,0.5922443866729736,0.4019908905029297,0.9633986353874207,,False